$MeshFormat
2.2 0 8
$EndMeshFormat
$Nodes
4519
1 0 0 0
2 0.0101010101010101 0.0170391066289795 0
3 0.0202020202020202 0.0235946235012822 0
4 0.0303030303030303 0.0283909837406129 0
5 0.0404040404040404 0.0322578418328128 0
6 0.0505050505050505 0.0355171757256882 0
7 0.0606060606060606 0.0383345960983749 0
8 0.0707070707070707 0.0408088750017606 0
9 0.0808080808080808 0.0430046964516626 0
10 0.0909090909090909 0.0449672713859799 0
11 0.101010101010101 0.0467297620724938 0
12 0.111111111111111 0.0483174183147915 0
13 0.121212121212121 0.0497500475001336 0
14 0.131313131313131 0.0510435720297387 0
15 0.141414141414141 0.0522110552507986 0
16 0.151515151515152 0.0532634020791565 0
17 0.161616161616162 0.0542098521507064 0
18 0.171717171717172 0.0550583359885477 0
19 0.181818181818182 0.0558157380066927 0
20 0.191919191919192 0.0564880945090094 0
21 0.202020202020202 0.0570807453044158 0
22 0.212121212121212 0.0575984515656535 0
23 0.222222222222222 0.0580454886868698 0
24 0.232323232323232 0.0584257203317756 0
25 0.242424242424242 0.0587426581295799 0
26 0.252525252525253 0.0589995102789613 0
27 0.262626262626263 0.0591992214796321 0
28 0.272727272727273 0.0593445060109802 0
29 0.282828282828283 0.0594378753426437 0
30 0.292929292929293 0.0594816613428049 0
31 0.303030303030303 0.0594780359128567 0
32 0.313131313131313 0.0594290276988287 0
33 0.323232323232323 0.0593365363945357 0
34 0.333333333333333 0.0592023450475157 0
35 0.343434343434343 0.0590281306983874 0
36 0.353535353535354 0.0588154736214566 0
37 0.363636363636364 0.0585658653849718 0
38 0.373737373737374 0.0582807159102364 0
39 0.383838383838384 0.0579613596774915 0
40 0.393939393939394 0.0576090612013298 0
41 0.404040404040404 0.0572250198780564 0
42 0.414141414141414 0.0568103742908655 0
43 0.424242424242424 0.0563662060451596 0
44 0.434343434343434 0.0558935431952067 0
45 0.444444444444444 0.0553933633141289 0
46 0.454545454545455 0.0548665962515724 0
47 0.464646464646465 0.054314126617037 0
48 0.474747474747475 0.0537367960215029 0
49 0.484848484848485 0.0531354051055003 0
50 0.494949494949495 0.0525107153779733 0
51 0.505050505050505 0.0518634508870762 0
52 0.515151515151515 0.0511942997413036 0
53 0.525252525252525 0.0505039154970211 0
54 0.535353535353535 0.0497929184264642 0
55 0.545454545454545 0.0490618966785553 0
56 0.555555555555556 0.0483114073434085 0
57 0.565656565656566 0.0475419774301118 0
58 0.575757575757576 0.0467541047662691 0
59 0.585858585858586 0.0459482588268207 0
60 0.595959595959596 0.045124881498821 0
61 0.606060606060606 0.04428438778812 0
62 0.616161616161616 0.0434271664732533 0
63 0.626262626262626 0.0425535807112818 0
64 0.636363636363636 0.0416639685998281 0
65 0.646464646464647 0.0407586436991187 0
66 0.656565656565657 0.0398378955174566 0
67 0.666666666666667 0.0389019899632079 0
68 0.676767676767677 0.0379511697660814 0
69 0.686868686868687 0.0369856548702153 0
70 0.696969696969697 0.0360056428013411 0
71 0.707070707070707 0.035011309010086 0
72 0.717171717171717 0.0340028071932797 0
73 0.727272727272727 0.0329802695949673 0
74 0.737373737373737 0.0319438072886693 0
75 0.747474747474748 0.0308935104423011 0
76 0.757575757575758 0.0298294485670328 0
77 0.767676767676768 0.0287516707512671 0
78 0.777777777777778 0.0276602058808053 0
79 0.787878787878788 0.0265550628461876 0
80 0.797979797979798 0.0254362307381078 0
81 0.808080808080808 0.0243036790317311 0
82 0.818181818181818 0.0231573577606745 0
83 0.828282828282828 0.0219971976813511 0
84 0.838383838383838 0.0208231104283215 0
85 0.848484848484849 0.019634988661247 0
86 0.858585858585859 0.018432706203993 0
87 0.868686868686869 0.017216118176389 0
88 0.878787878787879 0.0159850611191136 0
89 0.888888888888889 0.0147393531121375 0
90 0.898989898989899 0.0134787938871266 0
91 0.9090909090909089 0.0122031649341773 0
92 0.919191919191919 0.0109122296032293 0
93 0.9292929292929289 0.0096057332004765 0
94 0.939393939393939 0.008283403080075019 0
95 0.9494949494949499 0.006944948731425 0
96 0.95959595959596 0.00559006186228467 0
97 0.9696969696969699 0.00421841647795784 0
98 0.97979797979798 0.00282966895677838 0
99 0.9898989898989899 0.00142345812210196 0
100 0.0101010101010101 -0.0170391066289795 0
101 0.0202020202020202 -0.0235946235012822 0
102 0.0303030303030303 -0.0283909837406129 0
103 0.0404040404040404 -0.0322578418328128 0
104 0.0505050505050505 -0.0355171757256882 0
105 0.0606060606060606 -0.0383345960983749 0
106 0.0707070707070707 -0.0408088750017606 0
107 0.0808080808080808 -0.0430046964516626 0
108 0.0909090909090909 -0.0449672713859799 0
109 0.101010101010101 -0.0467297620724938 0
110 0.111111111111111 -0.0483174183147915 0
111 0.121212121212121 -0.0497500475001336 0
112 0.131313131313131 -0.0510435720297387 0
113 0.141414141414141 -0.0522110552507986 0
114 0.151515151515152 -0.0532634020791565 0
115 0.161616161616162 -0.0542098521507064 0
116 0.171717171717172 -0.0550583359885477 0
117 0.181818181818182 -0.0558157380066927 0
118 0.191919191919192 -0.0564880945090094 0
119 0.202020202020202 -0.0570807453044158 0
120 0.212121212121212 -0.0575984515656535 0
121 0.222222222222222 -0.0580454886868698 0
122 0.232323232323232 -0.0584257203317756 0
123 0.242424242424242 -0.0587426581295799 0
124 0.252525252525253 -0.0589995102789613 0
125 0.262626262626263 -0.0591992214796321 0
126 0.272727272727273 -0.0593445060109802 0
127 0.282828282828283 -0.0594378753426437 0
128 0.292929292929293 -0.0594816613428049 0
129 0.303030303030303 -0.0594780359128567 0
130 0.313131313131313 -0.0594290276988287 0
131 0.323232323232323 -0.0593365363945357 0
132 0.333333333333333 -0.0592023450475157 0
133 0.343434343434343 -0.0590281306983874 0
134 0.353535353535354 -0.0588154736214566 0
135 0.363636363636364 -0.0585658653849718 0
136 0.373737373737374 -0.0582807159102364 0
137 0.383838383838384 -0.0579613596774915 0
138 0.393939393939394 -0.0576090612013298 0
139 0.404040404040404 -0.0572250198780564 0
140 0.414141414141414 -0.0568103742908655 0
141 0.424242424242424 -0.0563662060451596 0
142 0.434343434343434 -0.0558935431952067 0
143 0.444444444444444 -0.0553933633141289 0
144 0.454545454545455 -0.0548665962515724 0
145 0.464646464646465 -0.054314126617037 0
146 0.474747474747475 -0.0537367960215029 0
147 0.484848484848485 -0.0531354051055003 0
148 0.494949494949495 -0.0525107153779733 0
149 0.505050505050505 -0.0518634508870762 0
150 0.515151515151515 -0.0511942997413036 0
151 0.525252525252525 -0.0505039154970211 0
152 0.535353535353535 -0.0497929184264642 0
153 0.545454545454545 -0.0490618966785553 0
154 0.555555555555556 -0.0483114073434085 0
155 0.565656565656566 -0.0475419774301118 0
156 0.575757575757576 -0.0467541047662691 0
157 0.585858585858586 -0.0459482588268207 0
158 0.595959595959596 -0.045124881498821 0
159 0.606060606060606 -0.04428438778812 0
160 0.616161616161616 -0.0434271664732533 0
161 0.626262626262626 -0.0425535807112818 0
162 0.636363636363636 -0.0416639685998281 0
163 0.646464646464647 -0.0407586436991187 0
164 0.656565656565657 -0.0398378955174566 0
165 0.666666666666667 -0.0389019899632079 0
166 0.676767676767677 -0.0379511697660814 0
167 0.686868686868687 -0.0369856548702153 0
168 0.696969696969697 -0.0360056428013411 0
169 0.707070707070707 -0.035011309010086 0
170 0.717171717171717 -0.0340028071932797 0
171 0.727272727272727 -0.0329802695949673 0
172 0.737373737373737 -0.0319438072886693 0
173 0.747474747474748 -0.0308935104423011 0
174 0.757575757575758 -0.0298294485670328 0
175 0.767676767676768 -0.0287516707512671 0
176 0.777777777777778 -0.0276602058808053 0
177 0.787878787878788 -0.0265550628461876 0
178 0.797979797979798 -0.0254362307381078 0
179 0.808080808080808 -0.0243036790317311 0
180 0.818181818181818 -0.0231573577606745 0
181 0.828282828282828 -0.0219971976813511 0
182 0.838383838383838 -0.0208231104283215 0
183 0.848484848484849 -0.019634988661247 0
184 0.858585858585859 -0.018432706203993 0
185 0.868686868686869 -0.017216118176389 0
186 0.878787878787879 -0.0159850611191136 0
187 0.888888888888889 -0.0147393531121375 0
188 0.898989898989899 -0.0134787938871266 0
189 0.9090909090909089 -0.0122031649341773 0
190 0.919191919191919 -0.0109122296032293 0
191 0.9292929292929289 -0.0096057332004765 0
192 0.939393939393939 -0.008283403080075019 0
193 0.9494949494949499 -0.006944948731425 0
194 0.95959595959596 -0.00559006186228467 0
195 0.9696969696969699 -0.00421841647795784 0
196 0.97979797979798 -0.00282966895677838 0
197 0.9898989898989899 -0.00142345812210196 0
198 0.0051 0.01227 0
199 0.0013 0.0063 0
200 0.0051 -0.01227 0
201 0.0013 -0.0063 0
202 0.0025 0.008677139986073 0
203 0.0025 -0.008677139986073 0
204 0.0035 0.010224929284281 0
205 0.0035 -0.010224929284281 0
206 0.0018 0.00738752706986 0
207 0.0018 -0.00738752706986 0
208 0.001 0.005532466143318 0
209 0.001 -0.005532466143318 0
210 0.0008 0.004955580919233 0
211 0.0008 -0.004955580919233 0
212 0.0005999999999999999 0.00429871747485 0
213 0.0005999999999999999 -0.00429871747485 0
214 0.0004 0.003516712879589 0
215 0.0004 -0.003516712879589 0
216 0.0002 0.002492969980698 0
217 0.0002 -0.002492969980698 0
218 5e-05 0.001250268706401 0
219 5e-05 -0.001250268706401 0
220 1 0 0
221 120 0 0
222 120 -120 0
223 120 120 0
224 -120 0 0
225 1.001 0 0
226 120 -113.3333333333165 0
227 120 -106.666666666633 0
228 120 -99.99999999994952 0
229 120 -93.33333333326604 0
230 120 -86.66666666659427 0
231 120 -79.99999999998974 0
232 120 -73.33333333338521 0
233 120 -66.66666666678069 0
234 120 -60.00000000014977 0
235 120 -53.33333333346769 0
236 120 -46.66666666678424 0
237 120 -40.00000000010077 0
238 120 -33.3333333334173 0
239 120 -26.66666666673383 0
240 120 -20.00000000005038 0
241 120 -13.33333333336692 0
242 120 -6.666666666683454 0
243 120 6.666666666663438 0
244 120 13.33333333333231 0
245 120 19.9999999999954 0
246 120 26.66666666665601 0
247 120 33.33333333331367 0
248 120 39.99999999995455 0
249 120 46.66666666659543 0
250 120 53.3333333332363 0
251 120 59.99999999987855 0
252 120 66.66666666655748 0
253 120 73.3333333332378 0
254 120 79.99999999991812 0
255 120 86.66666666659843 0
256 120 93.33333333327874 0
257 120 99.99999999995904 0
258 120 106.6666666666394 0
259 120 113.3333333333197 0
260 -119.620555218224 -6.745174514236942 0
261 -118.497357686554 -13.40718442227826 0
262 -116.6727051337046 -19.91250012363157 0
263 -114.2081378923327 -26.20375996401123 0
264 -111.1749074862244 -32.24190653767081 0
265 -107.6457161309468 -38.00469683877376 0
266 -103.6891161083455 -43.48327073331517 0
267 -99.36654987436339 -48.67832370834692 0
268 -94.73134334121539 -53.59675873333451 0
269 -89.82888592491949 -58.24911722830466 0
270 -84.69739510745677 -62.64777816535422 0
271 -79.36889297325703 -66.8057716717238 0
272 -73.87016710062954 -70.73605570777534 0
273 -68.22369180339689 -74.45106084519526 0
274 -62.44833869365138 -77.9624969262893 0
275 -56.56008404022256 -81.28120435209721 0
276 -50.5724631757123 -84.41717065587173 0
277 -44.49703927099333 -87.37952287446595 0
278 -38.34373824132223 -90.17657755726209 0
279 -32.12112535062943 -92.8158973749353 0
280 -25.8366385952381 -95.30434780643786 0
281 -19.49677358851972 -97.64815686738955 0
282 -13.10722603063277 -99.85297489112435 0
283 -6.673033472967106 -101.9239208806703 0
284 -0.1986592073993307 -103.8656371529385 0
285 6.311910931974197 -105.6823287073821 0
286 12.85510173120751 -107.3778035431091 0
287 19.42768949085561 -108.9555073858732 0
288 26.0267528226444 -110.418554617129 0
289 32.64962538335473 -111.7697544668634 0
290 39.29386901957342 -113.0116370359378 0
291 45.95723459742952 -114.1464726694828 0
292 52.637639039749 -115.1762913166821 0
293 59.33314172186871 -116.1028986574637 0
294 66.04192563510472 -116.9278903970653 0
295 72.76227675195886 -117.6526641244701 0
296 79.49257071921429 -118.2784301690952 0
297 86.23125715066375 -118.8062203825787 0
298 92.97684731774973 -119.2368957360848 0
299 99.7279029582558 -119.5711525426703 0
300 106.4830246437944 -119.8095273519804 0
301 113.2408408819521 -119.9524007346424 0
302 113.2408408521154 119.952400734222 0
303 106.4830245888753 119.8095273504314 0
304 99.72790287869115 119.5711525392979 0
305 92.97684721122562 119.2368957300493 0
306 86.23125701606045 118.806220373014 0
307 79.49257055633254 118.2784301551495 0
308 72.76227655692739 117.6526641048937 0
309 66.0419254094417 116.9278903710314 0
310 59.33314146883627 116.1028986244096 0
311 52.63763876056379 115.1762912758608 0
312 45.95723428824367 114.1464726193433 0
313 39.29386868319386 113.0116369758823 0
314 32.64962501762807 111.7697543954077 0
315 26.02675242436221 110.4185545323881 0
316 19.42768906419953 108.955507287416 0
317 12.85510127835694 107.377803430142 0
318 6.311910452301788 105.6823285783798 0
319 -0.1986597139475208 103.8656370063876 0
320 -6.673034005389752 101.923920715244 0
321 -13.10722658801856 99.85297470537107 0
322 -19.49677416785696 97.64815666048428 0
323 -25.83663919899811 95.30434757546641 0
324 -32.12112597621805 92.81589711860732 0
325 -38.34373888771051 90.17657727350898 0
326 -44.49703993639599 87.37952256130116 0
327 -50.57246384978481 84.41717031536572 0
328 -56.56008466550534 81.28120401253538 0
329 -62.44833926894376 77.96249658971355 0
330 -68.22369232990076 74.45106051242463 0
331 -73.87016757504873 70.7360553827087 0
332 -79.36889340067697 66.80577135283579 0
333 -84.69739548348346 62.64777785819375 0
334 -89.82888625158949 58.24911693411652 0
335 -94.7313436195833 53.59675845451954 0
336 -99.36655010668613 48.67832344660905 0
337 -103.6891162914092 43.48327049788345 0
338 -107.6457162719458 38.00469662762991 0
339 -111.1749075904031 32.24190635093012 0
340 -114.2081379631941 26.20375980567203 0
341 -116.672705174343 19.91250000287839 0
342 -118.4973577047392 13.40718434140489 0
343 -119.6205552227822 6.745174473755033 0
344 113.4916129341189 42.82317062522475 0
345 114.254868313405 -43.40626642079255 0
346 30.06607530974422 -105.5305847096444 0
347 30.67939356517712 104.766944888008 0
348 113.9332190468072 17.07250466739589 0
349 114.3583080953786 -16.5717248852039 0
350 -114.5045619203349 2.92999807494487 0
351 -97.25253017159312 -42.96967765328614 0
352 -93.17056721710601 47.33145490714254 0
353 -1.121225498711417 -97.17560213540145 0
354 -1.931840653081913 97.34090149519587 0
355 -73.38523668008062 -64.18799391783935 0
356 -67.96399613571799 67.91066294855679 0
357 -26.81167397067765 -89.4025728055305 0
358 -26.72801522759916 88.73032331460134 0
359 56.71988367741061 -110.2374306809085 0
360 56.90942669583248 110.4919599119136 0
361 -51.0105900349884 -77.97046670561986 0
362 114.2264973081576 -70.00000000008295 0
363 114.6472776115198 70.00002822024892 0
364 76.98581258562193 -112.0030352830675 0
365 76.64833692834327 112.649195773871 0
366 -44.96928547349487 80.63688705044591 0
367 -106.4168209914583 26.26820632074733 0
368 -110.0471678445422 -20.68792464203667 0
369 114.1779837863037 90.10723314423531 0
370 114.7526138385714 -90.06926584399429 0
371 96.6418500050263 -113.5574388334064 0
372 96.44447833954321 113.6830106464701 0
373 114.4731323380141 -3.860047116068777 0
374 113.3625094996951 -30.08134453975724 0
375 114.2465017128516 29.85116218965687 0
376 114.5900352369665 56.6500275349595 0
377 114.4227984744312 -56.54052422511256 0
378 43.33988146804096 -107.992025448637 0
379 42.93324601794851 108.3284060119868 0
380 17.65743056604907 -103.1414094199557 0
381 17.3357990095581 102.4781078207551 0
382 -14.31404817035774 -93.78957684272542 0
383 -14.26757479936774 93.32914059391136 0
384 -38.36425713598317 -83.47124782947022 0
385 -56.6301345008568 74.52248548348443 0
386 -62.34347361343146 -71.27650309096239 0
387 -78.01579856841528 59.33809941528268 0
388 -83.43760365951638 -56.12883472910324 0
389 -101.242419170243 37.86245354830327 0
390 -104.5288495817419 -32.47247949777743 0
391 114.2264973080919 103.3333333332992 0
392 114.8357185289185 -103.0603538790499 0
393 -111.2167325199735 15.62380258025037 0
394 -113.90345752882 -9.310428956099834 0
395 109.9327465958055 -114.2979986088245 0
396 109.2648528281305 113.5420950967422 0
397 114.3910187429032 -10.16511588124741 0
398 108.7667155682667 -13.33519132295576 0
399 108.8223673825316 -19.53759741839579 0
400 103.5570886089192 -16.52021836968344 0
401 103.3359521069557 -22.00768120584052 0
402 98.45247795352955 -19.08536995677699 0
403 98.54397877256635 -13.64110098138281 0
404 93.72543600591895 -16.41476925412879 0
405 93.60512911307137 -21.66245798027256 0
406 89.10642235697395 -19.06607762974198 0
407 89.03455133513398 -24.25516514211027 0
408 84.69504862633926 -21.59316879319305 0
409 84.74787272235177 -16.41457298452671 0
410 80.52228588213657 -18.96824942869095 0
411 80.54665812087228 -14.1662369706462 0
412 76.76943354986477 -16.54571243556343 0
413 76.60807276390045 -12.04865454810763 0
414 72.63622492843761 -14.72600526519873 0
415 72.78869437076128 -10.01455567630054 0
416 69.08103946324049 -11.93612791375738 0
417 69.18970071596162 -7.875690703926324 0
418 65.65750731307666 -9.822553680208559 0
419 65.69571322332976 -5.954864689600756 0
420 62.34852952479466 -7.799589791572034 0
421 62.35758743541247 -4.068055729342561 0
422 59.1593390665986 -5.805425423595883 0
423 59.20893813661738 -2.115353161004262 0
424 56.03632443035015 -3.868392586168643 0
425 56.08638187231186 -0.2679794871398979 0
426 55.99725083557554 -7.42570698948933 0
427 52.98300554604533 -5.567354871189434 0
428 52.96047298939773 -9.010870423270074 0
429 50.0064713602607 -7.323402751899824 0
430 50.01712744039644 -10.73295923990823 0
431 47.0982523741967 -9.033915509409859 0
432 47.11465639442518 -12.32067112356347 0
433 44.34587283803641 -10.6388989010774 0
434 44.32016435500186 -13.76151149650476 0
435 41.6815598256982 -12.10707486742178 0
436 41.70428115242921 -9.103994610208353 0
437 41.6765941400464 -15.24202619101111 0
438 39.18657105867311 -10.5195794218609 0
439 39.22627766997284 -7.733559273141376 0
440 36.84767024990717 -9.074678594496962 0
441 36.88051930613346 -6.467971679265169 0
442 34.68628787233354 -7.693934093092904 0
443 34.7051553782524 -5.267593754138607 0
444 32.66786666482909 -6.380161300942483 0
445 32.678452915592 -4.110607315660442 0
446 30.68754974651533 -5.196798348284733 0
447 30.72557661506905 -3.012838007372147 0
448 30.68616155680067 -7.402725673746405 0
449 28.81813764484265 -6.29618767678028 0
450 28.76187430643508 -8.362162780226917 0
451 27.00081782231881 -7.296260453476449 0
452 26.92079771546353 -9.350070276016808 0
453 25.19180225062885 -8.30018923460031 0
454 25.11418666948533 -10.32553520581326 0
455 23.43656312503617 -9.246983219146507 0
456 23.38509108129724 -11.29598996926738 0
457 23.49050116338832 -7.326508574494203 0
458 21.83154729519314 -8.210505351894463 0
459 21.84975012844196 -6.41634555334802 0
460 20.36760406290182 -7.249310324532837 0
461 20.41753874345483 -5.617788458353627 0
462 19.0472929035966 -6.33598412553062 0
463 19.05382127197631 -4.868615682672623 0
464 17.81394123759664 -5.511445757830034 0
465 17.81553105919719 -4.166254522267563 0
466 16.6487749331565 -4.797041215153277 0
467 16.66995639230567 -6.158298478356599 0
468 16.68322735382138 -3.523996848426659 0
469 15.59586288327764 -4.107358890753965 0
470 15.63555235410881 -2.915628063146313 0
471 14.62679724021207 -3.44432750440602 0
472 14.66881672754173 -2.330973010451797 0
473 15.64250342427394 -1.759783736864741 0
474 14.68950852636466 -1.23502916540233 0
475 15.66740148935667 -0.5944403156614578 0
476 14.59687341009124 0.02447355095055951 0
477 15.67762508738686 0.6329089006783939 0
478 14.64462271245942 1.335664063442241 0
479 15.74224531343743 1.895019441860532 0
480 14.61604973804278 2.594629235149082 0
481 15.86712742884027 3.173886777496548 0
482 14.61225000929613 3.945057430743991 0
483 15.82279867061334 4.63005144169802 0
484 14.60242359499052 5.368042238946754 0
485 13.68213116183911 -2.83994299307339 0
486 76.76908243458442 -21.20108850420524 0
487 59.2414542357321 1.569282412307896 0
488 56.08294530009542 3.388280967180533 0
489 59.51292068037465 5.263304763320929 0
490 55.93629571045011 7.060424631511816 0
491 59.5485544847252 8.998108058199779 0
492 55.8761980664991 10.82255372438988 0
493 59.3193643186241 12.79870863811719 0
494 55.96363053646506 14.71277935338737 0
495 13.5928613002167 1.988796479022434 0
496 59.43892750079605 16.77527335872124 0
497 55.91816661647557 18.70036409251273 0
498 59.40540589641751 20.80370268472684 0
499 55.7502631196004 22.86512828999273 0
500 59.36662818253488 24.9633231136356 0
501 55.64356060930427 27.12029779140069 0
502 59.4421963988856 29.29787634460724 0
503 55.64765959748117 31.43416384303 0
504 51.87108398115711 29.25888432236443 0
505 51.83687876502507 33.53489185460248 0
506 48.11302785418765 31.41480999633338 0
507 55.5840197636204 35.84841107727695 0
508 48.08803063869151 35.60861732519389 0
509 44.41179369709558 33.51664497674182 0
510 44.38879920272207 37.6565292762716 0
511 41.06339481471565 35.52195056875405 0
512 40.7778969044752 39.68832137655049 0
513 37.15613960556328 37.42074436111914 0
514 15.89587915840502 6.043582154744684 0
515 14.57442274700983 6.873711769366473 0
516 15.969101225289 7.573905992749261 0
517 14.54299026616549 8.437594516514329 0
518 44.30770513453989 -16.95180221930401 0
519 41.5411882920488 -18.51055220277019 0
520 44.27706582293735 -20.26032130327534 0
521 41.29866934914206 -21.83629798514303 0
522 44.22340132013273 -23.69252714549676 0
523 41.12786533640708 -25.37314918172925 0
524 44.17485942528827 -27.27301292404046 0
525 41.07833936792288 -29.04077982917097 0
526 44.14696285582162 -31.01872748131343 0
527 40.88491214617822 -32.84562244015487 0
528 44.09064322867478 -34.89899146272121 0
529 40.54552176341626 -36.78084506238363 0
530 43.99885503526353 -38.91731858949618 0
531 40.38781011732242 -40.83883533599861 0
532 36.89738238277935 -38.65635123116534 0
533 43.91775278562267 -43.07770779780763 0
534 37.08974457181634 41.66650804778006 0
535 33.4202693935334 39.74443379381852 0
536 15.97344965201408 9.227286270837077 0
537 14.55301899883061 10.05441412920317 0
538 13.13016924783099 9.255517035863328 0
539 13.12307167710413 10.85484186636286 0
540 11.7532639887686 10.04210245829299 0
541 11.72738969754009 11.64589582162022 0
542 10.36555160618957 10.8345982361346 0
543 10.33773771250199 12.43578341796686 0
544 8.949170141093102 11.62621050983175 0
545 8.941249103341997 13.22725902316776 0
546 7.548463344190123 12.4268385753631 0
547 7.54034819369569 14.01493630588993 0
548 6.1416204079809 13.2179368710288 0
549 6.134903545426284 14.82212998075586 0
550 4.72330172815217 14.01129545380071 0
551 4.716806980261468 15.63504535466886 0
552 3.334552980803288 14.80164998861601 0
553 3.280872368054381 16.44114268032858 0
554 1.858148209715982 15.62782021445441 0
555 1.79541377287053 17.25894740187686 0
556 0.3101335307988314 16.4415736770317 0
557 0.2734875867814487 18.12773996916531 0
558 -1.277600864347032 17.20922554394939 0
559 -1.264086331821334 19.08079872960984 0
560 -2.922699814381627 18.07525129506742 0
561 -2.914551301867611 20.04066925966427 0
562 -4.649364282587751 19.00773974187197 0
563 -4.637252902859393 21.04907381046347 0
564 -6.469537779464245 19.97133465263465 0
565 -6.443810099421386 22.16200735966536 0
566 -8.328640570024694 21.01532215109585 0
567 -8.294503351915154 18.84923258087622 0
568 -10.17121059215659 19.87048281911655 0
569 -10.05041606822904 17.82025124854477 0
570 -11.98579787487262 18.74878919212453 0
571 -11.65406797949043 16.36194467730446 0
572 -13.77488798767023 17.56223557998441 0
573 -13.71975946877355 15.3326415980158 0
574 -15.65047708594844 16.42928759606242 0
575 -15.57487098552685 14.26812328262237 0
576 -17.53388537032951 15.29579536526644 0
577 -17.40968052998237 13.13282629376009 0
578 -19.43799665885327 14.11773796057198 0
579 -19.32767350592335 11.85862686604657 0
580 -21.37367820239734 13.02074697087196 0
581 -21.43295720701026 10.60271942493553 0
582 -23.55085550384672 11.79312611174378 0
583 -23.57895489613217 9.21264482249723 0
584 -25.85117861906827 10.32777660857164 0
585 -25.7270166020619 7.590631776108383 0
586 -28.20410473369132 8.864067177269614 0
587 -28.06954570141561 5.971456965269185 0
588 -30.68136406669034 7.350001557416392 0
589 -30.54498796556102 4.397137866505643 0
590 -27.91380923168488 3.023769325744013 0
591 -30.2832558638322 1.436066004188973 0
592 -27.75731344883702 0.1198011645563094 0
593 -32.74007994999332 2.442308986485643 0
594 -15.71459960657034 18.60407706410016 0
595 -25.80155465423045 13.06511590451663 0
596 -8.402816499684047 23.25965145224608 0
597 -30.10105457277325 -1.493604459883929 0
598 -27.58097166162598 -2.800278995835626 0
599 -6.364088754731201 24.45750934417551 0
600 -30.04043926031385 -4.434626296825085 0
601 -27.53659554618736 -5.808426638802193 0
602 -8.486812400941991 25.65562810078617 0
603 -6.275006031903784 26.90727613615501 0
604 3.055686812980851 18.1573150186408 0
605 -29.94828617026194 -7.486585412246393 0
606 -27.31722639977296 -8.900616424407595 0
607 -8.524685553415885 28.16928750796 0
608 -6.221434077096186 29.53923119872325 0
609 -29.83010896790369 -10.66755569871772 0
610 -26.88893945225606 -12.08931898718732 0
611 -32.44973540076835 -9.16133581319373 0
612 8.953067313960453 14.87029945682893 0
613 14.5536767529514 11.73308847296715 0
614 -1.384012926931999 15.47368460899546 0
615 -8.597751809503674 30.9157353865837 0
616 -6.127189914134524 32.39340733404322 0
617 -19.4368678165418 9.375693318041494 0
618 -29.64191790431951 -13.94724879822326 0
619 -26.4746094918302 -15.50347796762708 0
620 -8.745799899464696 33.8818501043897 0
621 -6.116558588341044 35.31562323056541 0
622 -13.76739618427643 13.23157732502281 0
623 -29.53293866224487 -17.43019653446824 0
624 -26.29984553380548 -18.96842048664741 0
625 -23.37015201050511 -16.98613119956041 0
626 -23.15143662151641 -20.50639460010248 0
627 -20.21874992311143 -18.59489140076833 0
628 -20.01252349959559 -22.07913525805293 0
629 -17.03902908160092 -20.14025262486365 0
630 -16.82351614038543 -23.66884960542971 0
631 40.69203962912192 43.90574215687904 0
632 3.348900144067103 13.24625831067863 0
633 -24.93927361858549 -4.437393071839729 0
634 9.055806049475345 9.950085011929424 0
635 36.74180701532277 -42.76694805805929 0
636 33.17669557124992 -40.52251019328268 0
637 -13.85136163603774 -21.62391120508869 0
638 -13.51056513986308 -25.31402877735124 0
639 -29.16557356107119 -21.09149351789699 0
640 -16.67294191424193 -27.38467115543227 0
641 -13.18993352580728 -29.08368065691368 0
642 -8.742883904789863 36.96259110609306 0
643 -5.654307417754466 38.59051395318441 0
644 -11.53846536714189 35.36444390368481 0
645 33.45933059643615 43.71228018430628 0
646 33.05926844296464 -44.68637366640629 0
647 -10.55553135858854 -23.19684422091225 0
648 -11.37845311942546 38.63702190634648 0
649 -14.47509136297731 36.92741071603127 0
650 -16.52421489666885 -31.30122741495912 0
651 -12.80179929157214 -33.07706243469036 0
652 17.43925538458021 8.319250234581329 0
653 -3.506327979287585 33.50373165436504 0
654 -14.34480561902873 40.44757427608059 0
655 -17.64693015975065 38.53776060344219 0
656 32.67472007586648 -1.865124495205344 0
657 -16.23992635577877 -35.38731325167869 0
658 -12.48693900950959 -37.20458539583154 0
659 63.28747802214896 15.10043674310517 0
660 -14.46099999403533 -18.12401705361442 0
661 40.8614353603248 31.367982965642 0
662 76.86465910336379 -7.24352737245948 0
663 -9.019420474168228 -34.83232526136248 0
664 -8.513306012795958 -39.02524124955815 0
665 -17.70077091242418 42.23340120744493 0
666 -20.90927605803512 40.29519820263191 0
667 13.65349196566757 -3.909694634790867 0
668 12.75834354420706 -3.361424030379108 0
669 12.72833839795312 -4.385427514973974 0
670 11.81582497326961 -3.827717747811501 0
671 11.79919477663723 -4.883930473702113 0
672 10.8617416272523 -4.308763224463296 0
673 10.84089233650824 -5.420576002533435 0
674 9.859201159460131 -4.833456929635425 0
675 9.793290185038819 -6.023261749185549 0
676 8.832174669356853 -5.359543833547233 0
677 8.919032836406918 -4.235416544606459 0
678 7.981478537815299 -4.711878237094819 0
679 0.7628532930937468 -0.03870335633773984 0
680 8.056300525777601 -3.732149888124316 0
681 7.197904069867963 -4.155607980948068 0
682 7.24846032915152 -3.238113532761711 0
683 7.066826604075768 -5.10111454090855 0
684 6.213292556204808 -4.472321632748111 0
685 6.14876282865652 -5.514959444016167 0
686 5.289041820943041 -4.95159226042588 0
687 5.220337014636081 -5.939976890293943 0
688 4.339909682858041 -5.341382408552946 0
689 0.5199846094799412 -0.06132081442415058 0
690 4.222118565048184 -6.38066936646229 0
691 3.331810163309313 -5.757017970580616 0
692 3.210637390893587 -6.873479988657177 0
693 2.31940401861088 -6.208848129614577 0
694 4.254268644311697 -7.633062521579049 0
695 2.177362226407968 -7.37722274480161 0
696 1.318085032716017 -6.644542156524299 0
697 20.29702979630232 -4.116837221954535 0
698 -32.64257163881575 -19.38436083291889 0
699 -32.27576091306113 -23.25793648475261 0
700 -35.87133977881513 -21.43282595426902 0
701 -35.67846555176956 -25.36820124381632 0
702 -39.29473384186375 -23.49860273093583 0
703 -39.09578853933462 -27.78681822665947 0
704 -42.85675585222757 -25.69469156119246 0
705 63.76533585262852 26.57750802025392 0
706 -12.10373973112694 -41.48553205079621 0
707 -7.971931689898857 -43.34217691606523 0
708 -14.29185457242158 44.15857365288049 0
709 47.61973875344414 -41.02513374819031 0
710 47.57497496572907 -45.34648033806965 0
711 51.48502855017377 -43.17379306994154 0
712 51.39886053680617 -47.7377088552783 0
713 55.41631386522975 -45.52324773959786 0
714 55.37032183868511 -50.22979060689401 0
715 51.18909930902128 -52.47556393480826 0
716 55.26959663054991 -55.06774534880309 0
717 59.58504776874947 -52.69266482553521 0
718 59.51506776448654 -57.71711985895567 0
719 50.92703131098058 -57.39517846380288 0
720 -5.212469463181339 -36.57691965679751 0
721 29.88363938596568 41.63046503855771 0
722 29.84435808931978 45.76640430322331 0
723 29.93803576348304 37.91184340302785 0
724 -17.84277757359112 46.03188755815217 0
725 -14.33274966265367 48.04575892123894 0
726 1.10669518854362 -7.927163916806717 0
727 0.1071486590833595 -6.93681969707853 0
728 -0.1053680206171303 -8.408739642580127 0
729 -1.176787451707308 -7.62312696135976 0
730 4.410397091524176 -4.437951115623391 0
731 -42.6636197594307 -30.05170629219953 0
732 -46.48997151177476 -28.00215419440279 0
733 -46.65344448638218 -23.62496110689891 0
734 -50.36996564267646 -25.85568787046465 0
735 -50.53786898866527 -21.33546815872932 0
736 -54.3766791598535 -23.76347459144457 0
737 -54.47513043055753 -18.95844204685728 0
738 -58.42734285123822 -21.50214574766085 0
739 -58.61898521757107 -16.83978010066026 0
740 64.00228775304127 -55.31237552707687 0
741 63.8931041458828 -60.53194097163087 0
742 17.15635340928149 3.763745586093033 0
743 52.65120233386618 12.75473219744251 0
744 37.84393840731117 -27.01914883110637 0
745 -11.78573225092389 -45.93020206631574 0
746 -7.617475601491447 -47.84719677237647 0
747 -1.049897575393075 -6.339206231663493 0
748 -2.191439344074497 -6.846365447912106 0
749 -2.022123778400682 -5.516471551627628 0
750 -3.144961222090773 -6.074548709988756 0
751 -3.060355712583766 -4.68043886594272 0
752 -4.080576724688426 -5.344054969653393 0
753 -4.021698991909634 -4.113606479029105 0
754 -5.018717721456467 -4.579775242624426 0
755 -4.841379040965513 -3.509897051266749 0
756 -5.965878949189289 -3.877447220131287 0
757 -5.721643675391144 -2.700169336973185 0
758 -6.95785632777136 -3.123986775991717 0
759 -6.583100540443107 -1.816719294896596 0
760 -8.008378877716231 -2.324467589265423 0
761 -7.776111495282075 -0.9827656256325088 0
762 -6.541753630889138 -0.4774654619906391 0
763 -7.5645256077115 0.3229438280691413 0
764 -6.423580768892546 0.6950988979200333 0
765 -8.857533226364703 -0.09546840996811271 0
766 -7.34478489068492 1.556500658134945 0
767 -6.285542598797557 1.84762725660842 0
768 26.24536349710426 43.64599595083079 0
769 26.09076983660412 47.85274208562426 0
770 29.8473823224907 49.99949658556231 0
771 25.942732044019 52.19371724689884 0
772 29.91409146970906 54.45053557235751 0
773 25.89391070571975 56.68895660786005 0
774 29.86006233334673 59.0659055453221 0
775 30.72141414950579 -0.7362963335623026 0
776 32.68010224214625 0.4043142152285047 0
777 21.94202636879451 54.33446734369821 0
778 21.86083002471337 58.87220739572117 0
779 29.42978343409078 -42.41788394396987 0
780 29.29442377890536 -46.68553718725144 0
781 -18.01229042288078 50.03632319082385 0
782 -14.29275833458594 52.15538586721026 0
783 -7.144301619762207 2.773617187611896 0
784 -5.840733883034591 3.062993270829236 0
785 0.9313168651846985 -9.305345217051304 0
786 -62.1796542629198 -19.26991037275012 0
787 -62.55344297811315 -14.63372047532946 0
788 -1.388103259951168 -8.953905764338844 0
789 -4.338514512806208 -6.378809710917576 0
790 -7.229695467541544 -4.30745225343286 0
791 30.68948293703264 1.555154928142403 0
792 32.69216375440566 2.718474216947201 0
793 -46.38644932216165 -32.3899761995996 0
794 -42.29024468259655 -34.50362175732915 0
795 30.64572712342701 3.890473988780752 0
796 32.64565916336971 5.090625943887704 0
797 30.5938061148542 6.288440229640984 0
798 32.65231394371794 7.53425474464566 0
799 30.50411859971295 8.799850510073068 0
800 68.41767798161459 -58.22088887959965 0
801 68.43331066364465 -63.31312691580221 0
802 63.71323996673659 -65.86909225582761 0
803 7.995453344186296 -2.856221372586615 0
804 7.32398157758505 -2.421982425474063 0
805 -0.9344677564089132 -5.160108825105571 0
806 -58.71651076286764 -12.05882194195159 0
807 -62.83010876666194 -9.85662362774525 0
808 -58.90823737418106 -7.347101469916048 0
809 -62.9165801844597 -5.042373880981466 0
810 -59.03009978664439 -2.630161173819369 0
811 -63.14478155756979 -0.2994251417027477 0
812 -59.15189534955974 2.123117178994034 0
813 -63.09690907003179 4.396039440576908 0
814 -59.21449460919452 6.874346398549606 0
815 -63.30030177907116 9.147494877458215 0
816 -59.4553116239623 11.38046433309722 0
817 -66.72913998608131 2.344155735631855 0
818 -63.35768221461886 13.94415657540158 0
819 -58.5615449838139 16.01537759898626 0
820 -66.84171505274809 -13.04701638915189 0
821 -11.50795038268854 -50.52447299499643 0
822 -7.268753750451777 -52.49605756215005 0
823 10.86744477184779 -6.659756286337604 0
824 -6.937804557941877 3.982117002905942 0
825 -5.772230314135757 4.544642806051898 0
826 -8.157265559555785 3.594576536415655 0
827 -4.737699064700681 3.687273361617292 0
828 0.6421981220237972 0.04995843776037313 0
829 -4.529008064439599 4.827177844072802 0
830 -3.607082704559938 3.949875900440079 0
831 -3.453931616337505 5.150524963893087 0
832 -2.552564463482947 4.4418976750507 0
833 -4.186824967114797 6.159558667247271 0
834 -4.005851113462753 3.006075247829225 0
835 -2.432746137719261 5.494274158649525 0
836 -1.603722773346283 4.905741278418486 0
837 0.8444632046184886 0.02897607994317288 0
838 47.092638693923 -25.31343018485894 0
839 68.4452930443946 -68.61844897883097 0
840 8.013105549222637 -2.063324927134636 0
841 7.349327737988343 -1.668511363949869 0
842 -63.67686448307816 18.86328537443866 0
843 -59.16784046855398 21.39657447598403 0
844 32.7414226863628 10.0555868758536 0
845 30.45067151236072 11.38037000069547 0
846 25.72049626969373 -44.38249153706226 0
847 25.47050932279703 -48.73314111652452 0
848 25.86541081214935 -40.16380254769437 0
849 -67.20250029786956 15.74839279147967 0
850 -1.462332816892901 5.851645625208862 0
851 -0.7547354569964814 5.187896365895075 0
852 0.4589814536392314 0.06196791842130343 0
853 -0.8879026369482264 4.385584430351006 0
854 -0.1125226920605423 4.568079831520516 0
855 0.1111262863367352 5.439645114396555 0
856 0.710304666928014 4.745891124468577 0
857 0.9920837041187108 5.669855941129028 0
858 1.608049143949224 4.899033698121467 0
859 1.904389294348855 5.933099584297283 0
860 2.593326378313248 5.253519535669 0
861 2.362881044316379 4.331082131233268 0
862 3.220572433357871 4.595129766897649 0
863 2.988908389020684 3.743909986673356 0
864 3.835708590759486 3.947779431804205 0
865 3.511525864164093 3.034822528862589 0
866 4.444030611138569 3.323266233395792 0
867 2.201919413912034 3.616820535920783 0
868 8.032019155688992 -1.297813582172226 0
869 25.17524905667987 -12.33427516448894 0
870 23.25327774381913 -13.47269133160627 0
871 -58.38253184248172 -26.25694962844536 0
872 34.6178006853095 4.045566349803988 0
873 -5.449452755212846 -0.05023860580074874 0
874 -18.05651472203636 54.27615768160724 0
875 -21.82806980098269 52.0326329060095 0
876 -14.30769045616813 56.45953558081187 0
877 -10.48416737512037 54.25423226285507 0
878 -10.49512791622886 58.6350624698233 0
879 -15.55257363413845 -48.5094763728472 0
880 -20.8161245112186 36.55799456970184 0
881 -24.09373823328275 38.31298574657789 0
882 -46.21244590366236 -37.00014425832464 0
883 -63.7761567440852 23.83258588071093 0
884 -59.51602218219524 26.37840777530275 0
885 -55.20572987469769 23.98350733078415 0
886 -55.32938396354004 28.867228454045 0
887 73.24536245085807 -60.67209874738856 0
888 -51.09207992001915 26.51224345717546 0
889 -51.17146608270725 31.33676856468949 0
890 -15.42266432212331 -53.22608772361887 0
891 -19.64234626652666 -51.1498132571987 0
892 -3.861072897926938 -3.22381686813178 0
893 1.2145962851021 6.625101284849459 0
894 63.43072567943162 -71.42480657287435 0
895 -1.276680506701578 20.95218522049546 0
896 25.07880264623741 -14.66033215440267 0
897 23.07738293304276 -15.75856059869281 0
898 21.08262992974982 -14.2860335859109 0
899 20.99127267540277 -16.81132771241776 0
900 19.04051353450149 -15.55076814070727 0
901 18.88847675549177 -17.91188215502883 0
902 16.89841853891056 -16.60884016774941 0
903 16.71711391554745 -19.00863338950481 0
904 14.66297672446996 -17.69060377203314 0
905 14.48166907344947 -20.21061071620843 0
906 12.44069392458567 -18.83131127960026 0
907 12.16819453541826 -21.43321603998594 0
908 10.03570197299819 -20.00161015009403 0
909 20.91694981884593 -19.25639217370168 0
910 -23.99830370966335 34.53963316348195 0
911 22.21820404623265 -42.08050219803383 0
912 4.203280143790142 2.525087232560451 0
913 5.150239006333975 2.632587870285787 0
914 5.328149238571933 3.589479384182134 0
915 6.087648698762167 2.961950159315093 0
916 3.465536773138612 2.217250570361412 0
917 4.072667966117542 1.723736623739909 0
918 3.34793482478009 1.583010775702436 0
919 3.765990279755 1.163638316524766 0
920 3.164325976333654 1.023935320508462 0
921 2.790277670968547 1.430817225769789 0
922 3.582125258611846 0.6509008725271517 0
923 3.091869102037859 0.5010362420465698 0
924 3.444474641225122 0.1671063579808005 0
925 2.913746091384442 0.02835775659228735 0
926 3.311544311977778 -0.3071189028892826 0
927 2.853616708931498 -0.4452891824839998 0
928 68.80090359368376 -53.13933252225159 0
929 2.64919604726882 0.3668909918370458 0
930 32.7714769373377 12.73370178630037 0
931 30.43726866657416 14.01278951524836 0
932 -21.86482803443673 56.43336081062699 0
933 -25.8621698350046 54.0549191394269 0
934 68.39547082657658 -74.27812313775615 0
935 4.121920543982902 0.7257092959952023 0
936 -7.922572368548715 4.920260638461059 0
937 -9.246204368248641 4.461491774905327 0
938 -55.39612280796487 33.75013438200828 0
939 -51.17001632902635 36.22765541336481 0
940 2.851690450672231 6.204442485796878 0
941 6.254959211922728 3.879680533810097 0
942 9.739964108586603 -22.72032509977072 0
943 17.87091084052916 56.48145193479701 0
944 17.75724512610071 61.15024560522615 0
945 6.9906321241379 3.178951731529186 0
946 29.20052048976839 -51.0671385128524 0
947 25.23136363208175 -53.18983551320098 0
948 29.20059254303356 -55.66737952921586 0
949 24.98253225029429 -57.88959315211262 0
950 29.03145270230636 -60.47896517919288 0
951 24.64152082382923 -62.75904921464549 0
952 28.89019818899197 -65.44359764545945 0
953 24.42157208163296 -67.80512578956072 0
954 28.76157689845856 -70.56878252352058 0
955 20.10459427292452 -65.04102843889441 0
956 14.54883646155419 -22.66078768705389 0
957 3.184193521962526 -0.758016492053712 0
958 2.745110732323724 -0.8703239054539351 0
959 3.669006933695196 -0.6515132417020135 0
960 -19.36553138229898 -56.11806305416875 0
961 -23.92458838505253 -53.93473709592732 0
962 19.8775742680777 -70.16321509490761 0
963 65.55958887061999 -13.72957338655917 0
964 -3.380509243225531 -49.76243104137328 0
965 15.52998222832822 -67.46363009937342 0
966 7.235220169640776 4.120531258642693 0
967 7.433453708827049 -21.19595755577108 0
968 55.43281216725006 -40.88792480763309 0
969 28.74126819688839 2.827426054120389 0
970 9.701316951923154 -7.326954516209788 0
971 -55.34230927917204 9.046129872094085 0
972 2.439119219428399 -0.5793694132583742 0
973 0.9258784873126085 -0.02155248141104148 0
974 0.8545764755271104 -0.02778086332032905 0
975 2.340381524566435 -0.9754288302242587 0
976 2.639059309386006 -1.301865565211133 0
977 2.146569921762514 -1.379261624590832 0
978 0.3692566362635386 -0.06946222785697148 0
979 -55.47787266041044 38.72906816837377 0
980 -51.1389367197216 41.27488310998105 0
981 63.25897725161573 -77.11859600061635 0
982 10.94177463852754 -8.037423912264918 0
983 9.519995944640632 -8.725707890936281 0
984 35.1002733580109 11.37648910394265 0
985 35.15419525256021 14.17653064636772 0
986 2.513763953798924 -1.764636001731949 0
987 2.003030023754294 -1.863266083887591 0
988 1.674245879905653 -1.469612829033698 0
989 1.518430862590809 -1.939219915485607 0
990 1.203704414455125 -1.589506450063748 0
991 0.2170037216041682 -0.06916102515298146 0
992 0.642167456607372 -0.05270671482633502 0
993 1.056489360022603 -2.013747610339156 0
994 0.7589198792804077 -1.656342505019136 0
995 0.6119857495663378 -2.085469996759278 0
996 0.3317749960382233 -1.788575896583429 0
997 0.1757182480103308 -2.162399072390135 0
998 -0.08930690316885119 -1.778252322401167 0
999 -0.2610293466011571 -2.226801336019164 0
1000 -0.5416602220176727 -1.882737072274248 0
1001 -0.4076562969491873 -1.479124466014506 0
1002 0.1266902586238844 -0.05877830681146351 0
1003 -0.7961665665950772 -1.551119094735907 0
1004 -0.6518585671489964 -1.157256900736591 0
1005 -1.030930266816079 -1.240479810549557 0
1006 -0.9228842371972187 -0.8984167073583862 0
1007 -1.277332990188088 -0.9530646947474511 0
1008 -1.139556507602818 -0.6217734996302039 0
1009 -1.510735300919404 -0.6527592608614611 0
1010 -1.312873471052087 -0.2809287825938871 0
1011 -1.777139961933658 -0.3406709981578948 0
1012 -1.614269645720255 0.05017963879504218 0
1013 -0.2947333743063683 -1.124515932241333 0
1014 -27.32730992950853 36.31888235141334 0
1015 -27.22315719196541 32.49036504871323 0
1016 0.8980823755684418 -2.455448759842778 0
1017 -55.00200172357597 -4.910167772176338 0
1018 11.84272552741812 -2.840423205898918 0
1019 -25.85362402943488 58.84848884640062 0
1020 -30.0794210946182 56.2531677746788 0
1021 68.17970185954951 -80.1806017215296 0
1022 73.44689650482835 -77.20861187115693 0
1023 -11.08443427264492 27.01362989333457 0
1024 2.038799593657035 -0.699110944027199 0
1025 -6.622665346613399 56.37556001415356 0
1026 -6.545490934160023 60.92600619337614 0
1027 -10.54624669390755 63.29293829152275 0
1028 -6.423207189553128 65.6641363747039 0
1029 39.08647206829242 -5.101909931112861 0
1030 -8.953825756863482 5.941148070872266 0
1031 -10.42031425906337 5.392659962004691 0
1032 -1.205697937753474 0.1186605133997639 0
1033 -1.450375132475124 0.4237175140437 0
1034 -1.071589026265904 0.4679611634759978 0
1035 0.2675460440386942 0.06836699402233019 0
1036 -1.29253706283437 0.7902147327844455 0
1037 -0.8817211212971861 0.8287544521055668 0
1038 0.1664802789969017 0.0653868196868673 0
1039 -1.885886799038575 0.4057323549795517 0
1040 -1.141618212660871 1.187780150850173 0
1041 -0.758046667209797 1.229791761225535 0
1042 15.21414770539847 -72.61663647676376 0
1043 10.68247241407994 -70.01847702030295 0
1044 6.697945462753816 -2.003177142636209 0
1045 7.967195897062482 3.363328554598292 0
1046 8.245124974269531 4.38659995815161 0
1047 7.253904393340765 -24.09756319961011 0
1048 28.1534880677155 12.67787225632664 0
1049 28.11280528934435 15.26602391605692 0
1050 6.503838326089213 4.833163872336417 0
1051 -23.57453877754079 -59.00816088034035 0
1052 -28.22202621019588 -56.75626756094821 0
1053 -18.87847822823999 -61.23923328125617 0
1054 2.347507058387703 -2.281253408515635 0
1055 -0.719633060852228 -2.316964523763873 0
1056 6.717281912691985 -1.290332280150548 0
1057 58.36224445623728 -74.10057174565259 0
1058 58.15867613703192 -79.84945123665796 0
1059 16.66803557166022 0.03036390247688499 0
1060 25.91803036515387 13.92330169050061 0
1061 25.78240551763288 16.53157839367868 0
1062 28.1021208607293 17.8925792576817 0
1063 25.6514932853284 19.19894316351172 0
1064 28.08030565261839 20.62868359950328 0
1065 25.56837308292706 21.94897393224841 0
1066 23.20176277011575 20.47095120697545 0
1067 23.07649015818318 23.20265650642716 0
1068 20.77961930386013 21.75405460047715 0
1069 20.6281073421849 24.47050922737782 0
1070 18.33353682272712 23.01462245013963 0
1071 18.1681357136723 25.69619672792692 0
1072 15.82469985701154 24.2422423116422 0
1073 15.71970112977611 27.01282511391759 0
1074 13.31357733209055 25.51051746094982 0
1075 13.22733709681733 28.3615286471929 0
1076 10.8327764887432 26.89352913194568 0
1077 10.59869174695847 29.73588669447691 0
1078 13.15613891520846 31.33408849977325 0
1079 10.36782240672913 32.78126256705178 0
1080 8.396259396652674 28.30455913701526 0
1081 0.9180031198393879 -1.264732017872413 0
1082 -20.43804240902078 -15.23096277048448 0
1083 7.80858783725076 -18.32259865098519 0
1084 5.192499616738294 -19.61389094364846 0
1085 13.0865881161632 34.48265956431411 0
1086 10.06815504169586 36.01629092163753 0
1087 -24.25531544689945 -48.92344653751282 0
1088 52.85326292477862 -12.62509331712173 0
1089 25.95712361229153 11.4880687491012 0
1090 73.24064223550805 -83.29069112593271 0
1091 78.53340758282044 -80.36625774653498 0
1092 -30.57771188784686 34.28981183034572 0
1093 -30.40663097478764 30.44714375429932 0
1094 27.01305536087504 -5.003273984633937 0
1095 84.5509269874449 -26.71660194237779 0
1096 88.89801856627528 -29.44998460652813 0
1097 84.28144117597785 -31.93765770516595 0
1098 88.76280049042698 -34.70207784348484 0
1099 -27.12467367421171 28.72201456026805 0
1100 -30.17547720360968 26.69568502286754 0
1101 -25.39379759902576 1.676012534700846 0
1102 -10.5720710985623 68.06727570153096 0
1103 -6.29833006270378 70.56797778392428 0
1104 -31.79983232136924 -27.46063826603505 0
1105 -55.58240541734772 43.84597824302222 0
1106 -59.9886899647959 41.31864907533757 0
1107 -51.10111961280825 46.43538695986945 0
1108 -8.237944310095237 16.92191618039142 0
1109 33.97501860457207 56.74417745614358 0
1110 33.94418296447593 61.50527783068792 0
1111 38.1468829297592 59.12009642262048 0
1112 38.19952045436757 63.89069494063172 0
1113 42.46854772226639 61.52927610490379 0
1114 42.40008678033917 66.57494187975091 0
1115 46.67973670780799 64.18854592934332 0
1116 34.42596802149311 66.30337371783691 0
1117 46.94650277644617 69.11057249094631 0
1118 51.69077619851159 66.10504949319625 0
1119 51.61796922811817 71.73183731951654 0
1120 56.15973773056719 69.30438231719124 0
1121 56.31920570740526 74.63065630345187 0
1122 61.05905384574622 72.02422453932678 0
1123 60.99131558064752 66.42883680592513 0
1124 65.90956626155764 69.20890774108696 0
1125 65.96556811119487 63.74885631813789 0
1126 70.79901754199778 66.38160773119267 0
1127 70.76877788424459 60.71847166367332 0
1128 70.81397080843159 72.0481712074014 0
1129 75.66417951937532 63.47517913982232 0
1130 75.6455553147495 57.78363448480904 0
1131 46.76081515369778 74.42745754398884 0
1132 80.59233675927717 60.58970574544299 0
1133 80.52121021026146 54.88347076693087 0
1134 75.58102257736502 52.15285216236818 0
1135 80.43438867697525 49.21163886708808 0
1136 85.41611179940215 51.96783899345942 0
1137 85.13126850222456 46.2764948867284 0
1138 18.98374867441544 -7.999200485453014 0
1139 6.262298909516844 11.67526611771325 0
1140 66.31119855324097 58.36585762552352 0
1141 47.55611076708806 26.91738668246804 0
1142 -30.76929238386493 38.25215440951258 0
1143 37.62724859931452 12.71553291982168 0
1144 37.66485273024963 15.65871908202542 0
1145 10.99201454371077 -9.574399187012695 0
1146 22.48455155184417 -37.92635312656816 0
1147 18.91746913032136 -39.53463804270715 0
1148 2.909092584478852 -2.156443337034439 0
1149 79.72030095513264 43.20397501841565 0
1150 85.09077787356489 40.63309166846859 0
1151 12.97510691456045 37.8497140002832 0
1152 9.797986611236828 39.46294549869626 0
1153 36.59085890474871 -11.54695096756074 0
1154 -1.510496597270846 -1.33615048812318 0
1155 -46.78555682190472 -19.1884891929334 0
1156 53.0081409596627 -76.83693144965075 0
1157 50.00668166582598 -3.992306686173482 0
1158 -0.7808736189372931 -0.5592321112016463 0
1159 27.98535801553911 23.51772606078211 0
1160 -41.84175704314418 -39.16728965356309 0
1161 -45.88283973170059 -41.8419952964541 0
1162 -50.32558512731854 -39.5800668181443 0
1163 -50.02145382723187 -44.6233786840678 0
1164 -54.63232114586266 -42.25664469375742 0
1165 78.37087134179433 -86.52796045427766 0
1166 83.73097731807837 -83.57902662741243 0
1167 83.82475418498312 -77.42115718248969 0
1168 -2.66068603539954 58.55267799248995 0
1169 -3.187822738427313 54.03511132352736 0
1170 23.6519037981583 15.16203908554589 0
1171 -0.9698373158349982 1.614730682448193 0
1172 -0.4991086042665753 1.587511422231542 0
1173 -0.1759920840409031 1.274405684755642 0
1174 -0.0349711488408677 1.671658826976653 0
1175 0.2308016659000618 1.315693990037027 0
1176 0.3838250293248154 1.696611401744668 0
1177 0.6340318884699178 1.389525991537553 0
1178 0.7828940234671614 1.736140557552534 0
1179 0.9927877117106314 1.414736505489773 0
1180 1.180869149647497 1.769733171403088 0
1181 0.8340440356203054 1.073743911505271 0
1182 0.9458787841410635 0.01546063632971804 0
1183 0.744204962410663 0.03872635310094145 0
1184 1.169704716121072 1.128560062908593 0
1185 53.06463755029834 -82.80070391816855 0
1186 93.80921246381526 -10.98797948863529 0
1187 0.9491440305996532 2.124604985960275 0
1188 -30.1469730905437 61.23014229177682 0
1189 -34.41875193024598 58.61960314685179 0
1190 -23.21354793610837 -64.23747189012965 0
1191 -18.35537431710005 -66.5224134424634 0
1192 -54.3081454277829 -47.50779771936836 0
1193 -49.62777827553404 -49.88163977764104 0
1194 -59.11177766377688 -45.05423715510384 0
1195 15.49617127801887 -61.85808557293531 0
1196 52.63972517055618 4.861134559644065 0
1197 1.061576165813445 0.8315364219746081 0
1198 0.5511815209585427 0.05783558974522394 0
1199 0.7893698459300019 0.7677376463351201 0
1200 0.3588137755797993 0.0697335179761322 0
1201 0.3186463728273052 0.06744010495803408 0
1202 0.4005822528447706 0.06817692697104055 0
1203 1.357811356028225 0.8747638589882745 0
1204 20.31924775681717 26.88670627530427 0
1205 10.46111765616266 -75.15731517865012 0
1206 5.774066393591809 -72.38312436950392 0
1207 15.05568271430274 -77.9951636107546 0
1208 89.10812940275102 -80.59922927038032 0
1209 89.20973147356312 -74.38269750197118 0
1210 89.04664896053632 -86.748135682487 0
1211 0.9450780994967509 0.6626424402483545 0
1212 0.6793125038964891 0.5971276577208566 0
1213 16.02099890450229 21.50962459672676 0
1214 46.52040046054291 59.50429793199964 0
1215 61.04653348931871 77.73347370030122 0
1216 -1.463419539338636 1.564420178507642 0
1217 20.92751976939602 -50.69975213764089 0
1218 63.36905482296008 31.51678674882499 0
1219 67.35250522316566 29.27234802522954 0
1220 9.397503904146305 -10.31467913452916 0
1221 -33.56516540186006 28.35706210326624 0
1222 -33.27841093961088 24.58759823642802 0
1223 38.78881838163606 -20.03614295006776 0
1224 8.983169360891507 3.610085033269816 0
1225 9.304674165382517 4.670466845476625 0
1226 0.8292484383590296 0.4542090055961747 0
1227 8.690288189459411 2.583013034940095 0
1228 58.00106655486187 -85.75804434373759 0
1229 -10.15036338631803 6.874428337593233 0
1230 -8.617022484768304 7.468300268553124 0
1231 -11.66640127406686 6.329616499689138 0
1232 -11.91375288988345 4.745453026146054 0
1233 -2.197686551315106 67.98362558967381 0
1234 -1.861288733003695 73.0435450492171 0
1235 6.091853615052893 -1.622419504408214 0
1236 -0.8426385725555088 0.1725681834642054 0
1237 55.24184790407912 80.41900267222961 0
1238 60.99338644229139 83.56125876981611 0
1239 33.30812652245886 -68.11371619923595 0
1240 33.21681954002434 -73.36161663610802 0
1241 73.04391811696303 -89.43847302997033 0
1242 84.10515347702217 -37.16978119939419 0
1243 88.62305730700747 -40.06742908264641 0
1244 79.65606007643385 -34.39238239868966 0
1245 80.6584568617584 66.38971079020166 0
1246 85.6997840915549 63.42688368286217 0
1247 85.76606387846121 69.3765107028822 0
1248 62.07614425957095 3.230480055643005 0
1249 36.61615251405838 -46.82561687344469 0
1250 89.96836267315609 48.98579630040732 0
1251 6.111974296352313 -0.9223270175643329 0
1252 6.73794188506338 -0.5805830698857488 0
1253 -30.75747050119651 10.33852328236691 0
1254 -33.37061033782308 8.851671440184461 0
1255 47.73394112493061 39.35367534672194 0
1256 25.06567471363495 -17.06547231407578 0
1257 27.30863645900939 -15.75878230507302 0
1258 27.20652045266902 -18.42162355091763 0
1259 25.94371052793811 -36.13082050069755 0
1260 17.46034125571494 10.08994536407772 0
1261 8.718429569393528 -1.696026720830945 0
1262 8.735950497469718 -0.8830854171054786 0
1263 -4.049678691545669 28.13319528986641 0
1264 -33.47122351029398 11.98093064185789 0
1265 -36.29136965119919 10.34422567389773 0
1266 68.66521361317548 -3.907757872215472 0
1267 8.512893081574788 5.477131523526802 0
1268 -19.40188696295231 16.25710630403974 0
1269 10.79697557600179 24.02685279545804 0
1270 22.78502796592598 -34.01363076757859 0
1271 12.91566414640942 41.41670406085683 0
1272 9.73463074141597 43.15625658197564 0
1273 5.261167360418286 -17.01599503539099 0
1274 2.870852980572206 -18.08441682107281 0
1275 2.690420492463373 -20.83185912180213 0
1276 0.4502303677420691 -19.23082230778447 0
1277 0.1017750646842241 -22.0758542675507 0
1278 55.89460074441562 86.49772657577464 0
1279 -2.99620115279044 -54.46178477258016 0
1280 0.8376887554081245 -51.67574149370834 0
1281 -60.16711575288232 46.54837200116611 0
1282 -64.80177733984785 43.88194224749898 0
1283 -36.31591878256862 13.52240648420312 0
1284 -39.388605016554 11.85080909663827 0
1285 -38.7995078295274 8.504295079336471 0
1286 -38.95697886924575 15.90971556336447 0
1287 6.205455756809696 16.46261201648087 0
1288 2.724293765147969 -2.747886713561951 0
1289 15.85232403582664 36.07413478176328 0
1290 26.05258852590207 -32.31510292852685 0
1291 9.702024104468135 -25.72948870164307 0
1292 6.997575659438141 -27.22116060629974 0
1293 9.70581057332825 -28.95942939522472 0
1294 6.731358411894208 -30.5193781335294 0
1295 -0.4079245066555442 -2.721335526599452 0
1296 -34.29414699063932 53.57857492018842 0
1297 11.76282166417959 13.28466447623234 0
1298 61.04838240787458 89.5884836082834 0
1299 66.33250851315155 86.58568745758927 0
1300 -32.46810344295456 -2.70189920512157 0
1301 2.122472704021092 70.32567871519484 0
1302 2.620931487385034 75.38397323177679 0
1303 -34.23660543978546 36.11008028985673 0
1304 -2.281423978891088 6.540825241725424 0
1305 90.9402572488093 66.33603359794608 0
1306 91.02622267906753 72.3616317745644 0
1307 85.74937500802142 75.43878201442753 0
1308 91.08707043999473 78.49273476741095 0
1309 85.71400553377808 81.60355851627503 0
1310 91.13644112532167 84.72486868018127 0
1311 85.67569310847114 87.89474712955294 0
1312 -0.2418851347265635 2.079654444863308 0
1313 -1.267872121184839 2.055077609149615 0
1314 93.41411586701386 -37.49355932459626 0
1315 93.2772673762573 -43.00997831488386 0
1316 88.36105234757167 -45.60359071554801 0
1317 93.10176076408757 -48.64069477002106 0
1318 30.62269131576313 22.09212363539001 0
1319 30.53786329058815 25.13767529451044 0
1320 33.92329146666528 23.2329805769353 0
1321 1.501136454936362 1.140499453960663 0
1322 -25.76517339291549 63.83378380808337 0
1323 -20.65884646271601 32.74919225100335 0
1324 6.551893123866488 72.7334614095262 0
1325 7.077392299520265 78.65519125775798 0
1326 11.80434154027515 74.38931170004184 0
1327 12.27097074954793 80.75345633271843 0
1328 16.83583942263216 77.78636619529259 0
1329 -13.24973560394378 5.784732400598345 0
1330 -13.47185909323042 3.974180369805357 0
1331 40.33557065208899 14.12932421419623 0
1332 40.26909881082042 11.34375959861735 0
1333 17.16713833173017 -14.56933909427865 0
1334 -10.95495932943946 72.82192304653233 0
1335 18.96182709115107 9.161465283907503 0
1336 -0.9763751972818702 -2.802006764268737 0
1337 6.130631042382025 -0.2200023508023196 0
1338 0.5509267633924525 56.10627837968298 0
1339 -41.49693512901439 -43.99724912176866 0
1340 -30.19754602300324 66.34712324331258 0
1341 -26.9399168429976 25.11814619473549 0
1342 9.624614192572622 5.781872701919504 0
1343 10.93851993306943 -11.23598199327911 0
1344 12.47511470405122 -10.37734249997766 0
1345 6.758620180569896 0.1427628365622741 0
1346 91.18311877553539 91.06431669754264 0
1347 40.34108174083827 17.27340835437451 0
1348 -10.0950086337925 8.551753072788662 0
1349 -8.367375722989005 9.027308162768229 0
1350 5.602909804415553 -77.69859007488616 0
1351 1.028288697620676 -74.70473800920088 0
1352 -20.00446058275522 -33.53350285317346 0
1353 23.05154315726324 -30.36079173856075 0
1354 33.27171204209259 -58.14412536911021 0
1355 6.540688814501653 41.03073097777242 0
1356 9.447846568940742 -1.302486892782907 0
1357 9.483738660876623 -0.457298236145266 0
1358 -58.78979801018635 -50.52030328179592 0
1359 -63.67512685520799 -48.02954399943834 0
1360 -63.91648081177112 -42.48486109863687 0
1361 -25.69176295418487 69.02754227145772 0
1362 16.97886135201522 83.46655373363892 0
1363 21.78568077186016 80.52951650763001 0
1364 9.715564652040186 2.827585800180572 0
1365 26.18033409334954 -28.70546652957507 0
1366 -37.4357785065449 -41.26727547964327 0
1367 -36.74578172462284 26.25719819721272 0
1368 52.84212448692675 -88.36195155384736 0
1369 47.78882321331312 -85.37028404702309 0
1370 94.53162375188552 -77.59220260771704 0
1371 94.58115676506203 -71.37739163641582 0
1372 6.096373206053675 -6.608895128727128 0
1373 66.34395995619454 92.74965449593782 0
1374 21.89550623047491 86.22284654357122 0
1375 26.81275081507838 83.22679593870865 0
1376 0.6772284007623137 -16.5538651263568 0
1377 -1.667970641634508 -17.58592120885111 0
1378 10.24034529992655 -0.8744377670461336 0
1379 -1.463320198720059 77.78210756488561 0
1380 3.344064919691313 -2.606511354166893 0
1381 12.74017180714562 -5.471596831443253 0
1382 -22.83596915332831 -69.64203332190016 0
1383 -27.78731496960998 -67.26685462834817 0
1384 -17.84343107104632 -71.97681982654402 0
1385 -68.62493687539369 -45.46883048469996 0
1386 -68.85706609079458 -39.83191659367255 0
1387 -73.62095587569644 -42.84843273937781 0
1388 -73.85624311141498 -37.15149382973898 0
1389 -38.70949757911145 55.94001623930841 0
1390 -38.9421161112338 61.13417549257355 0
1391 -43.37528790911094 58.36098576657639 0
1392 67.30729654083574 33.9807770964297 0
1393 71.4580147773266 31.54676132536222 0
1394 71.51344569826574 26.92719590419856 0
1395 75.67188945651384 29.10051928142389 0
1396 75.53543145538337 24.12711369081795 0
1397 79.92703961947592 26.53330501952982 0
1398 79.80109177295276 21.42272904802185 0
1399 84.29924668395036 23.93064557781535 0
1400 84.15902071440311 18.80284621014487 0
1401 79.70926681690472 16.26224968093483 0
1402 84.00456147731632 13.70705446103409 0
1403 88.74016685161223 21.33301495532184 0
1404 79.63659461056824 11.24404319834722 0
1405 83.82027738933866 8.676174380806756 0
1406 88.35680017637563 11.06676522522018 0
1407 88.22472151694689 6.078085444291561 0
1408 92.72177797544512 8.568674724140436 0
1409 98.51251675847487 -8.237656784441379 0
1410 29.54484685155542 -17.07863678687061 0
1411 29.46556766592664 -20.03194026641462 0
1412 7.981623698011024 34.21419746219726 0
1413 -15.03397746335521 5.228312694786371 0
1414 -15.24310699735688 3.317506535508491 0
1415 -13.68997784107509 2.111399087476178 0
1416 -15.46494191491061 1.408800607469185 0
1417 -13.95279023299036 0.2384766094349511 0
1418 -15.72219728583731 -0.5098654975917198 0
1419 -14.17676296753926 -1.700978791034155 0
1420 -16.0126746604984 -2.472921720027952 0
1421 -14.51724307887618 -3.688202921234107 0
1422 -16.33959425195879 -4.514819824338238 0
1423 -14.74649445104684 -5.802066340606352 0
1424 -17.07449438106644 2.451923605719764 0
1425 -17.47831455163412 -1.158278098919817 0
1426 -16.65977673086986 -6.670576275378215 0
1427 -14.8208614193611 -8.035894726040087 0
1428 -12.80419680055072 -6.794803646920923 0
1429 -12.9940171471036 -9.28138228200546 0
1430 -10.94865407783298 -8.40982978000233 0
1431 -11.18881563875439 -10.60138583408183 0
1432 -9.221608051576013 -9.697159260999559 0
1433 -9.41162886676862 -11.87728945905415 0
1434 -7.449623580253139 -10.91455469659596 0
1435 -42.62912056103445 13.63446950651896 0
1436 6.064639010128884 -2.327001329483962 0
1437 5.463422243114379 -1.941838618437739 0
1438 78.24781431340405 -92.75216890692201 0
1439 10.42435112416465 4.947853104605333 0
1440 -46.67264471248045 43.61804632762534 0
1441 -7.616570748327443 -13.18055561297471 0
1442 89.29864798947615 -68.21659006179081 0
1443 1.650965525124122 0.8630672500909864 0
1444 1.481813363135051 0.6180254974595194 0
1445 0.4226798876523747 -47.05738458113314 0
1446 4.596009276328759 -48.91505463923685 0
1447 4.1199246825423 -44.44193572332012 0
1448 10.24831002777455 0.03296643858693038 0
1449 11.08372985710199 -0.435081656414915 0
1450 9.640958727492688 -32.40547354101398 0
1451 0.03734624573427122 0.9965540127082222 0
1452 0.09359286066805968 0.05318656150352966 0
1453 88.13070074083623 -51.16156434644061 0
1454 -1.817305890066619 1.981215711154144 0
1455 -1.945554931883765 -0.7404239388345861 0
1456 -2.26822566935648 -0.3792046850773403 0
1457 -2.454061390891753 -0.8770818379134895 0
1458 -2.831447379005703 -0.4297869679712742 0
1459 79.46080579263933 -39.57254477116484 0
1460 75.07298971003409 -37.00861665403146 0
1461 1.351559734599615 -56.4478281512372 0
1462 -2.590656902246706 -59.32760245525951 0
1463 2.15894724905853 -0.3540031577825931 0
1464 1.844169644629855 -0.4273142485280046 0
1465 1.876242886434295 -0.1316932791330752 0
1466 1.64648274450369 -0.2522261940106509 0
1467 1.573936367476132 -0.462004575240559 0
1468 1.449996423920291 -0.290657979431109 0
1469 1.467512947158247 -0.1252821092612397 0
1470 1.326754853232278 -0.1860166206461799 0
1471 1.291010218756203 -0.3093626722969604 0
1472 1.371008849202361 -0.00482749944695363 0
1473 1.216147405551316 -0.203740620105177 0
1474 1.163199776095885 -0.3062058775041467 0
1475 1.072915846647751 -0.2432968333666627 0
1476 1.04523095274958 -0.3442069028726763 0
1477 0.9759500288269174 -0.0122707808524184 0
1478 1.127128933229842 -0.44331430821193 0
1479 0.9960294022858809 -0.4617186843527692 0
1480 0.9186294345905122 -0.3566476939586837 0
1481 0.7029336207191786 -0.04479159553587966 0
1482 0.6725405498816067 -0.04717371331957521 0
1483 0.8679049795733583 -0.4732413874791078 0
1484 0.7860677825050734 -0.367349780561278 0
1485 0.7454663011306737 -0.4816760675574187 0
1486 0.4402494234841197 -0.0652920175980555 0
1487 0.4094499812310406 -0.06576490536667921 0
1488 0.4703543628282648 -0.06304836878183258 0
1489 0.6691970990263136 -0.3917046931088424 0
1490 0.5804510105629856 -0.05716905602943434 0
1491 0.5507905690635649 -0.0562140995544208 0
1492 0.6248864610186072 -0.4956986891510792 0
1493 0.5448717816440071 -0.3921261496766082 0
1494 0.2878464934275745 -0.0686212664795731 0
1495 0.2574473210197051 -0.06978700955067874 0
1496 0.3182711668078901 -0.07066598042123233 0
1497 0.5064587257092402 -0.5030897483323482 0
1498 0.4304437352263576 -0.4143155009092103 0
1499 0.3858698432585795 -0.5176945649502357 0
1500 0.3049857390441889 -0.4130270028072489 0
1501 0.2666332935267273 -0.5251279578010685 0
1502 0.05293232713263755 -0.04789124797375827 0
1503 0.08493986271838053 -0.05490433178329313 0
1504 0.1881237365555688 -0.4336893043298511 0
1505 0.3293725171211837 -0.6507991902685034 0
1506 0.139539901092914 -0.5390866961782705 0
1507 0.07718954492579123 -0.4364825882986811 0
1508 0.128306351417766 -0.3264195867690095 0
1509 0.01471169498598783 -0.3308753371393042 0
1510 -0.03760847203351646 -0.4395616911037126 0
1511 -0.09944314322951399 -0.3369734452841566 0
1512 0.3704477753274757 -0.323140097422244 0
1513 0.6056861941765069 -0.307234915891639 0
1514 0.8545017771937771 -0.2813991835621368 0
1515 1.509932461341656 0.02693064701053201 0
1516 -0.1589285444920101 -0.4383184273335875 0
1517 -0.2220319449260442 -0.3277330727870574 0
1518 -0.14363161491424 -0.2511776208524874 0
1519 0.009680092316006812 -0.02691367285257729 0
1520 -0.2591707562080609 -0.2106555044691299 0
1521 -0.2218255320066014 -0.1218835778276085 0
1522 0.06091858241013494 -0.2730139446198174 0
1523 0.1573347115203828 -0.2476896705352937 0
1524 0.1749246039956795 -0.06529373568846633 0
1525 0.1567842617172459 -0.06421741604570705 0
1526 1.121909657978049 -0.1377837111946693 0
1527 1.080073313894818 -0.5864697017127459 0
1528 0.814686850774731 -0.5937988816507148 0
1529 -0.09709641149326521 -0.5641132508075994 0
1530 -0.3154809004625915 -0.09748891231659193 0
1531 -0.277741438674511 0.01430261349512106 0
1532 0.02116674564078467 0.03459734937426063 0
1533 -34.38786057480527 40.26417905160185 0
1534 -5.382395328099813 -32.27707720103987 0
1535 0.10278173140369 -0.1886033939280108 0
1536 96.55005148178913 81.25486507616816 0
1537 -9.59637811375752 10.08824788540247 0
1538 -8.044329268675856 10.60843240029589 0
1539 -6.810293348803411 9.540291803343742 0
1540 -6.495986061252127 11.09728895829017 0
1541 -5.293626232413298 10.0178852570248 0
1542 -4.984577635238634 11.56506453778393 0
1543 -3.867293925032481 10.53693444619942 0
1544 -13.00323161973468 7.531200028874444 0
1545 79.42593202891783 6.402105635635994 0
1546 75.38044726241944 8.870105229129265 0
1547 88.87676614864824 26.59234390055871 0
1548 93.52651654329907 23.89280623688819 0
1549 93.61861343535293 29.36557499819271 0
1550 30.44332015030169 -9.55170045854466 0
1551 59.46438533954741 -43.24578099868087 0
1552 59.42008613957552 -38.59318265504255 0
1553 55.51072926724915 -36.3021282691242 0
1554 59.36675708868535 -34.04903163134211 0
1555 0.5805312641044386 -0.5965264053608806 0
1556 -30.35343721735375 71.73021120686255 0
1557 57.69821914303733 -91.59169624890464 0
1558 6.311266361286378 44.76432074118993 0
1559 9.844020820811201 47.06472167994326 0
1560 37.86993036679739 -70.8255844918616 0
1561 12.14097618703792 86.41669368620612 0
1562 -5.32768012421832 -11.87333744808814 0
1563 72.78454493953288 -95.7528478159509 0
1564 94.13490653456631 -65.2594894460596 0
1565 9.382384263721264 -12.08944593408107 0
1566 7.78279668968095 -11.08296725134565 0
1567 -36.04579598688087 -17.5461833941126 0
1568 85.63573093463755 94.28188241579699 0
1569 -78.62719287120159 -39.99248023514721 0
1570 -78.9490607327195 -34.42107733924973 0
1571 -74.07046243503885 -31.43712960583197 0
1572 -79.10895338799031 -28.69152157385588 0
1573 -84.05393483706629 -31.68457910230538 0
1574 -84.14777647023038 -25.90391633199579 0
1575 1.392330678719639 2.151277485158464 0
1576 1.1424525887686 2.56119268314283 0
1577 -0.3977311425386354 -81.09885896251015 0
1578 5.266726186244857 -83.47162370518035 0
1579 8.159529772485032 -46.25205076552297 0
1580 -0.162637610085211 -0.01944017127549027 0
1581 -64.93299597798078 49.32435621158105 0
1582 -69.76091204039673 46.45578552969469 0
1583 -69.74614312077739 40.20225876817307 0
1584 -60.23594998046352 51.89454418174547 0
1585 -74.67981402780948 43.41669068940496 0
1586 -74.80363510808377 37.53571793414618 0
1587 28.51115304363202 -75.88565023820645 0
1588 33.12196021882916 -78.79921567516462 0
1589 28.20050277246591 -81.43132038600442 0
1590 32.89738132908191 -84.42157881112433 0
1591 27.91341128436019 -87.13154018786037 0
1592 -10.82614760576548 45.98153442946286 0
1593 -79.02785301378618 -23.06036202690833 0
1594 -84.0701971818886 -20.18171363112231 0
1595 -89.19843051887999 -23.07977110025554 0
1596 -89.27086462112406 -17.25036679099992 0
1597 -84.23755629346128 -14.33272980574333 0
1598 -89.25799285771456 -11.47477162089021 0
1599 -84.3041110524882 -8.532577911067534 0
1600 -89.26083373690466 -5.740813285509245 0
1601 -84.35232226211998 -2.897368044230341 0
1602 -89.27610563617635 -0.05798590060594348 0
1603 -84.37042168165334 2.779343988742495 0
1604 -89.2782163321497 5.629197445000029 0
1605 -84.30850633125684 8.597950792754233 0
1606 -89.31227907720535 11.35083530945367 0
1607 -84.2601512335944 14.40521127876631 0
1608 -89.35028431942075 17.11596020718331 0
1609 -84.30113096988796 20.11844663999872 0
1610 -94.21165513835753 -2.827308135087958 0
1611 -94.33660740427446 8.460003546242186 0
1612 -89.39964732406969 22.95558879325306 0
1613 19.04819971493886 11.02347762813238 0
1614 21.76338311700347 63.72561052924573 0
1615 -3.064063596435967 -1.048856678684857 0
1616 -2.604111257278312 -1.504238079242885 0
1617 55.74688878210499 92.59245343549527 0
1618 50.8289478630213 90.3130532500921 0
1619 5.514612656875021 -0.562500013359175 0
1620 -9.299087178268707 11.7401583211262 0
1621 -42.79091182173882 17.72553618240692 0
1622 43.16256896883901 15.64834400548111 0
1623 -13.40819233165478 -68.91693764112932 0
1624 -24.28351900835312 42.03535237958942 0
1625 -1.603544088428007 2.531351593945236 0
1626 46.8341050382546 -54.73857549018241 0
1627 6.125279912248594 0.5237023924626161 0
1628 -43.66781723081344 63.73115139783694 0
1629 -12.04116870263475 20.84066062418569 0
1630 12.63793948179683 -30.72367820838738 0
1631 34.6810090551938 -0.7402888786706714 0
1632 46.94546542976447 -18.42925584148455 0
1633 4.156822893385551 -28.65223266496167 0
1634 1.787054758487096 0.5700370697742166 0
1635 27.80185381638772 26.58427009750536 0
1636 -23.01536864785692 -24.1201681139949 0
1637 30.46971886179402 28.31301484476496 0
1638 -94.35335609532098 -14.33834515928534 0
1639 8.709753764520574 0.007139563681623939 0
1640 12.47286754198937 -12.167578399812 0
1641 26.91977418878652 89.01771730989938 0
1642 31.84546837657685 85.97364496807658 0
1643 8.730345092598014 -50.71317416134701 0
1644 2.425775376308703 -5.21558942070792 0
1645 3.144171053774779 42.66236320185506 0
1646 -46.87337178426337 33.70535499018805 0
1647 -1.226583675451529 6.889642674320097 0
1648 -48.32013872913871 60.80100275870291 0
1649 96.27617637261486 69.24421743713896 0
1650 96.08201953249679 63.25150382217731 0
1651 10.81597841786337 6.352303170331948 0
1652 47.3176947203561 -91.57671187308199 0
1653 27.55435847644744 29.83556678436477 0
1654 32.75265622981514 -90.23268683191986 0
1655 18.88843939724853 7.345625083625112 0
1656 20.50126255373738 8.173462473495952 0
1657 20.41985506682196 6.30519777348019 0
1658 22.10423579279202 7.159430663396159 0
1659 21.99962919877959 5.240772601248899 0
1660 23.73841039879501 6.116522866880084 0
1661 23.62071032645183 4.168153199303901 0
1662 21.89230614794541 3.343996534809867 0
1663 23.46368461345038 2.26859304132157 0
1664 21.78587372013295 1.474084914945224 0
1665 23.2967901692117 0.4235010951571004 0
1666 -12.95994638561184 -74.36738405587131 0
1667 -46.2293976262773 15.41286829079226 0
1668 13.73129618611962 58.67827993984534 0
1669 4.057671519854212 4.831998472688004 0
1670 2.127766752891392 -2.841290628330235 0
1671 -0.2506244995202582 -0.5656658769564382 0
1672 3.624106185352718 -32.11597523608938 0
1673 -79.49099120361946 -5.632687420629864 0
1674 29.17456464606802 -30.60553378047445 0
1675 98.43675225846387 26.50326538742931 0
1676 98.54656816071248 32.20421012308773 0
1677 98.20360749783754 21.05583787039848 0
1678 22.58827020413368 45.63821150585139 0
1679 98.2094589308367 -40.34984554399298 0
1680 17.78501481751876 -2.861620650970541 0
1681 11.07508049480739 0.5359847727483255 0
1682 -33.40280873039637 15.36933865079102 0
1683 46.52281151690321 -59.72009679307631 0
1684 -37.13283867492841 -46.05446837753469 0
1685 8.777596822023437 6.624170386502713 0
1686 -15.14005046763263 -10.13474499000503 0
1687 -27.42310186781117 -72.86193916846129 0
1688 -32.48423592380899 -70.26651574508332 0
1689 -0.3840982592280614 0.004433338776886418 0
1690 -0.3183886887888823 0.1194431481522633 0
1691 -0.461149154066916 -0.1091138425913466 0
1692 -0.3566095718634501 -0.3298649439031371 0
1693 1.398839396861117 0.1201313740983404 0
1694 1.291584450805645 0.06176277316287907 0
1695 1.281095649040108 0.1773048866413194 0
1696 1.183797257770499 0.1506413910546969 0
1697 1.15879923773525 0.0388886707686976 0
1698 1.174020952940685 0.2474436427136356 0
1699 1.083093739235579 0.2230307648022638 0
1700 6.796243117121676 0.9141653842887263 0
1701 1.958245790469391 0.8539692088274875 0
1702 -0.5775668923908066 -3.274842861653779 0
1703 -1.204850698737829 -3.406083546622471 0
1704 -12.6601058906217 -3.083134570849536 0
1705 3.168625720088573 -3.272186217280948 0
1706 -84.32681785024258 25.86542524479923 0
1707 9.422408497890975 -2.290725633328916 0
1708 -2.091655120583474 7.645669739485194 0
1709 -0.9334210174902362 8.025772384296312 0
1710 -19.73450824696967 -37.76395739332226 0
1711 -23.50707744354627 -35.74281609811455 0
1712 -1.63692911062048 -2.856894242701206 0
1713 -18.44907654103815 -5.299129998529721 0
1714 -18.67030442655931 -7.668255835019719 0
1715 -46.01682133232877 11.08142163388848 0
1716 -3.506379132643478 11.96512390872719 0
1717 -4.437505455901348 13.23445459333033 0
1718 -2.424637672866844 11.08240123682586 0
1719 1.074267602541562 0.3181234150084468 0
1720 43.13168301124828 18.9483816994464 0
1721 23.28453963220382 -26.91697316889936 0
1722 -25.54548599371831 74.30608868552756 0
1723 50.73567125872364 -62.42420335621262 0
1724 63.34529932752694 -40.90267952334663 0
1725 31.70676310245578 80.21857129482827 0
1726 91.12818505859141 97.32778378926716 0
1727 96.80360282310679 94.21325319748364 0
1728 -79.65394525486454 40.37739318749267 0
1729 55.5231962807225 -31.6493771970795 0
1730 59.3013432546302 -29.51525283917103 0
1731 63.17547975481182 -31.7685567361587 0
1732 63.07478207762348 -27.42091293466016 0
1733 59.09950194364393 -25.2844181265773 0
1734 66.97295687958875 -29.50107467406984 0
1735 3.49657714926133 -2.016509605876948 0
1736 3.927574379930018 -2.416944465464707 0
1737 4.086303172276989 -1.806474166511294 0
1738 -79.3111870478679 23.02750393887771 0
1739 -9.374493261898749 3.150308114533156 0
1740 36.41152055911562 82.93549137827975 0
1741 36.96408402981508 88.69846343484092 0
1742 0.5765893726356356 0.7415542366480101 0
1743 0.5314948671994487 0.5832672921937223 0
1744 66.87712398623157 -25.15543735451275 0
1745 -0.3662763431736839 3.77029959612913 0
1746 23.41363884220618 -5.551852364001229 0
1747 70.90685642231854 21.68937150489574 0
1748 -63.95668133757963 28.89254943808243 0
1749 40.24343077219481 20.59611703497455 0
1750 14.02911535380741 -11.22594540889154 0
1751 14.024830878454 -9.494645199214562 0
1752 15.54319170829815 -10.2842448257581 0
1753 -79.77721611770906 46.35769300121359 0
1754 5.458934145411609 -2.655049016094084 0
1755 -24.07491840151724 26.96001591714112 0
1756 -23.94511151521643 23.64423264983024 0
1757 -21.24300188577345 25.29661150611551 0
1758 -26.60480241933661 21.79758876010812 0
1759 -17.33277250916007 -77.61626506696071 0
1760 -12.36632667995424 -80.0564275675822 0
1761 -94.51053700220075 19.98881819050739 0
1762 1.076225786687614 0.1045724438246221 0
1763 0.9869059668410683 0.009511366907317761 0
1764 -63.43031441545082 -53.64682436201805 0
1765 -58.31102823133793 -56.15668270112548 0
1766 46.08315841814195 17.25562082546223 0
1767 11.96579721345977 0.03469988422858743 0
1768 -79.41070133450343 5.781599212607152 0
1769 7.242470136993096 -41.90975341035538 0
1770 93.88312739465212 -5.758846691811712 0
1771 98.56261170908653 -2.926648800111695 0
1772 29.25206704075337 -27.11352378034127 0
1773 -3.473486291118751 -0.519140030888245 0
1774 -3.228996477237388 0.1112036997021516 0
1775 -3.712168915607667 -1.172569397248291 0
1776 20.30010330111475 -28.38240363164394 0
1777 -89.4358845490529 28.77573327342417 0
1778 75.09239804059817 -41.98039241107798 0
1779 -10.60759823186027 -6.298209261890315 0
1780 99.97558568820715 -74.55994164606126 0
1781 99.92880676401694 -80.87663209447039 0
1782 21.66712619289606 -0.3310706312535285 0
1783 23.14134280888124 -1.37003261760377 0
1784 24.79521190577293 -0.6152535462172878 0
1785 38.11960002225878 54.30795435229931 0
1786 2.900737243338707 46.45174607823844 0
1787 -0.3093903301459184 44.32086074194503 0
1788 98.32717744363177 -34.71904852390732 0
1789 -29.91578701131453 77.01261549891248 0
1790 21.05753569944705 18.97283848909197 0
1791 -33.08129660419286 -43.32376503015463 0
1792 -33.76218057841095 -38.59502101391757 0
1793 27.04443620344854 -21.12735351105088 0
1794 -23.15696169038756 6.35282162236706 0
1795 22.90651099176131 41.61992673360147 0
1796 -2.011103774505123 1.440273420143048 0
1797 -2.419205488511476 1.903157230278508 0
1798 27.6431934643477 -93.01675779290925 0
1799 22.6407807888661 -89.79009123379066 0
1800 -54.90616132851451 -36.91203656510437 0
1801 0.01805571965789216 -3.138791103333009 0
1802 -0.1599741096980614 -3.772866674121468 0
1803 0.5115327930931154 -3.6223161336468 0
1804 0.3106609685450052 -4.311668937945829 0
1805 -4.565046259619757 17.04492048480547 0
1806 31.93838842329782 -18.54444317371457 0
1807 32.06848726915923 -21.81717186626206 0
1808 31.91505142537765 -15.69870243204063 0
1809 13.59720513029486 63.43948708833331 0
1810 -38.04587058607709 38.01774817547688 0
1811 75.2556146664967 4.161979183346823 0
1812 79.45770358598413 1.698234295903691 0
1813 80.53528623831969 84.31986843131472 0
1814 71.50759417517867 36.40487245034594 0
1815 67.21082210611274 38.87261827086839 0
1816 21.60501385211766 74.97459497402338 0
1817 1.901045773958526 -61.19471959692399 0
1818 -1.459683443049546 -64.12703783103123 0
1819 71.35181720224917 6.613925084788622 0
1820 71.42961306681921 11.15021149745942 0
1821 89.21139002363097 -8.352008770133168 0
1822 3.357758494549767 39.04781829654263 0
1823 20.22447066390133 0.6521117172046158 0
1824 -11.37664271970925 -12.75459295875904 0
1825 0.646220387033492 2.510107389022839 0
1826 0.7982472681986519 3.001266958434866 0
1827 -1.275863932883845 -15.04295760951711 0
1828 0.8910496662160328 -14.07211463437839 0
1829 -14.34230118957215 33.53212109291466 0
1830 103.3650336321087 23.56672110407267 0
1831 46.11233826141524 14.01306167721551 0
1832 35.2808028407068 17.03234853029128 0
1833 -64.99394807167461 54.95291221993853 0
1834 -60.40313170887418 57.57155917841562 0
1835 28.5948600283909 7.377456193586198 0
1836 51.65261240047241 95.5880344191891 0
1837 -14.44308131970844 65.56337927819276 0
1838 85.4995238227706 100.5460098920346 0
1839 80.35681009814628 96.96384190070748 0
1840 12.67416906979401 -34.29726110778241 0
1841 18.00684383433276 51.95006898127141 0
1842 103.187987334636 17.98754200201956 0
1843 -38.40479906000812 50.75865002295407 0
1844 13.36023418818878 4.637592620606444 0
1845 0.9589887882349056 0.3035321967176015 0
1846 0.8950639884689839 0.02311956481022287 0
1847 -21.08371315185364 22.27877508449108 0
1848 -18.5559240657858 23.86441756981054 0
1849 -18.63431743272251 26.82776423158277 0
1850 7.769337100102145 -12.92815554608193 0
1851 6.217416182888735 -11.85957172337777 0
1852 9.381880270376596 -14.00704146090235 0
1853 -7.409008109376305 -8.738672519379632 0
1854 -64.19361126814258 -36.84226207209054 0
1855 -5.569399830691951 -14.51450051846263 0
1856 -7.935560532505297 -15.5909411051189 0
1857 9.521495697240876 60.91131247396249 0
1858 9.712433501840149 56.17216142629751 0
1859 78.11722786085942 -99.09984864865589 0
1860 12.141252577786 -48.03488151183311 0
1861 12.88433601586733 -52.49422259272112 0
1862 -67.86910695581416 26.19482896720783 0
1863 -12.17883780729309 0.873929001445612 0
1864 1.560213325538939 0.1995751923792095 0
1865 -73.27563629920976 -48.66433424374699 0
1866 1.110723900341869 0.6188813935732549 0
1867 103.2696281573119 -37.62701419517185 0
1868 103.2615527727747 -43.39472412303812 0
1869 36.08971068711817 77.2577421829844 0
1870 3.6580448245291 -40.10980751571773 0
1871 22.20478801404352 9.108782942028519 0
1872 29.08649853293008 -1.908792621980465 0
1873 101.5247602143782 65.97805474674519 0
1874 101.4029935794516 59.96072659050924 0
1875 20.49458092446362 -25.17200598364152 0
1876 -24.18208818639145 -10.23409808244873 0
1877 -2.036660633969362 12.44302423850746 0
1878 -1.042355020550733 11.55086612545943 0
1879 -0.4704144807447881 0.1272803854365594 0
1880 -0.3862936916803584 0.2578483262857738 0
1881 -0.2046300813709894 0.2234869420363549 0
1882 -0.2664730348754932 0.3906931774651277 0
1883 -0.1085323872920019 0.3325902007114119 0
1884 -0.04822183854085017 0.2154279384017852 0
1885 0.02258273842836706 0.2819823674836813 0
1886 0.01428273660890155 0.4327740752040579 0
1887 0.165355112037574 0.4052678290454269 0
1888 0.1699063794876088 0.2423520737993839 0
1889 0.2158706962631074 0.0678785456932765 0
1890 0.196780546067694 0.06773413286060991 0
1891 0.2381634408149967 0.06598399264475581 0
1892 0.2638464895136786 0.3523962801757356 0
1893 0.2754592321379097 0.2508469395001538 0
1894 0.2553250944772317 0.4884296854431356 0
1895 37.89187282006692 -65.36059396501568 0
1896 42.50490008418042 -68.23907552272183 0
1897 42.44902592199006 -73.58059793937146 0
1898 70.56138644359336 -26.82495040784688 0
1899 83.47653181318023 -48.09326484386902 0
1900 83.17794522608034 -53.74910140384237 0
1901 -5.650867056028368 8.50345994928956 0
1902 -32.87126956792991 -64.72240338759359 0
1903 -37.601564973674 -67.71583401632525 0
1904 -38.04600257840569 -62.12612289705229 0
1905 -42.74247862175476 -65.18774241584376 0
1906 -43.12826995060272 -59.60042564142667 0
1907 -47.94974386127766 -62.45225155222164 0
1908 6.264790961046538 -10.08836255999993 0
1909 4.680824056983942 -10.84252334709875 0
1910 4.633006083711085 -12.69101228369499 0
1911 96.62547676585447 101.7149645847285 0
1912 102.4826201379828 97.58754361124814 0
1913 102.5616199288865 90.60015020663153 0
1914 -0.4569175830325441 0.4267517161996516 0
1915 -0.2661438274632556 0.6182373421157978 0
1916 0.3991674527806305 0.712883552657321 0
1917 83.70676473113305 -96.01645078213338 0
1918 83.58701350103543 -102.4731143830701 0
1919 89.25801621760691 -99.38914495733907 0
1920 5.923031924080131 -58.41087103937974 0
1921 -38.15074055146108 -56.46740003989648 0
1922 101.7425029389796 71.68197246372338 0
1923 -2.641632849005247 1.327221700860572 0
1924 -35.03981090826318 74.40911690208935 0
1925 -36.45026784446435 22.44635116514726 0
1926 -39.9754602857933 24.11041946526942 0
1927 -40.2593430267078 28.0721976557694 0
1928 -0.8478755890617462 -12.82844644487327 0
1929 7.62784940258478 6.303560567295203 0
1930 7.875871325717644 7.438636688194414 0
1931 6.72184192059826 7.144758334965125 0
1932 7.039436441831096 8.329081499244598 0
1933 5.867948247385709 7.960748906660393 0
1934 5.563903050212532 6.821947504659861 0
1935 4.699350630885771 7.631618906688418 0
1936 4.965763601592405 8.772270829915151 0
1937 3.80686630512651 8.441898782297184 0
1938 4.056268768044125 9.632506053722059 0
1939 2.870452649060468 9.269326897398804 0
1940 3.141993359993038 10.51312738158419 0
1941 1.926698375422532 10.10650433440765 0
1942 1.624763273987142 8.864098861387564 0
1943 1.227784319942699 60.72995582102025 0
1944 -63.09126436497723 -59.35051986883275 0
1945 67.3798831938885 8.947909967784517 0
1946 1.049404416826544 -4.133142654283034 0
1947 -3.047466267047796 1.841640989127647 0
1948 47.50940831251286 -32.97734056499101 0
1949 25.34770685405234 5.055953057233805 0
1950 -46.58599766289939 19.74038736064045 0
1951 -50.07692316078131 17.29697356913597 0
1952 8.390406045115299 -7.909846623804007 0
1953 105.4716670880194 -77.84814355232766 0
1954 24.59416907415241 -2.723758358156296 0
1955 -23.81197973395427 -31.64912182772204 0
1956 20.12492207419458 -1.023983562716736 0
1957 -10.92692822103746 11.1463378281828 0
1958 -10.60962316024717 12.90142894154665 0
1959 -16.07639223151907 25.32910228281687 0
1960 -33.04748560602471 -48.40784482015557 0
1961 -57.85522783085091 -62.00362309070434 0
1962 9.3907417623982 1.830348361340366 0
1963 80.08732647435934 31.94138956789822 0
1964 0.663607915809274 9.686062385165657 0
1965 -0.153374418507893 -0.7188164534204173 0
1966 -0.3417881659884682 -0.7302360473766409 0
1967 0.6156726425071024 -87.22351046475762 0
1968 5.513501757698727 -89.44161310859285 0
1969 10.43697893058252 -86.50775588507443 0
1970 10.36699187089251 -92.4521955818891 0
1971 1.627277390563835 1.765321358973491 0
1972 1.857892040999977 2.175740823486129 0
1973 -5.927319870910543 -17.08077294563222 0
1974 -23.09669919333742 -40.07455274865747 0
1975 43.68997403098764 -47.39142308599705 0
1976 71.3088237781858 41.17672307550909 0
1977 67.01192910423261 43.81760250505469 0
1978 62.87059640617696 41.35939754587659 0
1979 62.74084392798285 46.26256765859956 0
1980 58.54736245496134 43.78789691945043 0
1981 58.42555531855866 48.65380193976432 0
1982 54.24584305384813 46.18352863856354 0
1983 54.26793727138128 51.05883628043388 0
1984 50.19997383205507 48.42720817405383 0
1985 66.90571590961002 -33.82424389120678 0
1986 -1.919658396144203 -3.56303277662463 0
1987 11.94192849576161 -0.9512872415551783 0
1988 72.60599933381235 -101.9221035985005 0
1989 67.31703844179046 -98.64707851637252 0
1990 52.24925384384112 20.86554629509035 0
1991 9.056620537391094 7.81673619025094 0
1992 32.96374563559516 -36.43927683796191 0
1993 8.437956217165326 1.604822559361018 0
1994 2.979431735031111 -11.56727619601939 0
1995 -0.5758020498731328 13.02452058304245 0
1996 16.24150857816873 -32.48138229326469 0
1997 -48.62241731858862 66.41606536170237 0
1998 -5.934432792014111 -62.40252295251654 0
1999 43.01824809500042 22.38070938525812 0
2000 40.09177239929784 24.08375372699618 0
2001 103.4067653604499 -5.304036185682495 0
2002 103.1617517940754 0.2686559179626444 0
2003 92.93569000765312 -54.29172210238714 0
2004 98.0332627619961 -51.67887402358161 0
2005 -34.0625842734601 48.88843562488601 0
2006 6.00394240694638 -3.093802812573895 0
2007 6.110639963308596 1.32020745225284 0
2008 0.2771247521837441 -0.3154979273897885 0
2009 0.3184380824359776 -0.2524960487401112 0
2010 0.384910160380112 -0.2444234848754521 0
2011 0.345886364244096 -0.1918927295699731 0
2012 0.291959066693619 -0.1985938526011607 0
2013 0.4016235281834782 -0.1838948066583218 0
2014 0.4383314715382723 -0.2239498056947401 0
2015 0.4475633012835574 -0.1676592321628349 0
2016 0.3089383118657531 -0.1503849478263613 0
2017 0.2686068850613096 -0.1573150679903043 0
2018 0.4199234561310795 -0.1433933158734844 0
2019 0.4652010108538236 -0.131680445835033 0
2020 0.4889523165781653 -0.1579397447554257 0
2021 0.4926062035272704 -0.1249133289647035 0
2022 0.5239342183924177 -0.14030286181586 0
2023 0.5190744463281511 -0.1841358716432125 0
2024 0.5554395004056825 -0.166216747158195 0
2025 0.560123065073123 -0.1284986893818678 0
2026 0.5899856456912909 -0.1485768966285564 0
2027 0.6126676790389214 -0.05260566219999082 0
2028 0.5892222631908866 -0.1102001286743731 0
2029 0.6195447320527109 -0.1301952301816303 0
2030 0.6208755147946696 -0.1692980701569193 0
2031 0.6560072548922001 -0.1419988514530555 0
2032 0.6566784287524491 -0.1947872726704523 0
2033 0.6935648136445556 -0.1668859443153943 0
2034 0.6939046677732377 -0.1251299504044655 0
2035 0.7285242887721002 -0.1426618708968104 0
2036 0.8141239811090926 -0.03247758566579501 0
2037 0.7332567720236538 -0.04153690770614977 0
2038 0.8338795032329456 -0.02937973139602308 0
2039 0.7943390230363749 -0.03554407582223076 0
2040 0.7227453265800486 -0.1065237953377071 0
2041 0.7579966488728679 -0.1158895918503224 0
2042 0.6958969786742648 -0.2108256767309579 0
2043 0.7645695262400226 -0.1583149935036162 0
2044 0.7933698569886444 -0.1323857068647568 0
2045 0.7887684708496081 -0.09432612877515278 0
2046 0.8204069451038903 -0.1079195671087777 0
2047 0.8300498858292419 -0.1457862290525718 0
2048 0.8585445952173194 -0.118173914617321 0
2049 0.8849268683374909 -0.02416834790094794 0
2050 0.9039783105719894 -0.02049790482905706 0
2051 0.8704671311049639 -0.157840235490129 0
2052 0.9024622022978477 -0.1203134007133465 0
2053 0.9151607073510389 -0.1719824890303744 0
2054 0.9473090093833726 -0.1345188961584672 0
2055 0.9392376368569578 -0.08674669320819638 0
2056 0.9768584781620587 -0.09978457745916414 0
2057 0.2803940382517768 -0.1250097050605829 0
2058 0.2509828879802323 -0.1269801480300091 0
2059 0.2345143081983391 -0.1556639689611422 0
2060 0.2171159896113619 -0.1226176589237853 0
2061 0.3265484763895667 -0.1209384490712472 0
2062 0.2012472836018215 -0.1511200130801204 0
2063 0.184692115832133 -0.1256930225190362 0
2064 0.6170453339102776 -0.09881571510193583 0
2065 0.6952940023151482 -0.08935075205776152 0
2066 0.8457649688753028 -0.08289843365731289 0
2067 0.9692855921090789 -0.06615879436691116 0
2068 0.9973273964838762 -0.07144468178972826 0
2069 1.01181299555513 -0.1054332057378863 0
2070 1.027151162769621 -0.07206681505745861 0
2071 1.021463802392719 -0.0418271107367356 0
2072 0.9971005865619942 -0.007125120653244296 0
2073 1.048621251066571 -0.0473123911717804 0
2074 1.034931172891196 -0.02016222217614802 0
2075 1.070012430480193 -0.02181374098647793 0
2076 1.049295046013121 0.007405477468108798 0
2077 0.4339089643994041 -0.1108222683275592 0
2078 0.2150511372948068 -0.1845475209895847 0
2079 0.5607331638807809 -0.09802263784238391 0
2080 0.7210376615588143 -0.07852158292254945 0
2081 1.087435689703861 -0.05570861349996209 0
2082 0.2380946292562017 -0.09990942951663294 0
2083 0.2370853540474296 -0.06774510319190083 0
2084 0.2137648088986349 -0.09697175612585682 0
2085 0.1964329672417038 -0.06595447519309736 0
2086 103.128495974429 104.1384481164108 0
2087 1.232739915274917 -0.5507341494489267 0
2088 1.198238423266935 -0.746388956181852 0
2089 -38.19444940051952 42.6215749234667 0
2090 66.86640111212095 48.70648880874348 0
2091 -25.599293111005 49.61065652981149 0
2092 0.1679084976637816 -0.1498961270854542 0
2093 0.1541028789908644 -0.1187821276471632 0
2094 42.38516848448971 -57.01162766966937 0
2095 2.213626003282053 -0.03187933473578093 0
2096 1.963100765552587 0.1411441799738273 0
2097 2.109431628683801 0.5716168950002787 0
2098 2.307576321453273 0.8382682867369224 0
2099 2.129177093310028 1.146191463106464 0
2100 93.67663835443909 34.9714921131161 0
2101 98.5815559384673 37.96919743115924 0
2102 103.6294391731423 35.10785483362392 0
2103 103.5006555818662 40.58706677587799 0
2104 21.92563896265029 92.03755090212493 0
2105 5.364936093951774 0.8503075220193612 0
2106 -30.69404268938643 42.38556028388216 0
2107 78.69701168774742 -50.55574628741303 0
2108 -8.920438127169453 13.43203157716129 0
2109 -0.1003867107668029 -0.1177315841658207 0
2110 -27.29432210427144 -33.74674225827304 0
2111 -8.075269763353711 -71.82343542451979 0
2112 -0.993812824345959 2.582883611196198 0
2113 17.43414933995946 12.01315636953557 0
2114 19.25593168666899 12.9880806069115 0
2115 17.36321127504146 14.0157599098743 0
2116 19.37228002496893 15.07283123148833 0
2117 17.35038816145826 16.12181042683581 0
2118 15.51938430439441 15.07695506919758 0
2119 15.45038139745315 17.15597922406722 0
2120 13.6461195528131 16.10030124658643 0
2121 13.58251832522864 18.1850688781135 0
2122 11.84376959443624 17.12083015224273 0
2123 11.72868017249596 19.2175873274259 0
2124 9.970248797976252 18.1312140201754 0
2125 9.833795606380036 20.23875264852506 0
2126 20.81016144047492 11.93435843978692 0
2127 37.9490733083728 -81.6123478569566 0
2128 -46.83771414684153 49.32019565031943 0
2129 -51.3738798959379 51.78934475118496 0
2130 11.73976749061959 8.570094905253477 0
2131 0.2604024012362107 -0.2467118647711322 0
2132 1.327805888140443 -1.21249159810569 0
2133 0.6260885349549095 -30.14763702852125 0
2134 0.1835370054163346 -0.09245093511657471 0
2135 -20.73911235445877 -6.173935935607713 0
2136 -20.36222208430974 -3.515054010267005 0
2137 -41.7109884252869 -71.01541538674566 0
2138 0.5627720466403292 11.92947867569268 0
2139 7.980514902178653 19.12921501153985 0
2140 7.932187865448814 21.30366691023307 0
2141 0.3037360710661897 -0.09445974951841664 0
2142 -1.353957191430434 3.102860519627247 0
2143 -1.969420427936393 3.107223875420788 0
2144 34.29931177284013 -17.0733202343743 0
2145 89.19971103783428 -3.353915973016782 0
2146 0.9253025780391715 -0.05646683056473774 0
2147 0.9058455298981777 -0.07850912203183293 0
2148 0.9514863593447129 -0.03726994862595771 0
2149 26.98513194769077 94.94236256118418 0
2150 -79.29805270842935 28.71946939041381 0
2151 85.76941790073514 -5.859531867902245 0
2152 0.9730680528832905 0.175345901283632 0
2153 -16.07001105884581 28.2339120309326 0
2154 -16.84465968064993 -83.15332795341268 0
2155 0.878215572884718 -4.905005622570738 0
2156 0.5976990874531686 -0.08451458759732373 0
2157 6.152412957327986 20.24946112328941 0
2158 6.019337736500241 22.39356698181099 0
2159 4.201594901436811 21.28654244982114 0
2160 4.055376945705578 23.49761863155315 0
2161 66.80384328341475 -105.297101185408 0
2162 18.5691657513257 -43.8237614511594 0
2163 15.1333199280525 -41.47777864718661 0
2164 55.67290486858167 98.80816415697808 0
2165 0.9728895927081936 -0.1826766908072169 0
2166 -3.909619673842311 0.0719828713418821 0
2167 -20.22926735600223 71.33649371208703 0
2168 -20.78573183420593 77.4149563883433 0
2169 -0.9763919465689261 -0.1110286602543559 0
2170 -8.335491305861852 -18.20654322133649 0
2171 -6.376258494406387 -19.40008332468655 0
2172 1.251608001228586 -0.1086786976184912 0
2173 0.6682274363643228 -0.1035351790390145 0
2174 58.29829599982665 53.51735098974859 0
2175 15.48134943930195 -8.553548861225941 0
2176 13.86491838292079 -7.638671881560719 0
2177 12.61955703482713 -16.33173779614607 0
2178 19.57231310708471 43.49698197350902 0
2179 10.42682153969172 2.08457120143055 0
2180 10.77587830480059 3.076059563526941 0
2181 11.64959986359588 2.141094532548185 0
2182 30.34513660365331 31.56897646356364 0
2183 33.33236964211759 30.11271099589113 0
2184 31.12704379132565 74.57896539690127 0
2185 32.18165977747588 -28.90792436067337 0
2186 -43.80713321358066 69.36006260479277 0
2187 -1.799042531192832 8.837848350019549 0
2188 -2.980381901543413 8.432197567108451 0
2189 63.5851815691708 -45.64606834641035 0
2190 0.4438536086725162 0.8945239761162515 0
2191 -43.67610639467651 25.82822471039101 0
2192 -2.348505078512586 -2.929501433828936 0
2193 17.68145817871696 -26.74960296403579 0
2194 103.3980820898698 -31.80914228505709 0
2195 14.07203087481595 -13.10460071491674 0
2196 90.42206835427237 54.73378346793623 0
2197 95.4820274995157 51.77246332343403 0
2198 54.03951328497494 -71.10368555807169 0
2199 -41.71059899501227 -48.66287370420645 0
2200 12.84355660148972 -0.4558876465736011 0
2201 0.6716088680146373 -0.07394675614502601 0
2202 -3.635298351083867 0.6979284716913086 0
2203 1.301367689884643 0.3258337128463964 0
2204 -31.84651467609281 -76.02088906783804 0
2205 -26.950406004831 -78.4338418728434 0
2206 105.3166026893154 -84.03091767960811 0
2207 99.81980224795257 -87.19563156631077 0
2208 2.14606726795741 22.454894320692 0
2209 2.020064549736109 24.67979920393442 0
2210 4.051422473316589 25.89610117623247 0
2211 1.868552435580857 27.2084990092893 0
2212 4.06362055254383 28.43329936299628 0
2213 1.796766279629948 29.86473690696413 0
2214 -0.1895262876836299 25.77708464940655 0
2215 0.5369805654404712 -0.1089594829283465 0
2216 0.7444012758484028 -0.08737744136581926 0
2217 27.28079114025691 33.06502808483521 0
2218 24.53615210372068 31.40298833922613 0
2219 24.2420276664425 34.68596118005699 0
2220 21.52513992469786 33.00859661578548 0
2221 21.03053631638456 36.10580376096267 0
2222 71.7263545651841 89.66105245373691 0
2223 71.46788686888382 83.46431649747581 0
2224 89.05887507127336 -105.7474822087803 0
2225 94.77759994653519 -102.5648947538546 0
2226 0.5348110001270551 -33.74945720338098 0
2227 -34.98207352371168 80.20872107756529 0
2228 32.84263587944635 -96.01516864854145 0
2229 17.24618390984591 18.30880931996829 0
2230 61.23792636044144 -101.1346540197034 0
2231 92.95216339407722 13.64269953141993 0
2232 97.56372691523947 10.82742618560459 0
2233 41.55554431535673 84.93879894889584 0
2234 -0.1333998448589633 0.1099495531456195 0
2235 53.94350450955664 56.02856489555735 0
2236 37.72344418411595 -93.62889359159996 0
2237 37.92338664414592 -99.40075967583877 0
2238 75.15231078451997 -0.3923291586442205 0
2239 -68.82260071299419 31.47580922533409 0
2240 7.375970448666409 -0.2220370402467107 0
2241 0.5417995163252818 -0.08272077615620362 0
2242 0.520478978360724 -0.09375868100670359 0
2243 0.499452739761263 -0.06299281279834454 0
2244 0.3758722186774897 0.3987760193265683 0
2245 -32.7105853444945 21.06569423674463 0
2246 0.5561993790223734 -0.2081282559625948 0
2247 62.887993699549 -88.91043247259552 0
2248 88.83105535814539 -62.26794909796664 0
2249 84.01008054448059 -65.18431554504556 0
2250 106.3116332210618 62.85676021981218 0
2251 -68.15899819549256 -56.28692033561509 0
2252 1.435246824845689 -0.6638839910501446 0
2253 1.661423052479435 -1.090001835055515 0
2254 0.8068827952745139 13.32445606902932 0
2255 5.296713792492846 -3.38732463416811 0
2256 -19.36485883052873 -42.11828835464584 0
2257 105.2613968082857 -90.12740470969632 0
2258 6.828724496044714 1.728887149133378 0
2259 -0.07237147765192242 -1.367980949902811 0
2260 0.004726259141208927 -1.054823653160404 0
2261 4.506378690186828 6.568541496369958 0
2262 2.453075351556935 -23.71148557733142 0
2263 -0.20511188014091 -25.0724644030094 0
2264 -2.701418803640005 -23.43311961247331 0
2265 -3.191556236596415 -26.41461188783894 0
2266 41.78994784881942 91.46914707006886 0
2267 36.97000847383954 94.94854445569732 0
2268 41.18252718090734 98.05272072927529 0
2269 94.69208525523477 -96.25371095775856 0
2270 100.3963443959227 -99.64373847238963 0
2271 0.5105759383569679 -0.3053647035987859 0
2272 0.6896716845840511 -0.06702775095245858 0
2273 2.084649228665366 1.807720236526873 0
2274 2.398673952265325 2.189181350681637 0
2275 11.92867287486905 3.232296391829762 0
2276 23.5486652790038 -23.6674174439995 0
2277 -2.825972845112026 2.429546264886139 0
2278 57.75718788872683 58.80835531629791 0
2279 0.214306928814628 -1.282401646395 0
2280 0.2905853231632627 -0.9899339150670261 0
2281 0.1193151422115128 -0.833307537163536 0
2282 -53.93150451783072 63.65682892566277 0
2283 -0.4685751030735037 48.04564949008457 0
2284 -3.711167535085446 45.92108460422094 0
2285 -16.04245510224209 22.75149572610569 0
2286 98.3779214417772 -28.85632093397567 0
2287 9.567563530164449 -36.0291599635418 0
2288 23.79578853130215 -78.33616231411887 0
2289 1.204398847857562 -3.400688926773387 0
2290 1.779524867226669 -3.922693187644622 0
2291 -64.02082398223723 33.98429975149409 0
2292 0.3455545349918021 -0.1449903010858076 0
2293 0.3516179291896034 -0.1145898613020212 0
2294 0.3332759350494308 -0.09543273128388952 0
2295 0.3486784940554544 -0.06809029599367218 0
2296 0.4729799503700532 -0.1045596500787052 0
2297 93.85751239129573 40.51563419625486 0
2298 12.82046692321906 -1.415798600734172 0
2299 3.48499182382796 -1.137762991885355 0
2300 3.99154723157564 -1.029386102071311 0
2301 4.196535622622187 -0.5045876076323172 0
2302 4.514305816808006 -0.9688024901846672 0
2303 0.9879995930342389 0.3949920155715371 0
2304 16.91188777218636 -9.384030126167904 0
2305 17.06767950404382 -11.08087611499038 0
2306 18.58304387029389 -9.838965604352367 0
2307 18.74375501613314 -11.83930453622937 0
2308 2.877604095601488 50.23580845500142 0
2309 20.27359562673183 -10.93886931462992 0
2310 1.088122123732794 0.007416703856115528 0
2311 0.3566123081525456 -0.09063751612059914 0
2312 0.3732518149385831 -0.106091845420172 0
2313 0.3892135285707012 -0.06694523097976821 0
2314 97.84819082852738 -57.56061535119969 0
2315 103.2436050050483 -55.0576738108135 0
2316 102.7349052347205 -60.47967270248415 0
2317 0.2822566340787556 2.942783019809343 0
2318 2.582167061024179 3.014450012232035 0
2319 93.09184248407811 4.110093594490288 0
2320 6.28057878049521 -63.01633835582553 0
2321 0.9560699569069637 -0.01397792087487674 0
2322 0.9747581291525064 -0.7426713806059616 0
2323 43.13276696069394 25.92277373144505 0
2324 9.422481049695275 65.67377753020133 0
2325 13.55203505218818 68.32673095739189 0
2326 -4.465518289547772 0.7145749839026277 0
2327 -4.091494035363283 1.281368988765714 0
2328 3.439811890483256 -9.901345981873625 0
2329 -13.98853694548934 24.11005732383615 0
2330 33.21828787838324 33.3091199975059 0
2331 2.037846838139359 11.33850792767103 0
2332 -84.56074657498898 43.28229717827833 0
2333 -84.62933399023892 37.29389387734853 0
2334 -84.48921119282249 49.55254992354307 0
2335 5.271205946567187 5.723138140089395 0
2336 105.7151260070899 -71.27574091920584 0
2337 -0.2073762296536487 -5.841231054486529 0
2338 1.617908627210619 4.037703173033629 0
2339 67.28019766207602 -42.72915593691929 0
2340 -37.44319009008074 33.86402191483916 0
2341 4.837041485143155 -2.832254049791607 0
2342 -4.783666546116683 2.697488252521907 0
2343 25.52344999278507 7.085194358595871 0
2344 0.6304213002910294 0.4554065502794755 0
2345 0.9012833735085264 -0.04998746354707749 0
2346 0.8834323804693458 -0.06559869203487699 0
2347 0.4805830413968522 -1.204276053822443 0
2348 0.5818004443439044 -0.9515438869943122 0
2349 -4.142733562432264 -76.9674841818458 0
2350 4.31718588210283 10.86297085538482 0
2351 1.049861815674974 -0.1082685732382081 0
2352 -5.831781517617598 -24.50549134687051 0
2353 18.7264264350141 5.689372900165163 0
2354 22.78315800428292 -3.127250470384915 0
2355 71.72424455338482 95.92480621956791 0
2356 66.23542358012268 99.05396224765703 0
2357 71.73336405935798 102.31932337319 0
2358 66.51350962760904 105.7465252116124 0
2359 0.6176229966216182 -0.07511285170627856 0
2360 0.6327723895845209 -0.08562380212289411 0
2361 0.9852800281220991 -0.04408824276981758 0
2362 1.374440213664208 3.035009746189732 0
2363 -10.81249840001053 -85.11125404936766 0
2364 0.7260646088591821 3.88647088078384 0
2365 1.024859428102742 -0.0001249381360217226 0
2366 1.03578193628634 0.03059487621190941 0
2367 1.010982036473755 0.02426728588042484 0
2368 1.016775134766159 0.04563956496166038 0
2369 0.9937654433333561 0.04329501025997412 0
2370 0.9664230121287813 0.01573393176458385 0
2371 0.9989973901671644 0.07186338506392892 0
2372 0.9677424072871152 0.06160319404637745 0
2373 1.015651987688645 -0.01358054843661378 0
2374 0.9767771974227456 0.0991278966830568 0
2375 0.9412163792490811 0.08968990835432347 0
2376 0.933054346715389 0.05481563735815896 0
2377 0.9052535330158415 0.07529161764697107 0
2378 0.7935111804977235 0.03368759128325598 0
2379 0.8144346490300883 0.03294875438799431 0
2380 0.7734498073787639 0.03930118270683447 0
2381 0.9131704972932259 0.1146149228271308 0
2382 0.8820800421018929 0.09552483650286439 0
2383 0.8785286253263587 0.1322483997717148 0
2384 0.8349032890817046 0.1299180009697193 0
2385 0.6924201916722376 0.04773410045220598 0
2386 0.8477427469171521 0.1698737169718999 0
2387 0.8059724317439518 0.1567110088379693 0
2388 0.6714290811998063 0.04731881112960425 0
2389 0.7138767278688803 0.04187434129431078 0
2390 0.8083958509551086 0.2045803131047626 0
2391 0.7629188053346851 0.1760533436618524 0
2392 0.7492210410019318 0.1323432027690786 0
2393 0.7122192483118025 0.1538049706001874 0
2394 0.7149667458955771 0.2110360499516225 0
2395 0.6703727473449473 0.1839172048740741 0
2396 0.5925246200995368 0.05288516956371567 0
2397 0.5711649480551937 0.05783228651398915 0
2398 0.6123556871069042 0.0528657550879922 0
2399 0.6646988477722812 0.1322900916048738 0
2400 0.630622200743612 0.1599880886929424 0
2401 0.6259917072671592 0.2089380338946028 0
2402 0.5858758262850029 0.1738134355351183 0
2403 0.5006593690543679 0.06294965209360792 0
2404 0.4812472539120464 0.06075953463391007 0
2405 0.5200908586266765 0.05848311237857179 0
2406 0.5774524620800722 0.2289027866014928 0
2407 0.5360562519428671 0.1959137700542119 0
2408 0.5468145757688971 0.1425404008087741 0
2409 0.4973536869394478 0.1628192881537445 0
2410 0.4873324905573765 0.2141631965157114 0
2411 0.4517898630311411 0.1791379057685147 0
2412 0.4348363917950335 0.2314116338537617 0
2413 0.482524967690103 0.2715304398552923 0
2414 0.6297217186651105 0.1256649598267464 0
2415 0.4585021208354679 0.1305862423572633 0
2416 0.4297022411813874 0.06487704719826043 0
2417 0.4225979043801431 0.1409182851179157 0
2418 0.6682370514763083 0.09708485140693328 0
2419 0.9157992362206167 0.02128591305373783 0
2420 0.8373456958533512 0.07772883682407686 0
2421 0.6264540115159598 0.26903061827087 0
2422 0.434925387053706 0.1144844380158355 0
2423 0.3983499764488441 0.1177528136618349 0
2424 0.3900758301525886 0.1455484238064321 0
2425 0.3652665952798935 0.1207711780493808 0
2426 0.3558529129440083 0.1539328750052143 0
2427 0.3323527527056219 0.1315654467577191 0
2428 0.469830238756997 0.1014177585868276 0
2429 0.6371184453806936 0.08495459553209253 0
2430 0.4886101850383941 0.1183120062249548 0
2431 0.319332688517077 0.1618576260915633 0
2432 0.2969078157366274 0.1310656079568304 0
2433 0.3478997363701909 0.1970907392116226 0
2434 0.6959736326643989 0.1128925251359503 0
2435 0.6924700992485638 0.08122343015562589 0
2436 0.7168649527518838 0.09413101835775334 0
2437 0.491009503630213 0.09167533945537892 0
2438 0.5111760773432011 0.106730306970434 0
2439 0.3826535221557749 0.09471990152685693 0
2440 0.3557257967143991 0.09838602237724059 0
2441 0.3398332078600548 0.06994812889627969 0
2442 0.3800304619757928 0.06546431052622829 0
2443 0.3196623940300442 0.09636356096980772 0
2444 0.4052091001174707 0.09596673920192346 0
2445 0.7931258899111945 0.106613401099647 0
2446 0.8649434845791855 0.2228305602489711 0
2447 0.8090241079670808 0.2711766183015245 0
2448 0.6679266659863319 0.0718321309616828 0
2449 0.2837906244409794 0.1594304379088451 0
2450 0.25287447405683 0.1336095535363411 0
2451 0.2504112094675975 0.1836099061038314 0
2452 0.2125904788707909 0.1487393772325224 0
2453 0.2727359775741454 0.1034459738685112 0
2454 0.2888656929959783 0.06680463029013022 0
2455 0.2424312610148084 0.1056993479555742 0
2456 0.2017481916640942 0.1008489680747042 0
2457 0.4443674820937697 0.08576349431622617 0
2458 0.5843472734840222 0.1385548195152772 0
2459 0.5507840534308568 0.1081203506911925 0
2460 0.8760926258783237 0.06348489761958409 0
2461 0.8643608116918703 0.02835781860424189 0
2462 0.7159084817475346 0.07061994541233341 0
2463 0.7357777135661838 0.0778788573843258 0
2464 0.905102337932245 0.04471963010443498 0
2465 0.512289562824199 0.08464540559550215 0
2466 0.5508831857268026 0.297385384043294 0
2467 4.438495565876418 30.87045338932531 0
2468 2.200278069310115 32.59250036077624 0
2469 0.4129030589708526 0.296953649416323 0
2470 0.4783672501840779 0.3477209778839198 0
2471 -10.18574479919727 -16.34736783904167 0
2472 50.55023824185312 100.7770953972519 0
2473 4.878645931859691 -0.360034314302507 0
2474 -5.511847472882872 -1.049598288586603 0
2475 -4.712079643137853 -2.067255938176408 0
2476 -90.35699095439637 41.24771864430495 0
2477 2.09379423660143 2.621652429938029 0
2478 -49.16318489458362 72.1561775611504 0
2479 110.5165900976642 -80.71313986674576 0
2480 -2.663645805561363 -3.687204265496902 0
2481 -2.013120184824809 -2.239372125585434 0
2482 18.88259218804203 -0.08174900599399654 0
2483 18.82779104931925 1.537614218739638 0
2484 100.3395637269688 -107.1389621598721 0
2485 2.747605919101828 0.7702962841764984 0
2486 70.46667697247831 -22.1887475288252 0
2487 66.36156481766521 -21.00144936534065 0
2488 0.1329472716309427 -0.1494057004830194 0
2489 0.1229141245377457 -0.1175516376503679 0
2490 0.1390644405243235 -0.09290601192648505 0
2491 0.1136792237844654 -0.09302983128912502 0
2492 0.0957296718838872 -0.1110328655862499 0
2493 0.1040337110654554 -0.05836135042203471 0
2494 0.08864879621705515 -0.0855836116414722 0
2495 0.06986395157142811 -0.106629654843774 0
2496 0.06206064123798032 -0.07970395904371431 0
2497 0.04087053236986314 -0.1018422861528875 0
2498 0.05043495969363943 -0.1333489749480388 0
2499 0.01493620946287342 -0.1267845070702538 0
2500 0.01121067688105037 -0.08764514759094302 0
2501 0.03174012019932404 -0.04019702181590612 0
2502 0.02736970936797225 -0.1669539792261169 0
2503 -0.02263524147807974 -0.1543609686127803 0
2504 -0.009170810453864144 -0.2110085182711494 0
2505 -1.712651197297387 3.657145551749307 0
2506 1.020223098668306 -0.1481849966351663 0
2507 -48.16766477443259 -55.44976464560626 0
2508 0.2629728563814527 -0.1034777727402813 0
2509 74.96752613828943 -32.7170368104255 0
2510 -1.302766698289673 -4.244900098920866 0
2511 78.98761799969431 103.2400058753482 0
2512 86.07200081379706 107.1064741399882 0
2513 22.3346571311628 -95.51691542713213 0
2514 -0.2502475046543753 7.141481819244925 0
2515 32.68080322462031 -25.2711100131725 0
2516 8.124188020289818 23.45768292511839 0
2517 11.60149773427675 5.224610040935241 0
2518 12.14222011826582 6.369815831876568 0
2519 1.722279981966446 -0.6600361325039293 0
2520 0.7382877249499501 -0.06384368538539163 0
2521 0.7585446369222917 -0.07039843871454621 0
2522 3.347363568547317 -4.7206515695505 0
2523 0.6103209221119702 -0.2208326755922296 0
2524 36.74970535060906 101.139161711988 0
2525 7.494656528107461 -14.7689073129745 0
2526 8.923046612413639 -16.04789518027493 0
2527 12.18719227827132 -7.287279887262855 0
2528 0.07029349214941184 0.1968654242260267 0
2529 -3.12731016059551 -13.25931547482718 0
2530 -3.297202724333361 -11.15266191161785 0
2531 0.5605947342597333 -0.07633853965449057 0
2532 -35.80447437253372 18.55593476237536 0
2533 0.7308941893465134 0.05728692278553581 0
2534 0.7515805853349745 0.06509876514676741 0
2535 0.7572763936050819 0.08483874069119685 0
2536 0.771499942000285 0.06920806153514292 0
2537 49.37182300182074 15.33506208350563 0
2538 67.74290740973974 4.557865094240989 0
2539 0.5125158327253537 -0.2345994358829581 0
2540 -29.51573690568432 -40.54590565336454 0
2541 0.9560553672276242 0.04104675986813492 0
2542 34.24425838400298 -14.33356816734846 0
2543 36.74109814240345 -15.65103641701987 0
2544 31.91542810501106 -13.20297722293404 0
2545 0.7775623062123209 -0.2878650127667595 0
2546 -6.508175477895134 -27.92810421789254 0
2547 12.83167144703954 0.5222549758299428 0
2548 -9.021209529533888 -7.621813439025886 0
2549 -7.316433101484709 -6.978581172275375 0
2550 -8.819547455524901 -5.869089723369599 0
2551 -10.13428927743766 -4.54677433348356 0
2552 -5.75498862881326 -7.887972649622171 0
2553 -5.738475591637503 -9.695518306551982 0
2554 -4.180280764685838 -8.668126387376319 0
2555 -0.4157635247415303 -0.5115476302608735 0
2556 -27.73487644059296 -29.62620512898239 0
2557 -31.20059036005543 -31.83523952731245 0
2558 -42.28977689648638 40.81439660290039 0
2559 108.9072155396718 37.96811863783665 0
2560 83.74316259492622 -1.610806176080714 0
2561 75.9067468250642 38.84293734903937 0
2562 108.4585249734316 -34.8312268287123 0
2563 -2.725883543034315 -2.245328673974986 0
2564 -10.28087820713136 14.69555181929761 0
2565 -31.72848334934069 -82.10431355654649 0
2566 0.3711693335824929 -0.1311146043565782 0
2567 0.194985943446082 0.18752004892508 0
2568 0.1628550631548454 0.1476088826870298 0
2569 0.1251432394653026 0.05913799486650675 0
2570 -0.3001745534485309 0.9178727399702271 0
2571 -4.857508543688218 1.345650961342446 0
2572 37.13298248314774 22.24551671035085 0
2573 36.75337002421531 25.43561369310459 0
2574 2.879915685989756 -15.52720131396836 0
2575 9.861297933049075 -3.816094587636207 0
2576 10.76621641106705 -3.240010804586124 0
2577 11.0058975574309 -2.268588163020319 0
2578 8.948367719347408 -3.20876069588417 0
2579 78.73466984594651 -2.94133940680985 0
2580 26.32070748663725 -1.744621460407639 0
2581 26.5133910862024 0.2470706187630729 0
2582 33.12280367162399 20.49793492668334 0
2583 54.83978804735575 41.10604553008242 0
2584 5.401771812311221 1.706263522744525 0
2585 4.760895211762397 1.380538938085296 0
2586 -79.71902822831441 52.5084594530239 0
2587 -0.9893928161480104 31.30167491640274 0
2588 0.3497465641683478 8.298939457674473 0
2589 -3.602050880247463 41.91366367078466 0
2590 -7.007625725385857 44.15080573455135 0
2591 0.8389990847722795 -0.1816032651735483 0
2592 0.8839327866592389 0.04189811665162961 0
2593 10.51425587795459 9.307021882915063 0
2594 2.25075431771136 0.273277884343662 0
2595 -17.37158158819001 -16.73995635293554 0
2596 -17.69481892569974 -13.66571918405523 0
2597 -15.06683641118583 -14.99979520476172 0
2598 -20.39590971977584 -12.06048631634945 0
2599 -23.3976743976844 -13.24528639594016 0
2600 67.25706008271942 13.24277046962428 0
2601 71.34464458292938 15.58118095434265 0
2602 67.09619136735529 17.85241388785851 0
2603 66.08609406743898 22.33741611236903 0
2604 0.2548711503080704 0.08796790008980226 0
2605 0.8155083345957854 -0.07710806889395147 0
2606 0.8292345064370178 -0.0592437001678261 0
2607 0.8121901947280613 -0.05823827849236665 0
2608 0.7957484161019749 -0.0643900620904598 0
2609 0.4719851889240598 0.08169438573824309 0
2610 -21.11830099410923 -8.632854218266097 0
2611 -23.22709384316036 -7.02386050902764 0
2612 7.630338991481631 10.89385136542946 0
2613 6.398021738944015 10.32731598167454 0
2614 -11.81298433446392 -4.842679243924351 0
2615 106.0796821378601 56.81135362263795 0
2616 0.7197575580040805 -0.05734744060126593 0
2617 -64.62928502446951 60.7230772207766 0
2618 -70.62866442025627 58.46347968160001 0
2619 -27.85706367645115 -25.14419446362371 0
2620 17.69877535425563 -23.38758018950988 0
2621 106.2920348713262 -102.9310877987826 0
2622 108.4198067445515 -25.32196509002758 0
2623 3.682379404180271 -3.869596264105329 0
2624 -42.11278232025349 46.47399287076939 0
2625 2.899947750867818 1.950160229833833 0
2626 15.829814937203 -36.96548180510347 0
2627 43.25165312085768 -87.99337871474701 0
2628 0.1477833962646725 -0.1905578596903933 0
2629 -0.7215346750011673 -0.04888010126665539 0
2630 15.46971381732009 -89.54675275260041 0
2631 13.00384690980459 7.561182883524311 0
2632 -35.20064486514337 -29.90070121075067 0
2633 13.53217631390204 22.82636037424025 0
2634 2.965838836971975 -3.964955621249419 0
2635 84.36822413119798 -10.63691913042753 0
2636 77.74674093891295 -56.67909257569882 0
2637 36.37424223519911 31.78989989172698 0
2638 46.63854559199054 -70.78040859994944 0
2639 -7.107123621887187 8.023124191275695 0
2640 -5.970715789403869 7.166819872916247 0
2641 -4.528687597699331 7.546602217259323 0
2642 -7.387707597545764 6.3248180945499 0
2643 -0.746456944795901 0.4611011172497091 0
2644 5.00466678910776 -95.20703785028596 0
2645 9.005035949625551 -98.67999699378171 0
2646 -25.2408828325012 -1.243255825312767 0
2647 -23.01295818567055 0.3698478958307515 0
2648 -23.12791202041667 3.184631732680621 0
2649 -20.8244396802586 1.828654908505982 0
2650 -20.93814153995704 4.522546149953086 0
2651 -20.61145281521853 6.968007091876425 0
2652 -18.78366134618491 5.496651536000253 0
2653 -20.86811635550435 -0.8561606250706617 0
2654 -0.5460415830682154 9.286289364947972 0
2655 0.9212641959106044 -0.2321676129864499 0
2656 7.602850460885945 2.312155131599519 0
2657 0.3751557222886037 -0.08478196908621111 0
2658 0.3912961595132126 -0.09452850242171268 0
2659 0.6849130975802589 0.06255962403155628 0
2660 28.04751037662204 9.84944556884143 0
2661 23.47720168458055 12.53378454871811 0
2662 -52.69500174824324 57.58527097969312 0
2663 0.101624392533622 -0.1438409736255561 0
2664 108.4641062885203 20.54622560221951 0
2665 4.347543322739026 0.1138116821241497 0
2666 4.953623428677592 0.2789783765061948 0
2667 -24.06625750998029 30.6368783074298 0
2668 4.806246888092812 12.24200454663814 0
2669 75.40075262803799 18.77406293281748 0
2670 29.39072751618045 -38.16066473387527 0
2671 0.2255344919046549 -0.08445665041885263 0
2672 47.1159142892129 -76.42301590054218 0
2673 14.83850026079076 -15.17729423269833 0
2674 -25.5648404741654 4.633220659478351 0
2675 -7.095351218828432 47.93156392504767 0
2676 25.1604755040527 -6.31320732336661 0
2677 -23.6569067705064 20.54066963560651 0
2678 -26.21233142225461 18.68504203509904 0
2679 -23.50131107760852 17.74546618170576 0
2680 -29.24432795087084 19.84450033867232 0
2681 -28.69081062636145 16.65625492841531 0
2682 44.26494005855819 -7.557209290733953 0
2683 47.01815004543884 -5.828864267974415 0
2684 47.09506213933503 -2.518759492151835 0
2685 49.80463629878502 -0.741410433691382 0
2686 46.9204103907246 0.6732706014108647 0
2687 44.23675006789202 -1.088741229172963 0
2688 44.0939633580612 2.044005183131457 0
2689 41.56777516625726 0.3906377976689264 0
2690 41.39512936900237 3.356064755700764 0
2691 43.86794817753722 5.067132433978296 0
2692 39.07793220166104 1.74199930593983 0
2693 38.77339018902427 4.620885185921821 0
2694 39.07361438093477 -0.8206134394848782 0
2695 49.72372011335337 2.695107707966985 0
2696 44.21639073895665 -4.403787584380113 0
2697 -50.78329158677127 21.9172293776541 0
2698 -54.57396421840929 19.22361043149899 0
2699 -53.50686226201603 14.75129884329737 0
2700 -2.855673327182028 3.586411903983994 0
2701 35.17326406882501 71.57208586445114 0
2702 89.16142628398146 -13.64538787626558 0
2703 -12.44214593326677 -1.0008131154046 0
2704 -10.91910055557362 -2.046976493865021 0
2705 -10.52303836190558 -0.2164183508582165 0
2706 -10.67414052625637 1.435073696135285 0
2707 -11.78745189141732 2.717120260221346 0
2708 -59.6569322505174 63.18713370171658 0
2709 0.7334236623460548 -69.07322972468685 0
2710 -22.84456448588692 -2.406704287174939 0
2711 0.4975317382660112 -0.09762424870862109 0
2712 0.4790051585161393 -0.0828321437032105 0
2713 0.4583410682843048 -0.08728628560738821 0
2714 -74.55309154612931 25.84388748976344 0
2715 -74.57836817426586 20.23219057417282 0
2716 21.51374387311645 -1.994133382506031 0
2717 4.893405854046771 -9.104769318667842 0
2718 6.409363100227024 -8.298501693824109 0
2719 4.479478101616669 -2.294479099980133 0
2720 4.784867994064692 -1.613658257521952 0
2721 1.720356704973166 0.0798916638432194 0
2722 1.769465433155561 0.319588976986654 0
2723 -11.27801564895859 -19.22526928404418 0
2724 83.2936071490426 -108.7644829197152 0
2725 2.230481284228373 20.13378372012985 0
2726 6.399970602669212 5.940208801003077 0
2727 -0.5542045194032967 -0.6939261768619076 0
2728 -0.6424060188988465 -0.3500863901570441 0
2729 10.53194035987012 -60.40874394308376 0
2730 2.545746151085461 -0.1985705072477825 0
2731 16.79829854203696 -7.702960236119203 0
2732 -4.805931939837979 -0.5915341858662244 0
2733 26.63933593351229 39.82017898792756 0
2734 108.3663108268622 93.70987839913552 0
2735 28.90541101391535 -4.168579979840587 0
2736 53.76415588183096 61.19336556998099 0
2737 0.1355395443356608 0.1963725779656154 0
2738 69.8611336580786 -18.29178783490499 0
2739 51.7798333651003 25.04548543105645 0
2740 48.70447369925857 22.76496382355685 0
2741 29.63583042130065 -14.43103208344735 0
2742 20.01823662507998 4.371870882954145 0
2743 0.06639209557137482 40.54067595697467 0
2744 -0.01901717559951691 37.34866923827519 0
2745 43.10731760316531 -97.07442423747882 0
2746 49.59248241077373 -97.11358593280286 0
2747 32.20220643370932 -32.41992688520864 0
2748 35.35572229091157 -30.67490741451867 0
2749 13.73971704517113 13.85601775813606 0
2750 26.34937061366859 -25.56005337022992 0
2751 29.06134743397009 -23.4453482108848 0
2752 34.83322894699108 -23.07173766696913 0
2753 41.22156030652454 -2.904185204142812 0
2754 24.9208822089531 -4.461406836655717 0
2755 0.4955954182704891 -0.07871160071192972 0
2756 62.24499847606284 -11.746695935565 0
2757 62.15246592198852 -15.57337327546427 0
2758 58.93718297444003 -13.45349900619083 0
2759 58.81529428063465 -17.42702026170326 0
2760 62.19960552622329 -19.44670307376662 0
2761 55.68963862921875 -15.14673910413858 0
2762 55.49765287040236 -19.22231968481608 0
2763 52.18284228821275 -17.05451164580767 0
2764 52.40112667698759 -21.07421345119492 0
2765 55.39356767326783 -23.09332511279802 0
2766 52.00439173171615 -24.94643134130403 0
2767 55.52649134755183 -27.23719700504605 0
2768 52.39050920230385 -29.26693438153125 0
2769 52.98594814299629 -2.166940103240811 0
2770 0.9947664795126798 0.008026114185253064 0
2771 -74.3737626254181 31.47986320043401 0
2772 -18.38989549656798 20.91976379218477 0
2773 -21.2106605724677 19.49084158162145 0
2774 0.7546529660713015 -0.0506942406512414 0
2775 0.770637468001367 -0.05695903316042631 0
2776 20.21657499717869 2.538680987055553 0
2777 18.63868644453554 3.107081653382163 0
2778 17.22197148623291 2.225817485937327 0
2779 -6.457482067502662 17.89763182387993 0
2780 -6.460478814536664 15.72591283926837 0
2781 -4.607057973392981 15.08482931826688 0
2782 -2.977390243823003 16.01183424905771 0
2783 -3.008453580532639 14.49455595195424 0
2784 79.11510141313488 -29.14527885469683 0
2785 59.08863281008261 -9.497790512973545 0
2786 71.41379983534621 2.282641494735671 0
2787 67.52525014245823 0.1602453641516511 0
2788 0.03560239396812864 -42.56615361972115 0
2789 -0.6117395298525548 -37.69856146980114 0
2790 -3.7409038449422 -45.21819600211681 0
2791 5.088661310961268 57.71809215402124 0
2792 -18.64031816271164 29.82149759527201 0
2793 15.51723314328157 -5.389410629123501 0
2794 15.43182219534469 -6.904046043890844 0
2795 14.12449711548375 -5.931056563348269 0
2796 0.6352132261655168 -0.06676503064460301 0
2797 16.14443908567236 -49.68653170777299 0
2798 16.98505571253631 -53.87871943831949 0
2799 26.52775891960241 77.5785008340697 0
2800 26.04245698202746 71.96449359011493 0
2801 21.35677573284515 69.50524350912809 0
2802 34.47775238016868 -9.999197413424621 0
2803 -17.92067284724254 -10.60889686756803 0
2804 13.97101319688118 54.04293861527732 0
2805 13.91733249718389 49.59549922318921 0
2806 9.952804200338418 51.45193749324945 0
2807 6.215263466331351 53.35394120861994 0
2808 -9.396977203941784 -30.7140252722067 0
2809 -54.82387437572959 -9.507048151592427 0
2810 -51.02155904115819 -7.102260680634988 0
2811 -51.18263362450066 -2.694718372524123 0
2812 -47.40154043729906 -4.74441645531897 0
2813 -47.51383729432212 -0.5970766921263204 0
2814 -43.97365903451039 -2.543222479280947 0
2815 -43.74329056945374 -6.515681945869517 0
2816 -44.05538277364802 1.447988161010933 0
2817 -40.66804576834359 -0.4078522613398515 0
2818 -47.55286724835819 3.58650077197393 0
2819 -50.76625439944832 -11.41400940423654 0
2820 -44.12018508473708 5.329153293320043 0
2821 -40.49671569855177 -4.284408147832639 0
2822 -40.23027384861184 -8.16455367061806 0
2823 -43.45759490932404 -10.5150619389807 0
2824 -39.8469582232549 -11.98006136272007 0
2825 -37.51651227911924 -5.933316638858743 0
2826 -42.96364975666892 -14.34980604971093 0
2827 23.45050270763267 17.74880540250313 0
2828 21.39871057482867 16.2978688302977 0
2829 13.24930243235806 3.317609359524484 0
2830 14.553425356304 -4.583003437857316 0
2831 49.68781100585654 -14.15795819266572 0
2832 19.76997017860116 -31.91934539449158 0
2833 0.8825068249342271 -0.04492906551928009 0
2834 0.8661253119921115 -0.05276383413829612 0
2835 13.36732226188233 45.47334440655219 0
2836 36.75508151118174 -34.08680756358778 0
2837 28.75051617643339 5.049947613641756 0
2838 -33.15634093588458 -59.25046046577148 0
2839 -29.82558678348668 23.18486879825935 0
2840 -79.31393928100138 17.40600550698511 0
2841 -74.88275368306799 14.50626839845057 0
2842 -79.45241882310727 11.53158077950022 0
2843 -74.74497090856337 8.787970147117672 0
2844 -74.73430571166313 2.998389168477831 0
2845 -79.52099768215547 0.02396415442682994 0
2846 -74.94362858686901 -2.839354525669525 0
2847 -74.86542559026688 -8.089390123693443 0
2848 -70.65363007513838 -5.320627023523209 0
2849 -15.43495580986939 12.18617267900704 0
2850 -13.75625607690814 11.24734572336947 0
2851 -15.36113552835925 10.19326095750912 0
2852 -38.12439245619738 -36.6102658363222 0
2853 -46.64424916702226 38.547591130289 0
2854 1.013982346399964 0.00824890785764364 0
2855 1.013540196567468 -0.002818615032912327 0
2856 5.515128886215909 -1.261439703638925 0
2857 28.74128512402639 0.4300865508126923 0
2858 -47.2327087121094 -8.902998845834887 0
2859 -6.957142775422221 52.0283184333951 0
2860 0.2095713328378451 -0.2874358571420431 0
2861 -55.10147833236987 -0.341159020099716 0
2862 -55.19487718659477 4.354106952137965 0
2863 -51.1471710448043 6.787826617172547 0
2864 108.6532686394117 26.48580312776402 0
2865 114.0968148328899 23.43546594764585 0
2866 70.96068245614269 55.51742100375436 0
2867 -1.991744565804806 -1.644912326221877 0
2868 0.2532424841898603 -0.08535476880576283 0
2869 0.2722040572967382 -0.08339972377149708 0
2870 -33.25353823693895 -53.76401226016637 0
2871 51.53721731913073 -38.71556713715333 0
2872 52.88722614968302 1.294698868453249 0
2873 49.32580741770933 6.162321349760138 0
2874 52.07226300423062 9.097887191882647 0
2875 48.57106180644503 9.213234045317188 0
2876 -9.935931301923189 -26.96574097332179 0
2877 83.98235617623055 -71.13542910367559 0
2878 78.74171625718351 -68.20771825036674 0
2879 5.449638200488073 4.651708419578157 0
2880 0.8941597025303142 0.3859387395714081 0
2881 -17.47220886847254 34.53485379903996 0
2882 -40.84737215718315 3.220989321241918 0
2883 -37.6771639713053 1.521175600817669 0
2884 -37.72252890272402 -2.202054427332099 0
2885 -69.11619101877024 -34.16305952335643 0
2886 -69.31321350730326 -28.60996670718872 0
2887 -64.60328411169611 -31.49331499749796 0
2888 -64.25664497622141 -26.39225074790634 0
2889 -69.40803753955328 -23.52925936567683 0
2890 -59.74741059089422 -34.39969234939362 0
2891 -43.10838803466785 -53.91313600459026 0
2892 80.28374243033505 -23.91384921756387 0
2893 76.81718602116219 -25.22824985942407 0
2894 -10.36322776464866 42.25661509191507 0
2895 114.3886501370237 -49.89560200353595 0
2896 108.7132162168476 -46.60013021219913 0
2897 114.5683146692104 49.9324307162456 0
2898 109.1741287066866 47.4216925639528 0
2899 -32.99322140956715 86.27436016621783 0
2900 78.69408691328996 -74.16321604873528 0
2901 0.4309631626603322 -0.2841057479106602 0
2902 51.36469132099589 -33.82535464506834 0
2903 42.12697096241072 -62.10060717652144 0
2904 -13.70352481518967 26.61702413496612 0
2905 -13.40130483720995 29.57874127175565 0
2906 24.00977757921706 -104.1174601216916 0
2907 24.0097771789754 104.1174600048469 0
2908 58.79681513837191 -68.61121326156714 0
2909 0.02009200209537623 -0.0344455536686193 0
2910 0.007566110225398494 -0.04038769538077229 0
2911 -0.002407560472987687 -0.03078454642134172 0
2912 0.001417678175164499 -0.01059086706698201 0
2913 0.02095641434122036 -0.04863096963938899 0
2914 0.03655538382437828 -0.0541639379112196 0
2915 0.00343489069074081 -0.01964214838322081 0
2916 0.006151666496557044 -0.06001527999244891 0
2917 -0.009298392443990951 -0.04728465817994341 0
2918 -0.01956304421142244 -0.02970134283016466 0
2919 -0.02904597643542285 -0.04673675946083303 0
2920 -0.04405419064875848 -0.03110900829102366 0
2921 -0.03069360036135771 -0.01215990836883905 0
2922 0.003019898877282935 0.01375763163856043 0
2923 -0.00146739884483835 0.0002298417359217479 0
2924 0.0001920276734882692 -0.004775710338653477 0
2925 -0.05717194205196247 -0.0104296598585103 0
2926 -0.03927972242190248 0.01270390516947285 0
2927 -0.07420064338869037 0.01332340992646415 0
2928 -0.05619454437113783 0.04158322093908565 0
2929 -0.07425065603007013 -0.03886309188738041 0
2930 -0.02508678998004051 0.04133427515754006 0
2931 -0.03621509407873905 0.07034048785231331 0
2932 -0.01392126893502484 -0.01659475594072496 0
2933 -0.02034372790175335 0.001865695386103927 0
2934 0.0002607619873308011 0.006160192915777712 0
2935 0.002715156313842201 0.06548493174938215 0
2936 0.06410791797868032 0.05015720402813535 0
2937 0.04264880240159673 0.04258279433456729 0
2938 -0.01121783825164515 0.09825436650681077 0
2939 0.02628612264157846 0.1013396189929811 0
2940 -0.0105922152073547 -0.006647030657129983 0
2941 0.008629535350284229 0.1485650837162433 0
2942 -0.1019821399006819 0.0484560128939106 0
2943 0.02349719622049396 -0.06639442805901484 0
2944 0.001306456683951147 -0.01471590727639963 0
2945 -0.002839057785245363 -0.01233844212937995 0
2946 0.0009063095235743847 -0.008073940379212868 0
2947 -0.0058072087033937 -0.02007606590081916 0
2948 -0.004807087551057563 -0.008395085019770602 0
2949 -0.002248105398665596 -0.006096619019164277 0
2950 -0.0006840524019353857 -0.003173375685115552 0
2951 -0.00415825715003267 -0.00359000260310687 0
2952 -0.5491092370198127 6.128762325123267 0
2953 -7.874180586550666 -95.68721212979693 0
2954 -3.334933948109523 -91.46908470013233 0
2955 -8.135036231450773 95.47259551329375 0
2956 -9.43421413307564 89.2111439083115 0
2957 -15.38895436027079 87.01339838216821 0
2958 -10.52881795382572 83.08458854994616 0
2959 -4.79868966738929 85.6130898301893 0
2960 -20.57465544444999 91.09416341987446 0
2961 -21.72935843904228 83.82024162719136 0
2962 0.9376334909052731 -11.95422337857624 0
2963 -0.51182344980551 -11.12890975976064 0
2964 -79.33617809482897 -11.28188088940643 0
2965 -74.66337673421027 -13.55324032846708 0
2966 -47.20983400893429 28.93952491027962 0
2967 2.534609295302183 8.083460538020354 0
2968 3.457469905483816 7.159486841052776 0
2969 -20.73585456100005 -91.59066457971856 0
2970 -3.52764711436294 -15.86803057660617 0
2971 -79.49623703726311 34.50182308980267 0
2972 -16.1756949832182 81.03368177443882 0
2973 20.52806641765075 -22.1554320815376 0
2974 -42.88679852792322 -21.57126572659287 0
2975 108.3082463372215 14.57255938903726 0
2976 113.5638878760173 10.75930714920644 0
2977 107.6758710215629 8.444471988130982 0
2978 112.0951085185785 4.777242589888395 0
2979 0.6010636636564907 -0.06704217084133991 0
2980 17.89015785631292 47.01424987992736 0
2981 -3.503122697775713 91.25045862116059 0
2982 2.478792085986817 92.84441139375406 0
2983 4.358628158040167 99.10293510918268 0
2984 8.634522646683486 94.6681815637382 0
2985 10.75992105062509 100.7837307436696 0
2986 15.53002946623741 95.55234081896809 0
2987 78.4547174757072 -62.66008942690601 0
2988 -28.21640422566388 -45.73016654226402 0
2989 -74.13219178721295 -25.9492134550103 0
2990 -73.6495016155027 -19.39655775049524 0
2991 -69.09854754251137 -17.92451768402605 0
2992 1.112697239259586 -0.9813592356234879 0
2993 0.8486984379033352 -0.9771746117638062 0
2994 36.7888736810117 -3.98083954619106 0
2995 21.98492461421129 -4.64890281391896 0
2996 89.27313171342406 -112.6384399926723 0
2997 62.98945720648848 19.27405924608434 0
2998 43.11809624965014 -52.01149474467509 0
2999 38.27869936076036 -54.32469996604401 0
3000 36.79032213983118 -106.0431191345259 0
3001 17.04126532297885 72.00714793248946 0
3002 -45.01781906080714 -80.94452651865365 0
3003 -40.09012216054358 -77.09743471800758 0
3004 8.098875289324434 17.09636783016066 0
3005 38.76741124354039 -13.64784734080045 0
3006 18.70872324264449 -1.763647657559853 0
3007 -46.74855635763511 -12.83882139235422 0
3008 -49.91456363457703 -16.27964689042641 0
3009 -54.50461147745651 -14.15681406124135 0
3010 3.523519788668018 -35.90134641282058 0
3011 1.426500220512676 7.65754373587448 0
3012 -0.5425563621784115 0.6696516026874615 0
3013 9.059256586703082 0.922380347978363 0
3014 10.12385926529594 1.022928503001996 0
3015 3.797588530340078 -3.098381767791029 0
3016 98.09429459617351 2.087166877341633 0
3017 20.61760931635236 -60.16054162266349 0
3018 40.37160146009047 74.45330353180044 0
3019 43.95786821639444 79.55009176352169 0
3020 49.16858565010891 79.76957007581908 0
3021 -10.66471949539602 50.06613230653497 0
3022 10.48262513999622 7.831049339834715 0
3023 -56.74177261998112 -74.72631618634826 0
3024 -51.7895274708366 -71.53892376267973 0
3025 0.1264778418960888 -0.07893740200668729 0
3026 1.044612061173636 0.06341926389471317 0
3027 25.0184371663465 28.07704789536776 0
3028 -4.231409406571319 9.008967099574344 0
3029 -79.16411048894633 -16.96774740535712 0
3030 41.73317522545101 -6.19623254194455 0
3031 -29.8430332306785 51.52358837490823 0
3032 -1.29618393464301 -2.326496174838613 0
3033 75.4569234263911 47.39412407557936 0
3034 114.4215316401526 -63.22446866985243 0
3035 115.1186713984205 63.27735736929019 0
3036 -62.85020689342623 71.70389611713932 0
3037 -70.78937724451569 12.39855012565084 0
3038 7.646086959324746 9.466186714396576 0
3039 -29.31198042952912 46.69635484794664 0
3040 63.16316232566977 36.4254920031256 0
3041 0.2362360385879585 0.09020361455263787 0
3042 -68.07026174779726 -68.03250891857162 0
3043 114.3015306827191 -23.05112561067766 0
3044 99.46785837661265 -68.40037191208029 0
3045 -15.86608664544919 74.92647605656626 0
3046 101.0001371465236 53.18250812311015 0
3047 2.757955631701722 35.75376569518008 0
3048 -21.45680299862814 66.07785545770915 0
3049 -39.52456015280035 20.0929835424225 0
3050 20.3010621674771 -9.037094319317768 0
3051 -14.17234301523173 -63.50857922051996 0
3052 25.22325787415175 3.099725944331479 0
3053 -37.21589942006528 -9.643978282810718 0
3054 -36.04136783829596 -13.41612510525559 0
3055 -73.29712805350194 64.27593575862068 0
3056 73.44598985940205 -71.38039407609453 0
3057 80.63285025657437 78.24296067230303 0
3058 -0.0007363356701552408 -0.005140095188623716 0
3059 -3.283099180546356 7.162411180384357 0
3060 -0.7347707510430592 3.149706928814227 0
3061 20.18791919022545 -2.630349468346556 0
3062 -38.35271744417495 5.055826085570782 0
3063 0.9387864084270029 0.03485591198217902 0
3064 -4.138892153967016 -40.73589519273487 0
3065 -0.05768597828944627 0.1210836197253915 0
3066 0.1084994836619051 -0.07296095250479719 0
3067 0.1364705367106797 -0.06827777132394827 0
3068 0.1505642343054324 -0.0783199646057656 0
3069 0.1649892384863726 -0.07331250855500279 0
3070 0.1629574123120401 -0.09027245772677903 0
3071 42.34139972306537 56.70319698973317 0
3072 42.18656056540586 52.04435371938994 0
3073 37.822405204666 49.93718201509774 0
3074 46.39504560767816 55.02959437504689 0
3075 33.84770064058179 52.21718204094523 0
3076 114.3023113870582 76.63442741787337 0
3077 108.2824366574904 73.01013718543831 0
3078 108.2269956321857 80.11289037230094 0
3079 114.1926031079165 83.36419423035436 0
3080 108.3999019255635 86.85497624122861 0
3081 102.2682152413082 84.09067696472277 0
3082 -20.16823263770314 -29.53011267120593 0
3083 0.1215376704055039 0.5553853554517081 0
3084 -0.04460114493764321 0.6136929658386633 0
3085 114.9653860034237 -96.56650930519859 0
3086 -78.64260359657655 -60.30688274301038 0
3087 -77.42835174399869 -53.14073622283367 0
3088 -82.86233528803844 -49.08455900849945 0
3089 -88.11380221056864 -51.71088728489245 0
3090 -88.04163979872615 -45.60765221517043 0
3091 0.6249292614828653 0.3475881134338995 0
3092 0.6933395796863329 0.2850436620262305 0
3093 52.60726143133355 16.7061730060617 0
3094 6.50059493050539 37.02671907240621 0
3095 49.80088680507875 -108.8839747687036 0
3096 54.22981417930181 -103.6708601191758 0
3097 49.84753861539344 107.9782687422443 0
3098 13.56672321942514 20.34845122295498 0
3099 80.55516958057376 90.46474536801676 0
3100 0.9801544282424931 -0.2654448549085273 0
3101 0.09288160118206291 -0.06561605596695322 0
3102 21.97027565415277 98.05245685427339 0
3103 66.06506871255958 80.58868041858247 0
3104 83.885379130386 -42.50133734413011 0
3105 80.67846215765719 72.31581829851292 0
3106 -28.48655968512924 -51.25274580282903 0
3107 21.96309726384481 49.93018467247509 0
3108 88.93683903393242 31.99820921402484 0
3109 114.1706796610752 96.85291786579785 0
3110 -59.46536520154729 -39.54484099634994 0
3111 -55.49210589335655 -31.43141036688674 0
3112 -6.803494240371481 -81.43866754446938 0
3113 71.0480542605672 -39.97000192210491 0
3114 19.57043027599496 39.77521884150813 0
3115 0.29974206347891 0.1031849670491001 0
3116 29.64593357958142 -11.84231564926453 0
3117 27.27065333923781 -13.37964963820068 0
3118 59.19477448382419 -63.13560694608205 0
3119 12.58611675759555 -38.48232182767676 0
3120 -13.61022641406748 9.322761129649312 0
3121 -15.07787654325048 8.321144919133509 0
3122 -11.8862590466943 8.872967152462826 0
3123 -17.11813513721118 8.902230456902924 0
3124 -16.59360768988696 6.653645164848717 0
3125 -28.55187205768542 82.4893217057478 0
3126 -50.58062268368597 -34.59544499691357 0
3127 -83.76346811127172 -37.23040410602388 0
3128 -88.75219124791809 -34.61534049371458 0
3129 41.13841143856178 6.222135851402838 0
3130 43.56356477492368 8.110621653720031 0
3131 38.53296842167435 7.518281133529056 0
3132 114.1574943964222 -37.03505415113189 0
3133 -93.33496325524567 -47.57132093868151 0
3134 -70.08407692697371 6.294363955620687 0
3135 0.2089840257046685 -0.08122888679582313 0
3136 38.29352175424821 -23.44232806789389 0
3137 1.021424871308225 0.104898654893758 0
3138 1.099118592755775 0.05686384547099651 0
3139 -11.38797624927589 32.17957432813901 0
3140 0.5864420584933709 -0.06937186244567967 0
3141 108.8443453950984 -7.527915464652446 0
3142 -51.28214412182497 1.84924670942238 0
3143 -7.706844419809108 12.24338682535442 0
3144 -7.230819086135012 13.86682620980554 0
3145 79.87530679409515 -10.04204511338897 0
3146 0.5309889240362932 0.09664216952126017 0
3147 0.531351830453067 0.07602538297399326 0
3148 0.5506017310232213 0.08325999604747687 0
3149 0.5697685725368627 0.09255110262476725 0
3150 0.5669464228518901 0.07234953711926627 0
3151 0.5853781457766603 0.07885949478002663 0
3152 0.5933348429165559 0.0974632459000567 0
3153 0.6067448736495059 0.08120469247376745 0
3154 102.4941059367842 114.0392662852383 0
3155 103.3087552290671 -113.9346705281433 0
3156 -94.36092885189115 -20.23394878602592 0
3157 -94.91163742720444 -26.77190282861291 0
3158 -99.49340594818564 -17.25998863658575 0
3159 -99.52919195564115 -11.22699964633585 0
3160 -105.6494899939705 -14.83183378970434 0
3161 -104.4993055286712 -8.610316700724049 0
3162 -0.4579646949668149 -0.9210304636589284 0
3163 12.27772810316715 -27.30583754914939 0
3164 39.99077989910008 27.5873706837542 0
3165 -25.94424052688338 15.84092158187156 0
3166 -14.91779753774744 -58.1678317423729 0
3167 -21.66900053109394 47.80183816072977 0
3168 -0.4504240201527538 -4.426526074763399 0
3169 7.629730454818578 -9.229448727715782 0
3170 63.25151448180111 -111.1249116070746 0
3171 69.81586396308047 -111.7182683776903 0
3172 89.75977046043536 113.2695182726573 0
3173 93.11295404680335 107.8662265894872 0
3174 0.9174841399500232 -0.03567595921668196 0
3175 -32.83798692049014 -15.72175926425582 0
3176 -4.266909975056542 25.6044983842103 0
3177 83.39885434942985 -59.48795132074544 0
3178 69.83761513310208 111.942138255995 0
3179 15.28864562554178 -83.68986208129681 0
3180 108.3062198726506 100.5940053825494 0
3181 108.8820405556008 106.7268831887098 0
3182 -5.782139980709165 -6.460581399481187 0
3183 -30.61350573853648 13.8650468962355 0
3184 37.98917647666345 -59.13676640555384 0
3185 33.5273029886162 -53.28757664150771 0
3186 12.37955923655981 -14.08873935409999 0
3187 5.093923889653917 -53.46247819767454 0
3188 -39.29117961447366 -19.5979666077387 0
3189 -21.80731494843396 61.10781334287385 0
3190 0.3668686725902683 0.08160116277888117 0
3191 96.70370320426564 87.70469406836582 0
3192 75.49800276541096 13.53859655800508 0
3193 77.92659103775883 -105.4888190902159 0
3194 -2.131072172432907 -20.51029541400274 0
3195 23.38110525245694 -84.00397733221848 0
3196 96.32767595837529 75.15587111353395 0
3197 18.56394511271044 20.45252166863809 0
3198 19.42630615928587 -35.51950891200325 0
3199 13.37593667273549 6.022419188329629 0
3200 44.12933898685465 29.51900966474742 0
3201 5.374183787601854 63.19896859478268 0
3202 79.19436909811438 -44.96833219430432 0
3203 94.44584013904091 -83.79406789763186 0
3204 0.9135095570692413 87.28419826519219 0
3205 6.784283606143914 88.40471649302891 0
3206 85.51173037925126 57.68525084344144 0
3207 0.7637702115927197 0.05061776912519917 0
3208 0.7833445861070056 0.05308005004289256 0
3209 0.7921937124566185 0.07079991942643026 0
3210 0.8031356044307817 0.05702667418675601 0
3211 0.8132597223934904 0.07286954012890699 0
3212 0.8258548102375216 0.05493096986477855 0
3213 0.8498481572933595 0.06065253817314423 0
3214 98.64991622506784 43.60597058825761 0
3215 0.5245631261311892 -0.07425718409640239 0
3216 83.56436234163895 -89.72507194391839 0
3217 46.66885926162243 3.815188201610825 0
3218 0.3710973827652519 -0.1622528803985496 0
3219 -42.04359617342214 35.37729417934185 0
3220 -43.13114019704752 31.44552533975825 0
3221 -34.82590713544207 -0.2331600197624416 0
3222 -2.478007604463228 -8.188409861104553 0
3223 65.9171422224467 74.82397886710967 0
3224 -2.600838853455055 0.07760349747030017 0
3225 -2.836576122189478 0.6854678917733329 0
3226 74.97671215581283 -47.48446789437214 0
3227 -39.42949008754308 -15.78590109576682 0
3228 -2.172777956936442 0.8877971429267217 0
3229 60.99684611744951 95.68393498879236 0
3230 89.08465120220885 -92.98084841467701 0
3231 -10.40932225181191 24.34153944201332 0
3232 25.43092440726274 24.7774763159413 0
3233 3.11182751937938 -1.590623967859 0
3234 31.83869473679233 92.14821460361168 0
3235 34.44306416029633 -20.03948449682567 0
3236 27.37935356628852 -99.37790987695588 0
3237 -33.86011757822781 32.17882773652876 0
3238 7.581129969784409 31.27824433991579 0
3239 15.84255045530669 -96.47637620638196 0
3240 -6.096702084043031 5.836137458358457 0
3241 -2.780554255647859 9.701131608304083 0
3242 -39.02834961585292 66.53247133163545 0
3243 63.04091933741561 -82.90365541701843 0
3244 -97.13225970979528 42.6854084799721 0
3245 93.49460301971135 -26.81989578342564 0
3246 75.69743716142894 69.32151677889483 0
3247 33.27435884038713 -62.89908967498204 0
3248 -89.12588816905222 -28.88951294116698 0
3249 -18.84268213942865 0.6354983501590081 0
3250 59.41542395072315 -47.91010481183532 0
3251 6.561497032499885 -3.634541650780237 0
3252 -94.36891640261555 -8.489438319400737 0
3253 49.85904917224311 42.94624264587203 0
3254 45.97518708700962 45.9747936295528 0
3255 23.97864401866496 10.39022759301445 0
3256 0.8767078645690889 -0.08983709924875471 0
3257 0.5377903511000252 -0.06857937519272346 0
3258 -68.3546713547763 -51.04402432958155 0
3259 -98.86258059844621 -22.53375891925989 0
3260 15.94165627116791 32.92857756741349 0
3261 43.00576699093199 12.68404117603836 0
3262 -3.251979058638915 -1.704108104818905 0
3263 -0.3558066209908373 28.37836384763421 0
3264 72.48045934440201 -5.740621481235519 0
3265 98.16283474702561 -46.03190169620328 0
3266 24.21181033127098 -72.90053077883519 0
3267 0.7985503919472694 0.3653867802538123 0
3268 25.86790177354851 61.35584027770645 0
3269 25.77727835531427 66.52401689545334 0
3270 0.05318488563593196 23.49478013371164 0
3271 15.16351090782612 -28.75845824316456 0
3272 -84.45084182798759 31.60666584547224 0
3273 -2.591453477035599 38.91864268359632 0
3274 -9.237023634976671 -1.429786366890733 0
3275 -9.514845113081682 -3.140880119770872 0
3276 103.5431466938716 29.35469046604242 0
3277 62.56974466331085 51.08579501560203 0
3278 30.54940020703459 19.25028877249039 0
3279 55.00752651788262 -60.21709064912944 0
3280 108.9214546174722 -52.7616496445407 0
3281 16.65691002993695 -2.346415963788911 0
3282 -94.43011820205068 14.24008426098727 0
3283 -99.57783501925753 11.3445113785931 0
3284 -99.41318208297658 5.509685575573755 0
3285 -104.4862014095369 8.274022218974583 0
3286 -104.2687524926792 2.591528236291102 0
3287 -104.8144461521441 13.92206904064794 0
3288 -94.17371478156763 2.766871072317337 0
3289 -74.76193886134834 49.22679401106556 0
3290 -42.9867490400861 53.23070436190441 0
3291 46.84840243402026 -103.0279332026635 0
3292 55.82463522364139 -97.62458867916764 0
3293 0.9516636284824032 0.1303104693108314 0
3294 46.27844644418205 -64.84777661710862 0
3295 19.16484058054321 17.5377799943867 0
3296 1.58060189676104 -5.522312551420093 0
3297 -6.742968812682275 -57.26716581952997 0
3298 58.70057477186154 -21.25072094726321 0
3299 88.53038332033017 16.18361013915643 0
3300 11.40245739641073 -42.9619212969689 0
3301 59.44723897612484 33.6965244239404 0
3302 -94.53379753304256 25.87169255752364 0
3303 -99.80035987174321 22.94331455099235 0
3304 -94.4933349983861 31.43080990819432 0
3305 37.84179172464229 -76.17012275989204 0
3306 -100.8044751768982 -37.7947140554535 0
3307 -98.04352051407945 -32.45521792211373 0
3308 21.96387423270438 -46.35877244852026 0
3309 -23.25629384717136 14.84136920060793 0
3310 75.9010601927754 34.35973204933458 0
3311 -2.543001012615857 63.15099447250446 0
3312 0.6029421846302964 -2.956618241144062 0
3313 -43.34546534479801 22.03282713136023 0
3314 -67.62000028667389 20.85786993893542 0
3315 47.68675899500364 -36.72661769127006 0
3316 10.35201015287502 -80.75338508930707 0
3317 -6.446776414601255 75.47585850055609 0
3318 -59.69496390630936 31.33432450459478 0
3319 63.02144722213786 -0.183238472765032 0
3320 2.438933278570913 -3.484431702990705 0
3321 -22.36116435996328 -75.2350142624479 0
3322 -11.08893381406574 -55.21670424743762 0
3323 108.6858808050322 -40.4824026551743 0
3324 0.2870360809524156 0.08878723994708489 0
3325 0.3036833854053694 0.08367408538022418 0
3326 7.556653940860472 1.280284860525875 0
3327 11.90350764345695 1.018472793074777 0
3328 -55.69374410616891 49.02971333117384 0
3329 4.423326391587995 83.3484167854256 0
3330 63.04282351929212 10.95747378535353 0
3331 63.51841503063799 6.348346799108225 0
3332 -69.96417772922283 52.18467286001832 0
3333 5.191696523040293 -14.82443618775258 0
3334 32.58456115459818 -8.640722832206135 0
3335 21.45318619466202 13.98635145709998 0
3336 -28.13750639954492 -61.8736031355219 0
3337 44.46130092174499 41.75478823437496 0
3338 24.9805496007311 -19.60537435725651 0
3339 -53.77953217710022 -53.03948991774371 0
3340 -16.96480496643241 4.414809336229519 0
3341 25.02738484516419 1.250576169369904 0
3342 1.369186458944182 -0.4380077084896212 0
3343 83.85607029721731 3.797106765332221 0
3344 84.38930651007644 29.30468187525681 0
3345 -49.42653953837201 13.15531754562205 0
3346 9.358278293864311 -55.29629463520543 0
3347 -15.91502443703557 -39.64980455676623 0
3348 17.06073569035745 89.05969975937576 0
3349 11.92839156423328 15.11631334070395 0
3350 93.42238604734085 -32.09086071881484 0
3351 -50.47309021519843 77.97614284030868 0
3352 63.14580302819886 -36.25244538263715 0
3353 0.5132839823528779 0.131700545936168 0
3354 -17.34807472131456 10.94146842854454 0
3355 -3.837462325927368 30.85360126743262 0
3356 51.61184272367677 37.84329076174764 0
3357 17.32386381636453 6.702505313020907 0
3358 -45.72867313303016 -46.61703638215699 0
3359 29.11088020242055 -34.25907671881562 0
3360 17.64563281820495 65.83705508934165 0
3361 -14.28260127020025 60.90071779246228 0
3362 33.40770621979414 47.86374626421094 0
3363 8.610308565214352 -6.630301082012265 0
3364 7.349486291155029 -7.072285319382929 0
3365 1.824882226973586 -2.363590660624477 0
3366 58.92773868710245 38.91108942115295 0
3367 70.65000646108913 -31.13321334707502 0
3368 47.30085168840814 -49.9502077415018 0
3369 37.72998176199002 18.83753229579912 0
3370 -56.78842514392075 -68.62414925248392 0
3371 103.6052350772959 -10.76101985146639 0
3372 -99.25184744292494 -5.680651861094182 0
3373 -53.69504005851104 69.09810701341843 0
3374 33.0712682197731 -48.89249360515343 0
3375 20.63064686573041 10.04720234889849 0
3376 -42.14593320784466 9.925514188351094 0
3377 40.23592042978996 -44.96327600820522 0
3378 1.60656945162036 -4.694394545233973 0
3379 47.07723182759881 -29.06251620096731 0
3380 90.69743018607977 60.54251078681887 0
3381 7.870852130324541 -5.746984296538638 0
3382 35.32745096717482 8.367764790541493 0
3383 -6.109622595714158 12.66476075177872 0
3384 15.92908246154563 39.33286494766347 0
3385 26.23651344022407 -3.427814213626757 0
3386 0.6411281833362759 -0.10659707017293 0
3387 12.52593958171204 -8.78483344689853 0
3388 -0.9896018791974013 -1.906491007209774 0
3389 60.89826853553897 101.7967999130777 0
3390 -104.1639254301069 32.72030273886571 0
3391 0.9917030468973737 0.01948805424837268 0
3392 0.9739393499991684 0.03134764416474695 0
3393 1.905322016739778 14.0908704973464 0
3394 75.69007428849787 74.93952770158457 0
3395 0.2854723472807185 -0.09690808312294853 0
3396 -32.50818543693568 -12.41392547155903 0
3397 0.3507394130732634 0.07847613226387021 0
3398 73.92980866816211 -52.67952957139831 0
3399 2.500778136666401 1.135920155069924 0
3400 -62.74722927987881 -65.22419691686483 0
3401 8.654938021227956 -2.453989375404228 0
3402 -23.04471845222837 -44.63010982910062 0
3403 -18.0206502969777 58.67835674745957 0
3404 5.546193046369703 0.08373293376938717 0
3405 -4.431642666866023 23.30387165052353 0
3406 -2.221819219495507 24.17038039009613 0
3407 33.53995856420266 26.82439532208254 0
3408 -34.54238437715256 63.78877022974383 0
3409 0.04242738441308615 -0.042005445051877 0
3410 0.05131484180332854 -0.06344895103996311 0
3411 0.06462681482893864 -0.05682765638867247 0
3412 -21.02996906097535 44.02081770471499 0
3413 10.05049713360843 3.869179230866796 0
3414 108.0800880335295 -59.97444461623036 0
3415 25.78329404293778 9.220193685282238 0
3416 36.99589576530748 107.1706783247937 0
3417 31.62359500747451 97.94558983439879 0
3418 0.4497884093333688 0.06394474747345927 0
3419 0.4571417382611243 0.07385177105989996 0
3420 0.4706785974885188 0.06555136263161529 0
3421 6.350282697951256 48.8870792760404 0
3422 10.21504911397907 -2.517031597032963 0
3423 -12.04499272324085 14.13373572862255 0
3424 0.3329454647603439 19.79577486360838 0
3425 -17.50764825654404 17.36382988096052 0
3426 32.79089084197355 15.41884309885779 0
3427 49.17140968810003 18.91939400709735 0
3428 0.5306560357087708 -0.06033446099666105 0
3429 0.5110518587278166 -0.0710574693922217 0
3430 0.4868734076324343 -0.06947019107523014 0
3431 -2.884002297269292 -9.540536491627392 0
3432 -28.20334255554248 11.62402371312951 0
3433 -13.85076257869382 19.69180256566776 0
3434 47.07363710605654 -21.63228782288661 0
3435 34.69534144632276 -2.955635513175091 0
3436 0.7533104334346716 -0.03857956300229209 0
3437 0.7735546058531227 -0.03706248718265184 0
3438 36.48117893013911 5.889353678378927 0
3439 -107.5843322616318 -26.66817083109516 0
3440 -21.317645619808 28.36004890397111 0
3441 -10.22423758418991 22.03011494420484 0
3442 109.2257441821666 -1.041816292830299 0
3443 0.6320835050651081 0.05085590494987772 0
3444 0.6375721955116735 0.06431646849480967 0
3445 0.6231543590171458 0.06065499279338162 0
3446 0.6523548690989477 0.06115771670045617 0
3447 0.6538381051553397 0.04904648893203105 0
3448 0.6637040611535723 0.05579346557045462 0
3449 -19.05998192074407 3.340816480513517 0
3450 -36.93140167500615 30.00484652656538 0
3451 22.92205004529633 25.942177078575 0
3452 2.231542575236976 6.943855744981872 0
3453 4.963549977966581 -22.48526413887945 0
3454 55.92107352724887 -11.19328322553068 0
3455 95.84777938305663 57.2405826856643 0
3456 0.1149028286971274 -0.05790904064509521 0
3457 109.2873493799115 -66.01786190900656 0
3458 15.7886858681562 29.95881854062805 0
3459 18.63654425199331 31.44124446868796 0
3460 -33.13758206057876 5.644764890818019 0
3461 0.03229325369813708 0.07083095625081445 0
3462 0.06364636572742892 0.09335959447303947 0
3463 0.06225361173668527 0.1355506851224098 0
3464 0.09647805028495088 0.1147668286377022 0
3465 0.09276808909828084 0.08527194461339627 0
3466 0.1239739220109655 0.09160333598070038 0
3467 0.1452155959059227 0.06545640575579391 0
3468 0.8405516561549536 0.04581979189921893 0
3469 0.8583226728376285 0.0433460173889136 0
3470 0.8324431090884691 0.03417583326934429 0
3471 37.76709971895663 9.975399943366401 0
3472 -0.4549556838783836 2.599947618886608 0
3473 7.420816092804717 5.176865996825967 0
3474 6.662611033833963 -2.714352902707489 0
3475 0.3949180082923972 0.08273617606042556 0
3476 3.297183969889352 11.79822974631414 0
3477 0.06779928886652774 -0.162346362794007 0
3478 11.03154821881624 -1.354372957219705 0
3479 22.96512733856047 -18.24603497285418 0
3480 62.77015022944689 -23.36930646656361 0
3481 0.8544126131031764 0.02833983687130865 0
3482 -47.59812857822641 55.18125071139687 0
3483 15.55598422735816 -11.99739498454139 0
3484 13.73696130484002 -1.85689024410623 0
3485 34.72034028401918 1.604414628204302 0
3486 36.83897549866347 0.4623720897376958 0
3487 83.28102108204774 113.1912737210019 0
3488 -53.18509159067981 -58.95448800435159 0
3489 0.5309299479759166 0.1178292099497103 0
3490 6.588030569760953 -34.13094193766774 0
3491 -110.6347669055285 21.51259471561949 0
3492 -0.6096991798735831 0.2719240774738981 0
3493 13.47320213123488 -56.97631683438882 0
3494 -0.009944890269683395 0.0005941754804372683 0
3495 -0.01284287167278569 0.008957210808361005 0
3496 -0.006753128421177703 0.006620817600518043 0
3497 -6.622858124473557e-05 0.004302570475860067 0
3498 -0.007498115126283085 0.0165642760429288 0
3499 -0.005408376465645896 0.0005781126482892053 0
3500 63.34043852270217 111.2060090920058 0
3501 94.43867954155493 -89.94853334895204 0
3502 63.8393277950246 -50.46911601329989 0
3503 0.1906978671627382 14.58082479205546 0
3504 68.07514638918514 -85.98081414508667 0
3505 46.35029601370923 6.857305832079084 0
3506 114.5023930126623 36.01905438631891 0
3507 -2.921571361671315 21.99454146274783 0
3508 23.88880371000306 8.18005868486622 0
3509 -0.0004133779747178917 -0.004146288111887328 0
3510 -59.8209937324939 36.3448163815223 0
3511 -113.9425474567018 9.226507548797827 0
3512 -10.56054275010782 3.877169904571617 0
3513 15.37797539415643 19.25305862593779 0
3514 11.89594342235344 -1.890889025447872 0
3515 -24.08603240548576 -27.71102439766813 0
3516 7.380152897007868 -0.934753605182286 0
3517 -0.07304714805631105 -0.1993359205202054 0
3518 -0.05174576844927656 -0.1056779375407101 0
3519 -99.66687135105948 17.11681927389131 0
3520 -114.5129055492333 -3.324103129912011 0
3521 0.5611004097616592 -0.05933123774709431 0
3522 113.8151628083558 -109.5823823287409 0
3523 114.5412166243122 109.7319360239805 0
3524 0.4907045570466169 0.06362382209840431 0
3525 0.484351034776391 0.07348108074263818 0
3526 -27.36926639313653 40.04804210342057 0
3527 0.4219764085177445 -0.7948572950500982 0
3528 -112.2504362557187 -14.87066381803278 0
3529 29.94101781106663 63.94647201633965 0
3530 67.86262347140337 -92.39907377956692 0
3531 0.2574001587057571 0.0679519099517106 0
3532 1.104719840996334 0.4643205725213552 0
3533 1.27129430685544 0.5058981232359755 0
3534 0.4098848205347535 0.06547121785573956 0
3535 0.08416194242347315 0.0527182937920479 0
3536 0.09475487337701814 -0.05411575432615095 0
3537 0.07753705792402694 -0.06596329379343094 0
3538 11.57300711981197 21.44423430450929 0
3539 10.37652076354325 14.15314181100968 0
3540 15.98522206510504 10.85366022028602 0
3541 0.8677618975085992 -0.03644281821011136 0
3542 103.3893210201941 -49.25415891839606 0
3543 -20.12976920754479 -25.74899353363064 0
3544 0.1046559064962073 0.05646059060397102 0
3545 42.92579491318322 -78.6558504872693 0
3546 -8.521873041574299 1.139600311232128 0
3547 0.1289522987931899 0.1226329931434879 0
3548 0.157769001183538 0.1027441216744983 0
3549 0.1055016372126433 0.1573129535430032 0
3550 0.460075814617765 -0.06336373126186291 0
3551 0.4653557637595441 -0.07406491245454863 0
3552 0.8033782448661967 -0.03272501346401965 0
3553 30.45862531808288 16.63281318023389 0
3554 0.3968073252219715 0.1840625116905303 0
3555 0.3767744769092325 0.2422241207168293 0
3556 0.3399265091969536 0.301030163893329 0
3557 108.6278182993909 32.26028822027689 0
3558 0.7838186752599977 -0.03603530202189204 0
3559 0.790029455798066 -0.04734855839306755 0
3560 0.62200355872268 0.05007148000315734 0
3561 -3.091047441064645 -72.04263098680053 0
3562 4.690647183389149 17.35490719097328 0
3563 6.305620991896353 18.23939299484841 0
3564 0.6307608632080012 -0.0524052291839983 0
3565 0.6516861479422948 -0.06389730928043491 0
3566 0.6546359037007271 -0.05235697977854247 0
3567 0.6226755406093692 -0.05999808354037645 0
3568 0.4987725987834781 0.451976435433866 0
3569 0.1660062875065264 -0.06241836968568606 0
3570 0.1782201455956163 -0.07786330949889542 0
3571 19.56007571539858 -75.41893586772619 0
3572 0.1182347368097086 2.442475385554051 0
3573 0.2066188243255871 -0.06615632041559751 0
3574 -8.294414099529043 2.364719642327132 0
3575 -31.54694896972211 17.84403898735754 0
3576 0.7743475828201198 -0.782038047148405 0
3577 0.419181336196992 0.06645488666569033 0
3578 0.4295151469280919 0.07712632285430958 0
3579 93.21987263383295 18.68595669654822 0
3580 0.5711043774552018 -0.05595676552268561 0
3581 18.97467322964409 -3.401220867295278 0
3582 0.7337864015678431 0.04148673799212597 0
3583 0.3492712186965629 0.06720027669122522 0
3584 0.9360503211649083 0.02117739553355505 0
3585 0.7534481064664691 0.0391220198441605 0
3586 0.9555071088453229 0.01649758430909853 0
3587 -47.43127235230309 7.232452347063703 0
3588 -50.54368264373617 -30.02380911087293 0
3589 105.9020936694752 -96.71104591477791 0
3590 12.98133536738927 12.27490167906373 0
3591 0.1856807001946429 -0.06628203201099216 0
3592 0.6811283927360789 0.0485268557105906 0
3593 0.7006575039535127 0.05961039386741028 0
3594 0.3094700418272661 0.07007760219552353 0
3595 0.510293167240817 -0.05985440439528187 0
3596 2.772574753918343 -13.47075249921775 0
3597 0.2269410917854174 -0.06704563768791359 0
3598 -0.01935143001586057 -0.07262715712931589 0
3599 12.03838936177087 -24.12240501761116 0
3600 -99.73397090905293 28.7425974382797 0
3601 0.3675890399698529 6.367889069281459 0
3602 10.90630132474865 -13.07303278570054 0
3603 -12.2597671082427 12.1594621191525 0
3604 12.62667440026522 2.450201054666013 0
3605 15.7189510575904 13.08487807038095 0
3606 0.6826907427337228 -0.0466004198225564 0
3607 0.678509603885548 -0.05790820858228495 0
3608 0.2776513612514717 -0.06934571762774817 0
3609 0.2674848912546752 -0.06985441217346515 0
3610 0.5919188089997828 -0.0563513315600053 0
3611 6.182128882906193 24.66066491163821 0
3612 0.2985727654293412 -0.06898689405586135 0
3613 0.2941660743427057 -0.08084641213008376 0
3614 0.3068744541613863 -0.07870003250480732 0
3615 0.4292272901094243 -0.06574042280478096 0
3616 0.4351469956684453 -0.0763536142699878 0
3617 0.4201877381135049 -0.07580974026265633 0
3618 0.4279894900728533 -0.0900049709049455 0
3619 0.4084378933975579 -0.08767559058364441 0
3620 0.6028594203962633 -0.05445680033521848 0
3621 0.449409425367721 -0.06300272734867261 0
3622 -38.63511035224681 -32.17365782181472 0
3623 0.6928324647453251 -0.04590761909206253 0
3624 0.7232527338595097 -0.04325756513492738 0
3625 0.7433337625171113 -0.0401657780031812 0
3626 0.2474214633793558 -0.06984505731046615 0
3627 0.3790655127392751 -0.06690240186284845 0
3628 0.3997557103403978 -0.0671738559575113 0
3629 0.3967325218938026 -0.07836760192050735 0
3630 0.4094254580714672 -0.1124984206715873 0
3631 -34.44202994637022 44.43353283380053 0
3632 0.5410729791375478 0.05863340957859559 0
3633 0.3379573037663848 -0.06865932693471112 0
3634 0.3434125866572297 -0.07969207570897591 0
3635 0.3299489593393364 -0.07858397750189004 0
3636 0.5612511947652852 0.05752212253934634 0
3637 21.09270750790569 -55.55799538381479 0
3638 0.7635610057288582 0.03805103828750361 0
3639 -89.72238347316548 34.6440085640556 0
3640 0.09033593537198156 0.06525708176179379 0
3641 0.0739830417074144 0.06002262183456498 0
3642 0.05569341706225379 0.06388886462674616 0
3643 -10.59923054441007 29.57139367755459 0
3644 -78.152286522088 -46.00551207143509 0
3645 1.627422166882248 2.606418708929568 0
3646 -32.51085336138433 -5.860091288644975 0
3647 0.8248222339461895 -0.03228138691075508 0
3648 37.07245695633928 45.72766080057052 0
3649 0.5815073261530963 0.05511598899768126 0
3650 0.5297431319003947 0.06177203679286024 0
3651 0.5109518732843792 0.06126243852046243 0
3652 0.7131207440542163 -0.04417811661556625 0
3653 0.6017393393435592 0.05346858335425875 0
3654 0.5949025800842969 0.06492264423553303 0
3655 0.6103575755043082 0.06505920119189422 0
3656 0.8743003038782656 -0.02564709001816006 0
3657 0.8949006822967682 -0.02318307022285904 0
3658 10.19514555391232 16.08136110185356 0
3659 0.7236918743641121 0.04357778063938284 0
3660 46.9609488287416 -15.36423123677738 0
3661 -22.03854361689351 -80.69904762767783 0
3662 -13.18695290015374 -11.46569589937202 0
3663 0.3283995794797581 -0.06805767517636298 0
3664 0.4407286580237722 0.06262937109900578 0
3665 18.58633952345062 34.44449296953847 0
3666 -17.95277005793391 -3.188258369209642 0
3667 0.2499637233305012 0.8442130322028369 0
3668 -39.82288871975391 77.44752968092023 0
3669 1.572964392993315 -2.868093125972467 0
3670 0.3350314789661543 0.08417838661789408 0
3671 0.2984782914673952 0.06970887893911437 0
3672 0.2474186248436162 0.06776247321552469 0
3673 0.3689338038843459 0.06717061492840201 0
3674 0.3896260220179172 0.06821523128627477 0
3675 21.81921531744251 -10.17278347868011 0
3676 54.61110070172676 -65.48882363501005 0
3677 -15.66292950045917 -43.99562133694523 0
3678 62.63854541332758 -94.90192507848849 0
3679 0.7849766931035319 0.03787205386913154 0
3680 -0.7596846196872076 2.078956677680237 0
3681 -3.27495216626169 -29.7034429252428 0
3682 18.61175880269633 -20.44175805341376 0
3683 22.83425994195939 -20.91835860747093 0
3684 0.3081234630468656 -0.06824508341708149 0
3685 0.4195765563239134 -0.06533547908359946 0
3686 0.3284037758490407 0.07038704685971132 0
3687 0.7050240517486711 0.04567856540023861 0
3688 1.003251058210473 0.008497268811715893 0
3689 1.583038118703726 65.46543800195295 0
3690 110.6093010367305 -75.16403179698725 0
3691 4.657256881656294 4.239288702962649 0
3692 0.5468961061795794 0.06873250538029717 0
3693 6.102986021848658 2.123764711636362 0
3694 8.222851784591001 0.7309196730953164 0
3695 30.41450483834202 69.14823458018287 0
3696 0.9467732998295078 -0.02051276316837328 0
3697 0.9655958383550434 -0.01461856111865889 0
3698 0.9736054494286124 -0.02691114327864624 0
3699 0.9868972415323563 -0.0237957224382935 0
3700 1.001725242966036 -0.03431219050324029 0
3701 7.409894527660165 0.4902099347594895 0
3702 3.469354389819044 5.511743076337719 0
3703 67.77038027708811 -47.6763623881357 0
3704 -6.049213985026022 -5.081038232174378 0
3705 -8.138124523623244 -3.542365968725578 0
3706 0.2269434725655849 0.06698239128314214 0
3707 0.2236619742552289 0.08015210170127419 0
3708 0.2065265615447407 0.07842127751452657 0
3709 0.1905655551336909 0.08325422397664174 0
3710 45.93438676735207 20.73555030843335 0
3711 0.844463204618489 -0.02897607994317283 0
3712 0.8520349218520409 -0.04047095327529125 0
3713 1.573206518924664 0.400735802642577 0
3714 -88.3205828053204 -40.06900795000568 0
3715 0.07475361072494387 0.04934233822163429 0
3716 10.17186983969812 -1.726868245834325 0
3717 0.7234766185863806 0.1215251569083925 0
3718 0.2781816760585965 0.06825807232512691 0
3719 0.27365547348064 0.08176358349870129 0
3720 -0.1261624205736251 10.60755457350268 0
3721 0.8753122400433941 0.02759605723788954 0
3722 -0.1713660807304529 -0.9354478626327576 0
3723 -2.200854775190598 -4.420495554223499 0
3724 0.8853624988651099 0.02558682920881794 0
3725 -7.978775896684416 -21.63715190893962 0
3726 0.8040125449855643 0.03363038132361337 0
3727 -16.07724485418031 31.19719786265322 0
3728 -25.89785760814023 -21.9661342364531 0
3729 73.46106495853167 -65.80864606589817 0
3730 3.815326476558685 -0.1595461033147932 0
3731 0.3588029194538844 -0.06747457043266401 0
3732 -52.75580514979676 -64.9428276991662 0
3733 0.9051468712836515 0.02160249017337006 0
3734 0.9103125312012467 0.03006964383285969 0
3735 -0.1584725479656311 0.04957710552319625 0
3736 0.1826942774886611 0.09912948408737643 0
3737 16.62862027062226 -1.204073050014546 0
3738 -84.11397922551123 56.46388253445124 0
3739 10.87930245592898 -65.07442181858083 0
3740 -1.583298532896361 1.130055024710216 0
3741 21.56717611183429 29.30908575128488 0
3742 18.10478988450096 28.3994529138912 0
3743 12.77186350859268 -2.388401424127993 0
3744 4.717770828063055 1.993642837483194 0
3745 0.9252603795493045 0.01899688755219863 0
3746 89.02950630055838 37.42487579922952 0
3747 84.71809094011687 34.9373600744693 0
3748 -68.18339968135649 -61.8554780801386 0
3749 0.6656975288502613 -0.05766000579155833 0
3750 -3.493346832851922 -7.299416554790022 0
3751 -34.55973962751954 -34.15627201082886 0
3752 101.9506895366751 6.25242933623392 0
3753 0.9868544112918888 -0.01100761627640624 0
3754 21.68743260891958 -12.30725869782463 0
3755 1.012952551087574 10.73362157928794 0
3756 0.000347750345323701 -0.005537365113902963 0
3757 -1.628462775608289 13.91608692487072 0
3758 102.6937314943137 12.32542732248648 0
3759 0.8647822808373408 -0.02510391918579649 0
3760 45.66603022163635 10.50299796606456 0
3761 0.7399557250413218 0.1008471929181724 0
3762 0.363695208349763 -0.07898079542800587 0
3763 8.068376241948103 -0.5492442946886135 0
3764 0.1140863415090227 0.05647063055020254 0
3765 0.1105143127962487 0.06920365236863738 0
3766 -11.46800683742729 78.0568609456196 0
3767 0.2066224350102808 0.0660858720449802 0
3768 0.8194615335755751 -0.04531373040886464 0
3769 0.9152592910377725 -0.02030460003841074 0
3770 0.9356821152623976 -0.03281487965204384 0
3771 -2.20482985605499 2.491493105129856 0
3772 7.386530019843311 15.45326911802325 0
3773 1.831741430762829 1.415509015454252 0
3774 0.1431069075634579 0.08131678197092625 0
3775 32.13951994456975 -10.91335704083303 0
3776 80.50060293220258 37.81060380118943 0
3777 0.0267526559098798 0.05245812058887274 0
3778 1.882189543250418 -10.48962054343687 0
3779 2.366592064339816 -8.801406591232679 0
3780 106.7178972538826 -108.9527503207888 0
3781 -94.00708812985708 -37.59207296166235 0
3782 -3.712366973721893 49.83233167548335 0
3783 0.1851866915670662 0.06812576383202794 0
3784 0.1739769257969741 0.08084944389224383 0
3785 1.341613107111492 1.454442751259839 0
3786 -47.31348367713996 24.4250890597959 0
3787 0.03225505493186638 0.03805741797422527 0
3788 97.97018154498946 15.75414826807955 0
3789 26.98176088840374 4.014017032690278 0
3790 26.87197342219595 2.07981986286349 0
3791 -99.2398272774123 -0.09322891577540671 0
3792 -3.507387946368979 2.38449292554702 0
3793 0.461970045253461 -2.444715241469603 0
3794 100.0850669864043 -93.31334416164754 0
3795 42.25693924287978 47.68946393291988 0
3796 0.2388578313167462 -0.08057514270389228 0
3797 -1.453132247316685 10.17768187650993 0
3798 -0.0002568353837083531 -0.006685964959946074 0
3799 -0.001304516403322999 -0.008696819762409297 0
3800 1.374933969975589 -0.9520776118948105 0
3801 0.8187552744433534 0.09902707458988558 0
3802 -105.2658374111206 19.76379645405194 0
3803 0.9780777208935568 0.01385484708662624 0
3804 70.94386800510804 77.7054930580983 0
3805 0.965654313485774 -0.04233404667821961 0
3806 -103.8057255993223 -21.67807463686197 0
3807 -9.61511959371358 -14.00936320310164 0
3808 0.134657600074609 0.06003694713677564 0
3809 -8.460314990274643 15.1176510396728 0
3810 2.005964044081446 -1.017593924322589 0
3811 -34.68588487201104 68.99266958294665 0
3812 65.79913422295806 -17.24979798234357 0
3813 0.3843198497943616 0.5495366366311294 0
3814 0.1569184994457131 0.06268523907675892 0
3815 0.1584791998173818 0.07577132436683728 0
3816 1.323521008251832 -2.421524330137392 0
3817 -74.64326025927394 54.44156063335011 0
3818 4.507507618577889 -3.511202414976959 0
3819 0.31829801834946 -0.08769536372161946 0
3820 2.399900427881754 0.550405683577655 0
3821 -64.43528025940331 38.65525196136761 0
3822 5.401256899853844 -7.621006551350062 0
3823 -0.7739732231614478 -3.862875094581054 0
3824 -0.1166736849191966 0.005615569926652488 0
3825 -0.112328440783457 -0.03937358149419336 0
3826 -95.32382915592777 36.84860961636417 0
3827 0.1288107095224358 0.0716703307323682 0
3828 -9.353361698631003 -65.99521441667116 0
3829 0.05239334872125102 0.0479695207930475 0
3830 -3.127605176121801 6.101518842379932 0
3831 3.037821741871896 -1.147858243292169 0
3832 0.5477067418082077 2.063182386052537 0
3833 0.7328026744399121 -0.1870105654019971 0
3834 0.7738699066793742 -0.2031287892213357 0
3835 0.9354884909808451 -0.01769142225956196 0
3836 40.06202611542597 -48.87912489792409 0
3837 0.06854400417937036 -5.042958285851049 0
3838 103.6462892892888 46.72021539820899 0
3839 16.18577405318241 42.88081670703076 0
3840 -3.947482749035037 -18.59675874423995 0
3841 -22.42245327728025 -4.711389562783405 0
3842 -67.79367841562036 35.79800766987133 0
3843 88.28847111073647 -56.69768791701098 0
3844 0.02112166849189762 -2.563640137211761 0
3845 -66.82666465738041 -2.750495348924995 0
3846 62.32258424110168 22.79120183541394 0
3847 -24.97076956148667 45.84389685155655 0
3848 -19.58712368846347 -46.55445928137507 0
3849 1.000607660754147 -0.01918651466428293 0
3850 13.55998492851081 -4.856155796482736 0
3851 13.12962466042819 -6.582143717400443 0
3852 34.79346356049642 -27.20893565243196 0
3853 0.514306340797379 -0.1131117206848469 0
3854 0.7027687824628337 -1.159288585334911 0
3855 0.6553182948892644 -1.352434955487052 0
3856 1.865613869494855 12.65552632601513 0
3857 -37.44332900012228 46.63523725517535 0
3858 0.5782713746093704 0.06622370483461654 0
3859 -39.93336242015754 83.68812822273686 0
3860 5.268669853640442 -4.146212530951131 0
3861 71.11803630649538 45.741517247487 0
3862 -0.007928407763823558 -0.01243499012684874 0
3863 11.09934519437114 4.083025038141493 0
3864 39.20842352558994 -16.79578913414956 0
3865 4.757946304873075 -25.46082843511351 0
3866 -47.13501109930938 -68.41851764893013 0
3867 9.751487021969348 6.881226357767964 0
3868 0.3191495748175299 0.07868679783019915 0
3869 11.92742010513973 -6.050880533113284 0
3870 -46.12567637529533 -74.49754745677275 0
3871 -0.644807369512997 34.35902521921752 0
3872 0.9040009071372066 -0.03036934556481218 0
3873 38.6063799358102 -87.6555560170642 0
3874 26.99055058019194 36.29550587093846 0
3875 6.440676774993644 -37.81431833901131 0
3876 -73.43437952706157 -58.09833676279131 0
3877 -2.076507681203474 0.04748763240423087 0
3878 0.02876188081777876 -0.6681391189725456 0
3879 36.83711949815189 2.75808001162201 0
3880 0.1844354540438521 -0.205394608950928 0
3881 0.2470043651880045 0.6560529262111445 0
3882 0.6979704238623229 -0.05592734957080412 0
3883 -1.433210535804067 -1.788105228281915 0
3884 -30.53457149869912 -36.07687106147208 0
3885 0.8711862398342742 0.03799586262978204 0
3886 0.3014516001842014 1.0448827326733 0
3887 0.5543769393927902 1.111226273657878 0
3888 0.6230540803696751 0.07661592015731961 0
3889 0.6213414350840825 0.0969904847280567 0
3890 0.6033794368130467 0.1191186015561218 0
3891 36.78575976000236 -1.857275798059543 0
3892 9.652030837586487 22.09423791676877 0
3893 1.814253258920547 1.083847278287971 0
3894 -109.421402022804 -0.3643997397692936 0
3895 15.35573848731855 -45.53558966994209 0
3896 102.232979651688 77.55106886264792 0
3897 0.1902775160847705 -0.07762776628299206 0
3898 -10.36830627839538 -60.42633639984135 0
3899 2.325048337421425 1.462169799231444 0
3900 -1.659810743516247 -0.9714722201415502 0
3901 13.73169648097963 -0.835800184810394 0
3902 0.7633581531524074 0.2399395985860597 0
3903 98.06002398256075 -24.14507761041969 0
3904 6.906460212053107 -6.008847745914682 0
3905 6.27395231110402 27.07912521812278 0
3906 36.43640813877342 28.60697080564954 0
3907 0.7771892490780845 -0.07233973425170913 0
3908 0.765380056314251 -0.08806626699150998 0
3909 0.6515693136383696 0.08023778730974168 0
3910 0.5865641924051972 -0.182610529099699 0
3911 -16.64233317833309 -8.623673738802216 0
3912 55.60811363681864 104.4693945887097 0
3913 -14.62822406989023 70.10904894368882 0
3914 89.35007872389882 43.29499798154795 0
3915 8.700148956822261 8.891572125108835 0
3916 -70.92319403166034 -0.4312061478156614 0
3917 -42.84341598720395 -17.76793434213732 0
3918 0.9118869683134878 0.168940895004979 0
3919 68.58742422866695 -15.18665847655277 0
3920 -0.08545206787195471 -0.07834678839409548 0
3921 1.074618089186492 -0.1594903367297291 0
3922 1.090603876708265 -0.09981329609932191 0
3923 1.135162427397381 -0.06928614855544268 0
3924 1.176708551879512 -0.1262595190886006 0
3925 1.202932624547977 -0.05531643109772433 0
3926 1.275980856428705 -0.02513955335396553 0
3927 6.182808511814684 9.105154629344648 0
3928 -0.5998019628009723 0.9422105048764911 0
3929 -0.003927528520655153 0.004078646567766476 0
3930 -0.002055323326338372 0.002899158090185166 0
3931 0.7150088048382039 0.05310799156653529 0
3932 16.41163072150061 -21.14187400713816 0
3933 0.3878194316103384 -0.1175264995794329 0
3934 -1.091557691665292 3.701296667903756 0
3935 -0.9772532821039531 -0.3822918239364507 0
3936 -18.50874496100868 7.479245513533963 0
3937 5.155379373687756 9.905574642558244 0
3938 2.905594564785161 2.461689137371941 0
3939 0.5778746054691937 -0.08457253464246157 0
3940 2.502425563774624 0.1007646611725193 0
3941 -5.884353356422983 80.44505342955026 0
3942 17.85791144382561 -7.035053704253404 0
3943 3.872532483570903 0.2983885552228045 0
3944 -0.04692698039070854 -0.2724407848894718 0
3945 94.01820409264555 -108.3294435897171 0
3946 -37.73393168317221 -51.21162253442496 0
3947 8.665261808782564 25.80006024632785 0
3948 -13.92087494925917 21.80268440922827 0
3949 0.5565749256180159 -0.2588354716135417 0
3950 0.6636229514197828 -0.2517342206876493 0
3951 49.39759311519882 12.22274537205625 0
3952 46.29086417220575 50.42865989702911 0
3953 -36.76278717293392 -73.22206802190348 0
3954 17.19846086205569 5.194302355668883 0
3955 51.07902247375007 84.49999141021806 0
3956 -53.83299303642089 -27.46626631362285 0
3957 18.86264891005894 -13.55501009844268 0
3958 0.7627864846426944 -5.750980937040672 0
3959 27.02284782826896 -11.25014732846519 0
3960 19.33634925635031 -80.86957281649079 0
3961 66.59736023637792 53.34290353625713 0
3962 17.6805349028918 0.8281197365122341 0
3963 36.63902286586345 -18.36930691905133 0
3964 -16.91652605457542 0.5656157933672842 0
3965 -5.739900046696421 14.11910828870324 0
3966 88.46462466719026 1.53884701143604 0
3967 -0.01945083955650063 0.01953543725773697 0
3968 -0.003595652122540652 0.03427160173125158 0
3969 0.01018975997090429 0.02993275534510679 0
3970 0.00155067128067243 0.02115642576503858 0
3971 1.06600178549037 0.03422992184766849 0
3972 -3.290462240648655 1.255889564216804 0
3973 -32.89470474718869 -87.16421177317878 0
3974 -11.23346128389176 -3.503105635847703 0
3975 -66.79436998761726 -7.639825730675202 0
3976 -8.487313401347217 39.53641199006989 0
3977 4.705819862348201 19.14379479664641 0
3978 0.3935097650573514 -0.1417800879229923 0
3979 17.69980964780915 -0.6929923370737852 0
3980 -2.242675162896479 26.91675225124687 0
3981 44.76009303716548 102.4973605863042 0
3982 -0.0522004584869066 -0.06018203811396761 0
3983 0.5849424031304628 -0.7212950209034148 0
3984 28.55895471601013 -10.07127929850362 0
3985 -3.059933751967927 -3.012229198201548 0
3986 99.12939672755927 108.4872034323433 0
3987 56.78327905496666 64.52976426985964 0
3988 21.44441211111956 -3.355700154388411 0
3989 0.02215728866194047 -0.5294766690721618 0
3990 -15.39022290443222 -12.39273604517206 0
3991 0.960244111216759 0.02679583318877961 0
3992 106.102665823809 51.5062013687408 0
3993 105.7607292932806 68.03875258333134 0
3994 -26.72964746675291 -37.97188169370958 0
3995 0.6662249583419952 0.23159311380348 0
3996 -14.55892866339212 6.739058501094918 0
3997 -9.435226888696272 -90.14948380807915 0
3998 0.1747878938996117 -0.1069490683824198 0
3999 0.4788185799186982 -0.2036843425935502 0
4000 5.805021072957399 67.85754623049952 0
4001 -28.00196779847346 14.14474162951266 0
4002 -0.1575490761437134 0.5041247633797222 0
4003 94.39446154015241 46.12311999140091 0
4004 -21.6857689587091 -86.13517317672321 0
4005 0.1895432969758523 -0.6666396965659416 0
4006 -109.299937183243 5.587998306419409 0
4007 0.4681918603069415 -0.6307103708109134 0
4008 67.04402602931901 -38.17940112544225 0
4009 1.024148167570881 -0.2050057375470865 0
4010 -70.73456795377763 -10.18079032511863 0
4011 61.62959500849087 61.54909180887373 0
4012 0.1456042540614127 -0.06099575344188889 0
4013 6.261222483569944 -13.41441661077635 0
4014 0.223665451528767 0.2298716597316748 0
4015 -20.9712031414842 15.09221957702949 0
4016 0.9466905351362588 -0.5715800071602598 0
4017 22.22028840469888 10.8028711744893 0
4018 5.841307221090695 -67.60131169583829 0
4019 36.3110898397268 -50.44190239681478 0
4020 -2.054933897319129 -1.174962718141073 0
4021 0.7472026585997165 0.04922028656501818 0
4022 11.07746975287361 1.404384243401039 0
4023 65.45304232730275 -2.790734279954434 0
4024 0.5729278660003574 -0.067123332673641 0
4025 0.4275668126799127 0.09427079416225349 0
4026 90.48762810156337 102.9122917991011 0
4027 10.85122036177248 -15.15996629243419 0
4028 1.842511867513027 -26.80155734413691 0
4029 5.868823128356872 -3.746840652244297 0
4030 -89.1997206467282 52.3303196483625 0
4031 50.73147869820601 53.40654555121134 0
4032 -12.80234175542356 -16.12379274918363 0
4033 1.113106800342689 -0.02504987148667056 0
4034 0.5272307100598796 0.2443181215851598 0
4035 27.01455178550173 6.097479307095519 0
4036 106.9217226175398 3.557433751153963 0
4037 0.1545820448750601 1.990716489038243 0
4038 0.6874768104965054 -0.6118388519619855 0
4039 -0.2210203808000681 0.09836596841076457 0
4040 3.800345792919352 -100.1221205679579 0
4041 1.844676260993527 -3.328005811215776 0
4042 0.4124082110849126 0.07860043768162607 0
4043 1.036707783183227 0.1606995794052846 0
4044 3.089949668809438 -7.975005615946223 0
4045 73.83888881117643 107.472829843638 0
4046 75.76250997672346 80.6230788063957 0
4047 13.58840908542785 0.05211124185925717 0
4048 62.2190692101819 55.81032895437735 0
4049 50.28093922182785 -67.88405187028405 0
4050 0.5417872257217136 -0.05890892934164241 0
4051 -39.46869887273564 71.83983235384333 0
4052 0.07392524686491514 -0.0503356917536401 0
4053 93.75087723752907 -0.8296989592655861 0
4054 -0.6297139354279688 0.1002284599684724 0
4055 0.2483280849870831 -0.1947691604282286 0
4056 1.591805856091042 -0.8448488594582944 0
4057 1.094936826681203 3.480857746084591 0
4058 -1.676975096836174 0.727503353888927 0
4059 46.32305261768975 83.45147683414194 0
4060 -56.0199989515657 54.39911090451652 0
4061 -35.92842434601292 6.96149370045859 0
4062 0.8229145535124898 0.04181515811678072 0
4063 0.8103787663924372 0.04379650931065773 0
4064 0.6627875094753715 -0.04716136842532155 0
4065 0.4806238442949863 -0.06172470340729259 0
4066 0.4766261885639706 -0.07176101705525438 0
4067 0.08968430297074412 0.7248232761167963 0
4068 12.67278208373305 91.3271630015133 0
4069 -104.3409277137439 -3.073022387163602 0
4070 0.1829364974116961 -0.1773279183628998 0
4071 0.5077742248967599 0.0720427927928947 0
4072 10.77970631145056 -17.42120003753295 0
4073 103.0239965084938 -27.06184328772122 0
4074 0.8359925376425055 -0.04148398067141204 0
4075 0.3816315245043729 0.07684903868830806 0
4076 23.5632319607146 38.05043256249921 0
4077 0.8599511500263072 0.07973073753182258 0
4078 0.0492042112156624 -0.2125347979352273 0
4079 -15.63800944323727 -88.32158006833778 0
4080 2.329479069761587 -4.386986329855755 0
4081 0.1898371096007619 0.1232118002601004 0
4082 0.7999671581065053 -0.1729109925500759 0
4083 0.931679918803177 0.231017354836934 0
4084 -0.8019826885480006 -0.2407399477627419 0
4085 -27.39577301267055 43.44737342083842 0
4086 -2.727121671503961 -34.31590023873785 0
4087 32.75926604284135 17.95635452106816 0
4088 30.08191941273266 34.71738083317778 0
4089 0.7798254796941808 0.08794314638072787 0
4090 0.7656758258652429 0.1070603394792148 0
4091 -4.664028863163871 -67.59646590014574 0
4092 40.67089151625596 8.744862347346961 0
4093 0.706228415028897 0.3707551535084983 0
4094 -8.869554126344706 -76.93067975485769 0
4095 93.33359622888177 -59.48510462316668 0
4096 -7.243461084703443 -5.630735330694631 0
4097 1.002714412731763 -0.05096193480326788 0
4098 -1.612497306102266 -4.8433194118279 0
4099 14.90144972788181 -25.49744527508744 0
4100 0.5494631867370946 -0.06771701644393409 0
4101 -0.09436059089776533 0.7944436311147371 0
4102 -19.2113470160217 -1.837791932697415 0
4103 0.8236812849391927 0.03060637725201307 0
4104 -0.01888770310137265 -0.008383999895147515 0
4105 0.7396243510754459 -0.04993889378240128 0
4106 38.4360799256823 -30.79072307372144 0
4107 -0.3776244695248088 -0.2088663108654881 0
4108 -17.96051132397144 63.3906386019237 0
4109 24.99532220907136 -21.70295771770003 0
4110 110.2203741885575 -86.87445367052831 0
4111 34.38851121310061 6.244832225053465 0
4112 0.3583741612811802 21.66110599735631 0
4113 -0.1536153859748786 51.96820108292707 0
4114 0.7052038615551246 -0.06851576028119835 0
4115 0.4516607909446312 -0.1075256721356528 0
4116 0.41631665146684 -1.477535615386357 0
4117 5.041512257164663 -0.9532869558014451 0
4118 1.421826572821718 0.2768089280549706 0
4119 -44.61738023155785 74.90277201524356 0
4120 13.71009821699587 0.9665854803819682 0
4121 1.643654843053842 -0.07837946892946981 0
4122 0.03918299852403005 -0.07884709700508324 0
4123 -12.21761992817964 10.43520527346422 0
4124 1.2368813686838 -0.4129460219280596 0
4125 0.6279211788001393 0.9192851151592544 0
4126 2.495776203334747 1.792990609571363 0
4127 16.59808247232185 1.122445893493075 0
4128 38.92974931418647 68.9002093081083 0
4129 4.303754551834471 5.662311259447294 0
4130 -27.01826344127344 -83.98986013541669 0
4131 34.02247871234547 -12.26371544009954 0
4132 53.02860808868216 -93.46578936548211 0
4133 -101.2631369833815 -27.37950655258299 0
4134 -0.4547806128971923 82.3971100583353 0
4135 71.04291547501236 50.54290274854294 0
4136 17.92929726631634 -29.80172994512534 0
4137 -11.32554871109723 7.652266067609188 0
4138 -83.2387736103769 -42.79948661141604 0
4139 1.185134078643733 0.3723238932651619 0
4140 110.2181099921677 -93.34684963415503 0
4141 71.76858244154302 -1.633795168629349 0
4142 1.114035352056527 0.160110542315502 0
4143 115.2302972190411 -83.49836545242329 0
4144 75.6946797481138 86.62606298182951 0
4145 0.2624273663992761 -0.07756492928142622 0
4146 0.5501532884958985 0.3739688406881526 0
4147 33.06864908169315 -101.2423185480942 0
4148 0.6509820165619362 -0.08225689177840743 0
4149 -3.997936220701412 -1.843327706177563 0
4150 -0.6047435181260759 -0.1723799322623576 0
4151 -60.49639548293001 -29.99472361802601 0
4152 43.41713612196417 -83.41248481059189 0
4153 -92.96806509762226 -32.06480942945412 0
4154 83.15311887964032 -114.3100819800812 0
4155 -72.5785592084723 -53.31018189735754 0
4156 -0.1955879140659513 3.121448551513401 0
4157 115.6852365012711 -76.78419020069626 0
4158 33.30462849423177 36.31209046395676 0
4159 0.3638403904098069 3.459255731206384 0
4160 98.63456634010967 48.28085548488234 0
4161 48.7818281129171 -80.73653365626171 0
4162 1.416236856680839 0.4372725997219812 0
4163 -34.93645118891522 -7.567402695051213 0
4164 -0.2850055769962155 -0.4371935395704742 0
4165 0.7030614693702506 -0.3103297029380443 0
4166 7.959066591246987 0.1075808828009584 0
4167 0.8041815498879059 -0.04514818633382914 0
4168 41.17148723982262 -103.2439853810504 0
4169 -12.13928287104225 23.06276744414448 0
4170 0.6218366113508521 -0.05060185487200034 0
4171 0.2218375566156671 0.09668166336011291 0
4172 45.66919725787861 23.74427678623228 0
4173 81.5592400617108 -6.389028177844797 0
4174 -9.736724311044146 16.18346299304221 0
4175 0.959864202891769 -0.02593739729078874 0
4176 6.236066964802013 29.31194322924546 0
4177 17.53509938711162 -1.793649418432668 0
4178 -0.8406039761062154 -27.62794271774986 0
4179 0.2654381117370787 -0.7860418560197939 0
4180 -26.09542680145369 -42.29229506383968 0
4181 0.7541001295563975 0.3064603625352251 0
4182 -35.22213181405044 -3.974557224644807 0
4183 19.22876972820868 -86.69199123620857 0
4184 -4.621210366550542 -0.01178347192461249 0
4185 1.346510828913178 -92.00935723697985 0
4186 -4.615107530892001 -86.32538209355894 0
4187 0.1023849172293317 0.2484963112338365 0
4188 73.0498110405815 -107.3040076690563 0
4189 9.545901368339676 0.3042663609031153 0
4190 1.992360716770405 0.3671681227401719 0
4191 46.05046454142159 88.33220118161705 0
4192 0.864016477148226 -0.06916406833543841 0
4193 -3.562759497415406 -2.467899376132251 0
4194 -15.90294189076234 20.52171652781604 0
4195 0.1761790461582952 0.06328724545849904 0
4196 9.427154367796501 69.79616556553215 0
4197 1.903623242539634 3.093639085662228 0
4198 1.6290259864989 3.468692437571657 0
4199 9.447856919231496 -39.43949496751083 0
4200 26.7915944911239 99.84905162398455 0
4201 -52.15464257384762 10.71662186748278 0
4202 17.16455262152841 -12.77656005927601 0
4203 49.86257641841243 -19.34984163870591 0
4204 0.4070044610545113 -0.07587696463545962 0
4205 -4.309272342478151 -10.09044613824967 0
4206 -58.51887405807747 68.47001589244505 0
4207 -5.118427771464512 5.606154609158289 0
4208 0.8488614539912007 -0.05767082837426279 0
4209 -45.70382111471013 -16.11417738008124 0
4210 52.01855177626551 76.38845813871352 0
4211 0.9369932739659325 0.5058837572283552 0
4212 1.214960781608437 0.01199858916400147 0
4213 0.01145617818823878 0.04637286964180966 0
4214 17.31366692845377 -57.8849091065326 0
4215 -108.7519729443198 10.52687993901803 0
4216 50.78530203970023 58.50441004340036 0
4217 -1.903735401686617 -11.66067929634304 0
4218 71.37898301642886 -44.75865072239917 0
4219 18.34763275519336 4.425274675652677 0
4220 0.2092845095121759 0.2963945580641273 0
4221 15.67660541504954 -13.57029383838208 0
4222 0.1601440390997835 -1.538949286133753 0
4223 107.6857126979914 -30.07868729659551 0
4224 70.94805308481814 -35.47208562504765 0
4225 4.254503917525529 1.221758122738628 0
4226 4.672249175908727 0.7592076062463113 0
4227 98.5854935189894 -62.79998489577525 0
4228 0.4424632165194098 -0.09134845659387944 0
4229 0.4501488153859013 -0.07438739216205643 0
4230 75.30881784382987 -3.758459449551417 0
4231 3.704245682726418 -1.550386150183557 0
4232 -109.0188570740849 -10.86464722219469 0
4233 11.58033294299727 7.367373003128535 0
4234 35.78296439056864 34.44294547623341 0
4235 -21.35450535603607 17.1511824085065 0
4236 -35.67028353335211 -79.11972726023822 0
4237 27.68367860638852 -0.9194944230913493 0
4238 1.537602984324309 18.69471219468424 0
4239 0.6624407141482085 0.04617973022255088 0
4240 71.44764882625611 -49.59136853768725 0
4241 0.869041453292922 -0.2097319360960022 0
4242 115.0899559306455 115.0800104456558 0
4243 115.0899559553065 -115.0800104628121 0
4244 0.9919283066559782 0.1340765003153126 0
4245 0.9234807944586731 0.03227443134530345 0
4246 75.65900353461203 92.91520260752868 0
4247 0.6739777919016661 0.05760777649023563 0
4248 0.5080378655388721 -0.08474597019235093 0
4249 -0.06983883681805923 -0.1498275084845983 0
4250 1.106066067432275 -2.840066457284261 0
4251 49.83722847615572 -22.99673969972837 0
4252 -32.08368019299908 -0.110057738818665 0
4253 6.748502361471318 2.445798031108786 0
4254 0.3041336473005164 0.196380674863302 0
4255 0.3288387203829607 0.2375145276370474 0
4256 0.07709045290982089 -0.1314397663595252 0
4257 -4.883160558134572 -21.57347756841585 0
4258 12.31749997180586 4.305516811025829 0
4259 0.7786297681816547 -0.04673092937438012 0
4260 0.7829487523104464 -0.05737170946851215 0
4261 38.59125603935315 -2.932964783798231 0
4262 3.677983157562189 6.281027055934201 0
4263 0.01108811813940242 0.205315422864338 0
4264 1.015433371907539 -0.02714174485901686 0
4265 5.173817714000853 33.6336861299241 0
4266 -25.55621694352202 -7.155926414510001 0
4267 -1.150756955272354 -1.573523949364093 0
4268 -41.35503001605542 6.377761306271079 0
4269 0.3164525783634178 0.1152941575327078 0
4270 -17.35221243053353 19.12912492234926 0
4271 0.1362984644246497 -0.05826129177156759 0
4272 -0.5452756704324961 -0.01640528198974024 0
4273 0.4418739459702524 0.07136545900019352 0
4274 0.1138621701777885 0.3198867958687208 0
4275 110.4989327057708 53.46599179031874 0
4276 1.007536406525307 0.0006960652643297056 0
4277 103.989590484238 -65.40901814495128 0
4278 0.4168580325276328 0.1079671893307164 0
4279 1.141568629972203 0.09445591898940948 0
4280 1.202665006136539 0.07198756944831791 0
4281 -0.349950649610427 -9.767205329887384 0
4282 -0.1498589613044634 -0.0825633842386367 0
4283 -35.49367808501967 3.509052252792147 0
4284 35.52795964584471 20.1534934748486 0
4285 -25.13771057789588 78.95037070874648 0
4286 -13.20209408598812 -13.75637099337285 0
4287 0.2883167667267325 0.07649941506339697 0
4288 -5.053832584937258 -5.568851910970192 0
4289 0.9489085504692425 0.02693832276441264 0
4290 -3.205035238147515 2.97803546062581 0
4291 -70.67780251739521 -14.2961756625471 0
4292 0.5186282301682071 0.06974290535547502 0
4293 0.2408755296928318 0.07733036444354412 0
4294 0.6113778600645325 -0.06184311372464085 0
4295 43.00805510000345 70.60685591417874 0
4296 0.7080954631103964 -0.05378729832276004 0
4297 73.66997201610425 -19.09545021253385 0
4298 110.2067954446928 -99.73241836073471 0
4299 19.0238860123158 -92.63108882433487 0
4300 0.8923018639765876 0.03354402013954395 0
4301 -39.89948196368652 31.37822972889714 0
4302 0.2194347114382134 -0.2257826872560477 0
4303 12.71906881192836 1.51456755258722 0
4304 0.8122694849540033 -0.2312826542155405 0
4305 -2.313993961179524 0.4352372131979415 0
4306 0.6883349839621939 -0.05467426960403331 0
4307 67.92238029693273 25.54742379621721 0
4308 -0.07709552029979366 0.07828257891126411 0
4309 0.1976053881737144 -0.08828164790656925 0
4310 0.1955944304527859 -0.1052715790390738 0
4311 2.584807832588855 -65.08735397843834 0
4312 18.74379618466404 -47.22866340473154 0
4313 -9.599361964125558 0.8299951999393849 0
4314 -9.504518453171441 1.92759868597294 0
4315 -5.349747091405763 2.04820943210455 0
4316 -61.77356921532748 -23.10339187663601 0
4317 -65.37505404063496 -21.24274136854307 0
4318 1.025056545746617 0.01663631443557036 0
4319 -0.001176565249645568 0.001825314031929336 0
4320 -0.0007100633599086073 0.003227798770632651 0
4321 -0.001459902516238416 0.004798930521010659 0
4322 96.68446630152228 6.369158143562174 0
4323 0.282751858360534 -0.07719956233660587 0
4324 0.9858186348954119 -0.1341196733595802 0
4325 0.4589938009950069 0.0881035924858275 0
4326 50.27919703850203 -73.31540784681732 0
4327 75.55310878096509 98.68611261469832 0
4328 -45.66862064253539 -50.9048901028402 0
4329 -5.445478127487388 0.8581044328388731 0
4330 0.2317685651229747 -0.07613984697973833 0
4331 -109.2828092362262 -5.924486355977246 0
4332 5.423987550670156 10.91585011138561 0
4333 -66.82090299365578 10.70221530353414 0
4334 -3.333341431989925 -3.743459135360411 0
4335 -21.64635403703009 8.590836673095007 0
4336 0.5568720582134605 0.06604073595770228 0
4337 5.021217170059179 -2.269737754188151 0
4338 80.35710497696468 108.9033746269676 0
4339 46.45031257597814 95.02435196489679 0
4340 18.29034075635275 37.1356737923817 0
4341 0.07576772265377764 0.07487370603284013 0
4342 0.3851267127197994 -0.07665505358707927 0
4343 60.57070858267345 -106.5691769179 0
4344 1.327630586201209 -0.09042273858351747 0
4345 -3.277184955319788 36.2994599305041 0
4346 -0.1134696425996367 0.1824405352793079 0
4347 -0.1200554824471737 0.2395630381015502 0
4348 0.1202672574600273 -0.0675636799537515 0
4349 -66.00626615116275 6.57685386256436 0
4350 1.125350008922315 0.01175535181676601 0
4351 8.770120717070707 83.59180055698153 0
4352 9.708853263808301 -3.058965138395132 0
4353 4.305240122485859 -1.40517519537449 0
4354 -0.1453942228677913 -0.161882157222641 0
4355 0.3542403033337754 -0.07697505073678342 0
4356 0.7403905326291559 -0.2402461177438681 0
4357 -1.421654574290054 22.65945909486623 0
4358 -48.97274052473496 9.931838334263253 0
4359 -11.43638859080636 -14.59829754869177 0
4360 -0.01351711071985861 -0.1094191435888007 0
4361 110.5902113557621 59.95472147299271 0
4362 2.814872542919129 1.081834083623093 0
4363 42.58965397470418 10.25197037901846 0
4364 0.4574604786430281 -0.3438104399035017 0
4365 -0.6765312333033824 -0.8770611733888405 0
4366 -6.29769480011764 41.23531789281043 0
4367 6.983865638947989 -16.33541809942277 0
4368 -22.15618043772508 -10.83224975676418 0
4369 -18.26893995083761 32.19892847490171 0
4370 -71.48644722634084 23.07364266660599 0
4371 -4.599645652992915 1.937076203837687 0
4372 36.56798141636392 -21.20608168698192 0
4373 27.76102936442533 -2.983053985213862 0
4374 12.57374156555744 -102.4688841402258 0
4375 2.966106135115639 53.71853588922552 0
4376 -0.003074186433420424 0.01195330770283958 0
4377 -0.002302987153908429 0.007032432241473549 0
4378 0.0008147838967549832 0.009313308691266465 0
4379 115.4276592340899 1.252859849394537 0
4380 49.65623786417042 -30.93772673272618 0
4381 17.83423091300238 -8.502433142230961 0
4382 0.736851368836543 0.469607004210802 0
4383 -8.772654268359457 -4.52398216111967 0
4384 -71.43775355330745 28.45317328664727 0
4385 -8.45278667864377 -24.78653562161049 0
4386 74.92434464769886 42.96419554643447 0
4387 0.8914278490749705 -0.03435601251060179 0
4388 0.8804029457435374 -0.03322012839662418 0
4389 0.01006220266589353 -0.2596546733289183 0
4390 -4.612366651780123 -1.31484453287221 0
4391 -0.04766578041504788 -0.8417937815869607 0
4392 -0.003137907438682511 -0.0007260015992106091 0
4393 -0.001431190410649239 -0.001871986742887814 0
4394 -13.43825452242145 -4.830048014554078 0
4395 3.703095179627085 -8.669124895246318 0
4396 0.06392631980176755 -0.04663530095194347 0
4397 60.75165163399242 106.9757174239124 0
4398 -56.50329690558117 59.91996594230208 0
4399 1.266888953686084 0.6914603022226466 0
4400 0.601161925003175 -10.57196788057046 0
4401 -10.88662737272453 9.851045878954418 0
4402 -71.09324115212229 17.80281908254922 0
4403 4.747905420080047 5.0216889989531 0
4404 7.406947779535585 -8.121590375002356 0
4405 -2.34413705611069 29.32027322332625 0
4406 0.4704368079878911 -0.2520458642558082 0
4407 0.7965598959195074 0.04318221000271786 0
4408 -0.2227737747204314 -0.0480685671119285 0
4409 -1.561859086436788 -31.83109614469663 0
4410 38.58063619162417 33.39461769319021 0
4411 -5.130872152129186 6.52025505215166 0
4412 -0.001794749629220001 -0.003994505762091297 0
4413 1.060734759184658 -0.07663393781334622 0
4414 -63.43010287780184 66.63909935398333 0
4415 0.574173227307528 0.115112419959514 0
4416 0.1999837443060888 -0.07584981931881585 0
4417 -19.24597690222298 18.23623734668478 0
4418 0.9477888534852427 -0.054805613920997 0
4419 -34.59473638747635 -10.72831137765848 0
4420 36.12486862984007 -25.08517997483754 0
4421 0.7299675474201495 -0.05081210505110551 0
4422 0.4974334960918015 0.07619814041172417 0
4423 -10.56282782564463 2.645895151670556 0
4424 -88.32325605073073 46.22140098407269 0
4425 1.158218799303055 -0.01612731248290984 0
4426 49.12792879419756 -16.87115971108825 0
4427 -17.74357741364009 67.29548319872029 0
4428 1.005906794473129 -0.007986678366457197 0
4429 4.295530923008045 -2.823807840402951 0
4430 49.67637296597799 -27.08729642351935 0
4431 -44.54681349219385 8.136586760212591 0
4432 -0.2085291504491705 0.01894738980833262 0
4433 -12.25155679286842 25.2515479213986 0
4434 -2.584013647328226 3.027258448674412 0
4435 49.88807425767874 61.89913379358411 0
4436 0.2525783632733343 0.07555885868509771 0
4437 0.2617569064617549 0.07654705568644848 0
4438 26.92681432116013 7.974481871028935 0
4439 64.93364391404202 2.725752939829788 0
4440 -0.4958367026201964 -0.3087641540613267 0
4441 9.610401507945154 8.698277881009167 0
4442 -68.66546957810489 63.3625229339444 0
4443 1.872050724557262 -1.239117553250659 0
4444 -2.989847937852169 13.14650345365366 0
4445 1.13787765417762 -0.1984552272721211 0
4446 107.8036057183317 42.88241092853357 0
4447 21.50022832122693 -100.1388542000126 0
4448 -0.6129099263918267 -0.5118462768284974 0
4449 1.797931849338892 -0.8720648385210311 0
4450 0.2072416522904909 4.011663365689519 0
4451 0.8526307412433367 0.1020485803196128 0
4452 0.3173748185346136 -0.1045886748652849 0
4453 0.3035546600635944 -0.1154972262011606 0
4454 -4.479751512222935 -2.778585705488726 0
4455 -65.20968277538547 -17.22358125796012 0
4456 -56.10898849890027 12.49405859348426 0
4457 -0.0869250734346753 -0.01394547067739348 0
4458 38.6277284678058 29.89183424733782 0
4459 -6.852065910256968 5.095439974668007 0
4460 0.7695349496713857 -0.04606337098347194 0
4461 -0.002990647084180125 0.001097425993423296 0
4462 104.5797784045008 109.3867792238889 0
4463 0.876224399010322 0.2966470416550419 0
4464 0.1386812532627118 -0.07947601679231034 0
4465 -2.333714887735561 -1.908462801256295 0
4466 -0.463519989181176 1.177989867248443 0
4467 0.6632334723657745 7.208210650493422 0
4468 -4.13112797159665 -0.5651385486680058 0
4469 12.58989764268792 5.319412760429831 0
4470 0.7808050696022033 0.1339387836494372 0
4471 0.8067123909564815 0.1252416538293317 0
4472 1.120775754844219 4.297097037135935 0
4473 7.9629087367771 8.403387456082513 0
4474 39.51881644898933 79.94797721894432 0
4475 -1.698660948548848 4.164123211049205 0
4476 0.6454478020028076 0.1028704617347407 0
4477 40.49505707316872 103.7991862340218 0
4478 0.3374152660099218 0.1077597920507917 0
4479 36.18224788015462 -13.64811746538146 0
4480 74.34597381625125 -28.06594463294341 0
4481 -4.709854143973279 -7.338981340437454 0
4482 -92.34444816416104 -42.8122384384375 0
4483 0.9014712162584604 0.03074455044014137 0
4484 5.028033570693539 -6.810923973520345 0
4485 0.4493487464232684 0.1015860134278857 0
4486 0.4898117426329845 -0.05958946441894185 0
4487 0.5372660119176472 0.06629083368143657 0
4488 0.9150275585659414 -0.286828458201654 0
4489 -71.51722767304123 34.9917618657449 0
4490 0.2220686676973475 0.1196624826191202 0
4491 -36.12004518868611 15.83934886518349 0
4492 -5.463480723113756 -1.900893891331754 0
4493 20.10807846490163 -12.41334791801191 0
4494 0.04110013797023015 0.0568704240800388 0
4495 -2.228830668629305 3.664010110988067 0
4496 110.521997017025 66.4233627265744 0
4497 0.2182930861578297 -0.3587891865170081 0
4498 -3.784129768920837 1.857295111734721 0
4499 0.1066891642607926 -0.2373452519158477 0
4500 73.77171295069562 -23.7674051909631 0
4501 0.8010907014693436 0.08848721510438091 0
4502 1.009634314146957 0.2352915353423604 0
4503 26.4726796973325 -23.17138394559933 0
4504 2.771625382507054 79.57388198567563 0
4505 -1.702091761088808 -10.31655998601908 0
4506 16.80227583030376 19.88100355281773 0
4507 -98.99149593274333 33.52095465000144 0
4508 0.6071045161428857 0.1437125792164355 0
4509 2.492428874970749 2.556522055123808 0
4510 5.906163268953422 5.287054808251762 0
4511 42.18771307414322 -92.10485578621568 0
4512 0.8925953208714122 0.05634856550565494 0
4513 0.4403900174488508 -0.1321361376714097 0
4514 72.38891401891389 -56.46016097750595 0
4515 0.8502430405001647 0.03689875418716149 0
4516 -4.136136205572433 2.376485548294113 0
4517 110.3038930794759 -105.0900169639457 0
4518 23.57984458757016 -4.250225312580458 0
4519 0.8194755884141245 0.5762012518899439 0
$EndNodes
$Elements
9039
1 15 2 3333 1000 225
2 1 2 10 1 222 226
3 1 2 10 1 226 227
4 1 2 10 1 227 228
5 1 2 10 1 228 229
6 1 2 10 1 229 230
7 1 2 10 1 230 231
8 1 2 10 1 231 232
9 1 2 10 1 232 233
10 1 2 10 1 233 234
11 1 2 10 1 234 235
12 1 2 10 1 235 236
13 1 2 10 1 236 237
14 1 2 10 1 237 238
15 1 2 10 1 238 239
16 1 2 10 1 239 240
17 1 2 10 1 240 241
18 1 2 10 1 241 242
19 1 2 10 1 242 221
20 1 2 10 2 221 243
21 1 2 10 2 243 244
22 1 2 10 2 244 245
23 1 2 10 2 245 246
24 1 2 10 2 246 247
25 1 2 10 2 247 248
26 1 2 10 2 248 249
27 1 2 10 2 249 250
28 1 2 10 2 250 251
29 1 2 10 2 251 252
30 1 2 10 2 252 253
31 1 2 10 2 253 254
32 1 2 10 2 254 255
33 1 2 10 2 255 256
34 1 2 10 2 256 257
35 1 2 10 2 257 258
36 1 2 10 2 258 259
37 1 2 10 2 259 223
38 1 2 2 3 224 260
39 1 2 2 3 260 261
40 1 2 2 3 261 262
41 1 2 2 3 262 263
42 1 2 2 3 263 264
43 1 2 2 3 264 265
44 1 2 2 3 265 266
45 1 2 2 3 266 267
46 1 2 2 3 267 268
47 1 2 2 3 268 269
48 1 2 2 3 269 270
49 1 2 2 3 270 271
50 1 2 2 3 271 272
51 1 2 2 3 272 273
52 1 2 2 3 273 274
53 1 2 2 3 274 275
54 1 2 2 3 275 276
55 1 2 2 3 276 277
56 1 2 2 3 277 278
57 1 2 2 3 278 279
58 1 2 2 3 279 280
59 1 2 2 3 280 281
60 1 2 2 3 281 282
61 1 2 2 3 282 283
62 1 2 2 3 283 284
63 1 2 2 3 284 285
64 1 2 2 3 285 286
65 1 2 2 3 286 287
66 1 2 2 3 287 288
67 1 2 2 3 288 289
68 1 2 2 3 289 290
69 1 2 2 3 290 291
70 1 2 2 3 291 292
71 1 2 2 3 292 293
72 1 2 2 3 293 294
73 1 2 2 3 294 295
74 1 2 2 3 295 296
75 1 2 2 3 296 297
76 1 2 2 3 297 298
77 1 2 2 3 298 299
78 1 2 2 3 299 300
79 1 2 2 3 300 301
80 1 2 2 3 301 222
81 1 2 2 4 223 302
82 1 2 2 4 302 303
83 1 2 2 4 303 304
84 1 2 2 4 304 305
85 1 2 2 4 305 306
86 1 2 2 4 306 307
87 1 2 2 4 307 308
88 1 2 2 4 308 309
89 1 2 2 4 309 310
90 1 2 2 4 310 311
91 1 2 2 4 311 312
92 1 2 2 4 312 313
93 1 2 2 4 313 314
94 1 2 2 4 314 315
95 1 2 2 4 315 316
96 1 2 2 4 316 317
97 1 2 2 4 317 318
98 1 2 2 4 318 319
99 1 2 2 4 319 320
100 1 2 2 4 320 321
101 1 2 2 4 321 322
102 1 2 2 4 322 323
103 1 2 2 4 323 324
104 1 2 2 4 324 325
105 1 2 2 4 325 326
106 1 2 2 4 326 327
107 1 2 2 4 327 328
108 1 2 2 4 328 329
109 1 2 2 4 329 330
110 1 2 2 4 330 331
111 1 2 2 4 331 332
112 1 2 2 4 332 333
113 1 2 2 4 333 334
114 1 2 2 4 334 335
115 1 2 2 4 335 336
116 1 2 2 4 336 337
117 1 2 2 4 337 338
118 1 2 2 4 338 339
119 1 2 2 4 339 340
120 1 2 2 4 340 341
121 1 2 2 4 341 342
122 1 2 2 4 342 343
123 1 2 2 4 343 224
124 1 2 1 7 219 1
125 1 2 1 8 200 205
126 1 2 1 9 100 200
127 1 2 1 10 101 100
128 1 2 1 11 102 101
129 1 2 1 12 103 102
130 1 2 1 13 104 103
131 1 2 1 14 105 104
132 1 2 1 15 106 105
133 1 2 1 16 107 106
134 1 2 1 17 108 107
135 1 2 1 18 109 108
136 1 2 1 19 110 109
137 1 2 1 20 111 110
138 1 2 1 21 112 111
139 1 2 1 22 113 112
140 1 2 1 23 114 113
141 1 2 1 24 115 114
142 1 2 1 25 116 115
143 1 2 1 26 117 116
144 1 2 1 27 118 117
145 1 2 1 28 119 118
146 1 2 1 29 120 119
147 1 2 1 30 121 120
148 1 2 1 31 122 121
149 1 2 1 32 123 122
150 1 2 1 33 124 123
151 1 2 1 34 125 124
152 1 2 1 35 126 125
153 1 2 1 36 127 126
154 1 2 1 37 128 127
155 1 2 1 38 129 128
156 1 2 1 39 130 129
157 1 2 1 40 131 130
158 1 2 1 41 132 131
159 1 2 1 42 133 132
160 1 2 1 43 134 133
161 1 2 1 44 135 134
162 1 2 1 45 136 135
163 1 2 1 46 137 136
164 1 2 1 47 138 137
165 1 2 1 48 139 138
166 1 2 1 49 140 139
167 1 2 1 50 141 140
168 1 2 1 51 142 141
169 1 2 1 52 143 142
170 1 2 1 53 144 143
171 1 2 1 54 145 144
172 1 2 1 55 146 145
173 1 2 1 56 147 146
174 1 2 1 57 148 147
175 1 2 1 58 149 148
176 1 2 1 59 150 149
177 1 2 1 60 151 150
178 1 2 1 61 152 151
179 1 2 1 62 153 152
180 1 2 1 63 154 153
181 1 2 1 64 155 154
182 1 2 1 65 156 155
183 1 2 1 66 157 156
184 1 2 1 67 158 157
185 1 2 1 68 159 158
186 1 2 1 69 160 159
187 1 2 1 70 161 160
188 1 2 1 71 162 161
189 1 2 1 72 163 162
190 1 2 1 73 164 163
191 1 2 1 74 165 164
192 1 2 1 75 166 165
193 1 2 1 76 167 166
194 1 2 1 77 168 167
195 1 2 1 78 169 168
196 1 2 1 79 170 169
197 1 2 1 80 171 170
198 1 2 1 81 172 171
199 1 2 1 82 173 172
200 1 2 1 83 174 173
201 1 2 1 84 175 174
202 1 2 1 85 176 175
203 1 2 1 86 177 176
204 1 2 1 87 178 177
205 1 2 1 88 179 178
206 1 2 1 89 180 179
207 1 2 1 90 181 180
208 1 2 1 91 182 181
209 1 2 1 92 183 182
210 1 2 1 93 184 183
211 1 2 1 94 185 184
212 1 2 1 95 186 185
213 1 2 1 96 187 186
214 1 2 1 97 188 187
215 1 2 1 98 189 188
216 1 2 1 99 190 189
217 1 2 1 100 191 190
218 1 2 1 101 192 191
219 1 2 1 102 193 192
220 1 2 1 103 194 193
221 1 2 1 104 195 194
222 1 2 1 105 196 195
223 1 2 1 106 197 196
224 1 2 1 109 98 99
225 1 2 1 110 97 98
226 1 2 1 111 96 97
227 1 2 1 112 95 96
228 1 2 1 113 94 95
229 1 2 1 114 93 94
230 1 2 1 115 92 93
231 1 2 1 116 91 92
232 1 2 1 117 90 91
233 1 2 1 118 89 90
234 1 2 1 119 88 89
235 1 2 1 120 87 88
236 1 2 1 121 86 87
237 1 2 1 122 85 86
238 1 2 1 123 84 85
239 1 2 1 124 83 84
240 1 2 1 125 82 83
241 1 2 1 126 81 82
242 1 2 1 127 80 81
243 1 2 1 128 79 80
244 1 2 1 129 78 79
245 1 2 1 130 77 78
246 1 2 1 131 76 77
247 1 2 1 132 75 76
248 1 2 1 133 74 75
249 1 2 1 134 73 74
250 1 2 1 135 72 73
251 1 2 1 136 71 72
252 1 2 1 137 70 71
253 1 2 1 138 69 70
254 1 2 1 139 68 69
255 1 2 1 140 67 68
256 1 2 1 141 66 67
257 1 2 1 142 65 66
258 1 2 1 143 64 65
259 1 2 1 144 63 64
260 1 2 1 145 62 63
261 1 2 1 146 61 62
262 1 2 1 147 60 61
263 1 2 1 148 59 60
264 1 2 1 149 58 59
265 1 2 1 150 57 58
266 1 2 1 151 56 57
267 1 2 1 152 55 56
268 1 2 1 153 54 55
269 1 2 1 154 53 54
270 1 2 1 155 52 53
271 1 2 1 156 51 52
272 1 2 1 157 50 51
273 1 2 1 158 49 50
274 1 2 1 159 48 49
275 1 2 1 160 47 48
276 1 2 1 161 46 47
277 1 2 1 162 45 46
278 1 2 1 163 44 45
279 1 2 1 164 43 44
280 1 2 1 165 42 43
281 1 2 1 166 41 42
282 1 2 1 167 40 41
283 1 2 1 168 39 40
284 1 2 1 169 38 39
285 1 2 1 170 37 38
286 1 2 1 171 36 37
287 1 2 1 172 35 36
288 1 2 1 173 34 35
289 1 2 1 174 33 34
290 1 2 1 175 32 33
291 1 2 1 176 31 32
292 1 2 1 177 30 31
293 1 2 1 178 29 30
294 1 2 1 179 28 29
295 1 2 1 180 27 28
296 1 2 1 181 26 27
297 1 2 1 182 25 26
298 1 2 1 183 24 25
299 1 2 1 184 23 24
300 1 2 1 185 22 23
301 1 2 1 186 21 22
302 1 2 1 187 20 21
303 1 2 1 188 19 20
304 1 2 1 189 18 19
305 1 2 1 190 17 18
306 1 2 1 191 16 17
307 1 2 1 192 15 16
308 1 2 1 193 14 15
309 1 2 1 194 13 14
310 1 2 1 195 12 13
311 1 2 1 196 11 12
312 1 2 1 197 10 11
313 1 2 1 198 9 10
314 1 2 1 199 8 9
315 1 2 1 200 7 8
316 1 2 1 201 6 7
317 1 2 1 202 5 6
318 1 2 1 203 4 5
319 1 2 1 204 3 4
320 1 2 1 205 2 3
321 1 2 1 206 198 2
322 1 2 1 207 204 198
323 1 2 1 208 217 219
324 1 2 1 209 215 217
325 1 2 1 210 213 215
326 1 2 1 211 211 213
327 1 2 1 212 209 211
328 1 2 1 213 201 209
329 1 2 1 214 207 201
330 1 2 1 215 203 207
331 1 2 1 216 205 203
332 1 2 1 217 1 218
333 1 2 1 218 218 216
334 1 2 1 219 216 214
335 1 2 1 220 214 212
336 1 2 1 221 212 210
337 1 2 1 222 210 208
338 1 2 1 223 208 199
339 1 2 1 224 199 206
340 1 2 1 225 206 202
341 1 2 1 226 202 204
342 1 2 1 227 99 220
343 1 2 1 228 220 197
344 2 2 5 1 210 2934 3497
345 2 2 5 1 2620 956 4099
346 2 2 5 1 2009 2010 2011
347 2 2 5 1 2609 3419 3420
348 2 2 5 1 614 2783 3757
349 2 2 5 1 2426 2424 3554
350 2 2 5 1 2605 2066 2606
351 2 2 5 1 1714 2610 2803
352 2 2 5 1 2610 2598 2803
353 2 2 5 1 817 3134 3916
354 2 2 5 1 2748 2747 2836
355 2 2 5 1 2408 2459 4415
356 2 2 5 1 1452 3544 3640
357 2 2 5 1 2066 3256 4192
358 2 2 5 1 1836 2472 4339
359 2 2 5 1 2067 2068 2361
360 2 2 5 1 2070 2071 4097
361 2 2 5 1 2193 2620 4099
362 2 2 5 1 2337 727 3958
363 2 2 5 1 1995 3503 3757
364 2 2 5 1 3464 3462 3465
365 2 2 5 1 2376 2464 4245
366 2 2 5 1 1577 3112 4186
367 2 2 5 1 2244 3568 3813
368 2 2 5 1 1220 983 3169
369 2 2 5 1 2720 1437 2856
370 2 2 5 1 2472 3981 4339
371 2 2 5 1 2868 1495 3626
372 2 2 5 1 2926 2933 3967
373 2 2 5 1 2526 1083 4072
374 2 2 5 1 3578 2416 4273
375 2 2 5 1 1506 3878 4005
376 2 2 5 1 2065 2040 2080
377 2 2 5 1 1468 1469 1470
378 2 2 5 1 2661 2126 4017
379 2 2 5 1 2017 2016 2057
380 2 2 5 1 3253 1255 3356
381 2 2 5 1 2938 2941 3065
382 2 2 5 1 2012 2011 2016
383 2 2 5 1 2601 1747 2602
384 2 2 5 1 1514 1480 4488
385 2 2 5 1 1197 1199 1211
386 2 2 5 1 2753 1029 3030
387 2 2 5 1 1473 1470 2172
388 2 2 5 1 2507 1193 3339
389 2 2 5 1 2560 2579 4173
390 2 2 5 1 991 2671 3597
391 2 2 5 1 3649 3654 3858
392 2 2 5 1 1321 3773 3785
393 2 2 5 1 2533 3582 4021
394 2 2 5 1 3134 2844 3916
395 2 2 5 1 2415 2417 2422
396 2 2 5 1 2891 1921 3946
397 2 2 5 1 3518 3598 3982
398 2 2 5 1 1945 2600 3330
399 2 2 5 1 2028 2156 3939
400 2 2 5 1 2116 2114 3335
401 2 2 5 1 2747 1992 2836
402 2 2 5 1 225 2072 4428
403 2 2 5 1 2227 1789 3125
404 2 2 5 1 2031 2173 3386
405 2 2 5 1 1794 2648 2650
406 2 2 5 1 367 3303 3600
407 2 2 5 1 2763 1088 2831
408 2 2 5 1 2052 2055 2147
409 2 2 5 1 3004 612 3658
410 2 2 5 1 3096 2746 3291
411 2 2 5 1 2055 2056 2067
412 2 2 5 1 2720 2856 4117
413 2 2 5 1 3095 3096 3291
414 2 2 5 1 491 489 3331
415 2 2 5 1 2761 1088 2763
416 2 2 5 1 2624 1843 3290
417 2 2 5 1 3524 2403 4422
418 2 2 5 1 2409 2415 2430
419 2 2 5 1 2510 805 3168
420 2 2 5 1 3983 1555 4007
421 2 2 5 1 2323 1141 3200
422 2 2 5 1 2163 1147 2626
423 2 2 5 1 2188 2641 3059
424 2 2 5 1 2201 2065 2272
425 2 2 5 1 3087 1865 3644
426 2 2 5 1 3527 3983 4007
427 2 2 5 1 1413 3124 3340
428 2 2 5 1 2473 1619 3404
429 2 2 5 1 2523 2246 3949
430 2 2 5 1 2967 3011 3452
431 2 2 5 1 1326 2325 3001
432 2 2 5 1 2818 2863 3142
433 2 2 5 1 1470 1469 4344
434 2 2 5 1 614 2782 2783
435 2 2 5 1 1255 3253 3337
436 2 2 5 1 2325 1326 4196
437 2 2 5 1 2126 2661 3335
438 2 2 5 1 2583 3253 3356
439 2 2 5 1 387 2618 3055
440 2 2 5 1 3310 1963 3776
441 2 2 5 1 2034 2040 2065
442 2 2 5 1 1440 2558 2624
443 2 2 5 1 3067 1002 4348
444 2 2 5 1 2008 1512 2009
445 2 2 5 1 978 2657 3627
446 2 2 5 1 2199 2891 3946
447 2 2 5 1 2025 2028 2079
448 2 2 5 1 2019 2021 2296
449 2 2 5 1 2393 2399 2434
450 2 2 5 1 2028 2064 2156
451 2 2 5 1 2698 819 2699
452 2 2 5 1 1372 2718 3364
453 2 2 5 1 2385 2659 3592
454 2 2 5 1 2522 730 2623
455 2 2 5 1 2899 2227 3125
456 2 2 5 1 1562 2529 2530
457 2 2 5 1 3131 3382 3438
458 2 2 5 1 2046 2066 2605
459 2 2 5 1 3878 1506 3989
460 2 2 5 1 2435 2418 2448
461 2 2 5 1 1320 2572 2573
462 2 2 5 1 2423 2439 2444
463 2 2 5 1 1323 2667 3440
464 2 2 5 1 3981 2268 4339
465 2 2 5 1 243 2976 2978
466 2 2 5 1 2232 3752 3758
467 2 2 5 1 2022 2025 2215
468 2 2 5 1 688 730 2522
469 2 2 5 1 1967 1577 4186
470 2 2 5 1 1995 2254 3503
471 2 2 5 1 3593 3687 3931
472 2 2 5 1 751 2480 4334
473 2 2 5 1 2490 2093 3070
474 2 2 5 1 913 2584 3693
475 2 2 5 1 3253 3254 3337
476 2 2 5 1 2792 1323 3440
477 2 2 5 1 1636 2619 3515
478 2 2 5 1 1197 1181 1199
479 2 2 5 1 3197 2229 3295
480 2 2 5 1 2079 2028 3939
481 2 2 5 1 1083 908 4072
482 2 2 5 1 737 735 3008
483 2 2 5 1 2553 1562 4205
484 2 2 5 1 1 2923 4393
485 2 2 5 1 3397 2440 3670
486 2 2 5 1 2058 2057 2508
487 2 2 5 1 393 3287 3802
488 2 2 5 1 3806 3439 4133
489 2 2 5 1 2609 3420 3525
490 2 2 5 1 2013 2015 2018
491 2 2 5 1 2022 2215 3853
492 2 2 5 1 481 479 2778
493 2 2 5 1 2031 2034 2173
494 2 2 5 1 2560 1812 2579
495 2 2 5 1 1895 3184 3247
496 2 2 5 1 2515 1807 2751
497 2 2 5 1 2275 2829 4258
498 2 2 5 1 2061 2293 2294
499 2 2 5 1 2402 2408 2458
500 2 2 5 1 3764 2569 3765
501 2 2 5 1 1763 3391 3803
502 2 2 5 1 2926 2921 2933
503 2 2 5 1 2619 1636 3728
504 2 2 5 1 1942 1964 2588
505 2 2 5 1 2469 2244 3556
506 2 2 5 1 1790 3197 3295
507 2 2 5 1 2548 1853 2549
508 2 2 5 1 83 84 3470
509 2 2 5 1 3111 871 4151
510 2 2 5 1 3629 3619 4204
511 2 2 5 1 2252 1467 3342
512 2 2 5 1 3124 1413 3996
513 2 2 5 1 3725 2352 4257
514 2 2 5 1 1747 2601 2669
515 2 2 5 1 2628 1535 4499
516 2 2 5 1 659 2600 2602
517 2 2 5 1 2558 2089 2624
518 2 2 5 1 2215 2079 2241
519 2 2 5 1 1411 1793 2751
520 2 2 5 1 2863 2862 3142
521 2 2 5 1 2618 387 3817
522 2 2 5 1 3077 3078 3896
523 2 2 5 1 742 481 2778
524 2 2 5 1 2701 2184 3695
525 2 2 5 1 2423 2425 2439
526 2 2 5 1 2011 2010 2013
527 2 2 5 1 2371 3026 3137
528 2 2 5 1 490 492 2874
529 2 2 5 1 940 2968 3452
530 2 2 5 1 1141 2323 4172
531 2 2 5 1 803 680 2578
532 2 2 5 1 2377 2460 4512
533 2 2 5 1 3967 3498 3968
534 2 2 5 1 727 696 3958
535 2 2 5 1 735 1155 3008
536 2 2 5 1 2397 3150 3636
537 2 2 5 1 1034 1032 1236
538 2 2 5 1 2052 2147 3256
539 2 2 5 1 2415 2422 4485
540 2 2 5 1 3445 3444 3888
541 2 2 5 1 2244 2470 3568
542 2 2 5 1 2128 2624 3290
543 2 2 5 1 1484 1480 1514
544 2 2 5 1 1081 2992 2993
545 2 2 5 1 1193 2507 4328
546 2 2 5 1 2725 604 3977
547 2 2 5 1 1087 2988 3106
548 2 2 5 1 2444 2439 3475
549 2 2 5 1 765 2705 3274
550 2 2 5 1 3719 3718 4287
551 2 2 5 1 2071 2074 4264
552 2 2 5 1 1509 1508 1522
553 2 2 5 1 1232 1330 2707
554 2 2 5 1 3565 2201 3749
555 2 2 5 1 3088 3087 3644
556 2 2 5 1 1116 2701 3695
557 2 2 5 1 2968 2967 3452
558 2 2 5 1 3808 3467 3827
559 2 2 5 1 3467 3814 3815
560 2 2 5 1 1286 2532 3049
561 2 2 5 1 2774 679 3436
562 2 2 5 1 1807 1411 2751
563 2 2 5 1 2532 1682 3575
564 2 2 5 1 2060 2058 2082
565 2 2 5 1 2673 2195 3186
566 2 2 5 1 2705 2704 3274
567 2 2 5 1 2986 2104 3102
568 2 2 5 1 1559 2805 2806
569 2 2 5 1 2600 659 3330
570 2 2 5 1 2151 2560 4173
571 2 2 5 1 3880 1523 4302
572 2 2 5 1 2009 1512 2010
573 2 2 5 1 2176 2527 3387
574 2 2 5 1 1081 2132 2992
575 2 2 5 1 2175 2731 2794
576 2 2 5 1 2460 3469 3885
577 2 2 5 1 670 1018 2576
578 2 2 5 1 2042 3950 4356
579 2 2 5 1 1465 2721 4121
580 2 2 5 1 2494 3066 3101
581 2 2 5 1 871 3111 3956
582 2 2 5 1 2163 2626 3119
583 2 2 5 1 2484 371 3155
584 2 2 5 1 368 3160 3528
585 2 2 5 1 4321 2934 4377
586 2 2 5 1 2177 2673 3186
587 2 2 5 1 2458 2408 4415
588 2 2 5 1 865 2318 3938
589 2 2 5 1 2294 2293 2311
590 2 2 5 1 3618 3619 3630
591 2 2 5 1 1468 1466 1469
592 2 2 5 1 3491 393 3802
593 2 2 5 1 1175 1173 1451
594 2 2 5 1 2853 1646 3219
595 2 2 5 1 1535 2488 2663
596 2 2 5 1 916 865 3938
597 2 2 5 1 2980 2835 3839
598 2 2 5 1 1929 2726 3473
599 2 2 5 1 1212 1743 2344
600 2 2 5 1 2432 2450 2453
601 2 2 5 1 3259 3806 4133
602 2 2 5 1 2156 2064 2359
603 2 2 5 1 1434 1562 2553
604 2 2 5 1 2585 917 4225
605 2 2 5 1 2522 2634 4080
606 2 2 5 1 2489 2093 2490
607 2 2 5 1 1471 1470 1473
608 2 2 5 1 1175 3886 3887
609 2 2 5 1 2641 2188 3028
610 2 2 5 1 2348 2993 3576
611 2 2 5 1 3183 2681 3575
612 2 2 5 1 2805 1559 2835
613 2 2 5 1 3924 1526 4445
614 2 2 5 1 1950 3313 3786
615 2 2 5 1 3068 1525 4012
616 2 2 5 1 2173 2065 2201
617 2 2 5 1 492 743 2874
618 2 2 5 1 1577 2349 3112
619 2 2 5 1 2399 2400 2414
620 2 2 5 1 2904 1023 2905
621 2 2 5 1 2922 3970 4376
622 2 2 5 1 2761 2758 3454
623 2 2 5 1 2201 2272 3607
624 2 2 5 1 2658 3629 4342
625 2 2 5 1 1826 4057 4159
626 2 2 5 1 1885 1884 4263
627 2 2 5 1 983 1952 3169
628 2 2 5 1 2468 3047 3871
629 2 2 5 1 2372 2541 3392
630 2 2 5 1 1469 1472 4344
631 2 2 5 1 1493 1489 1513
632 2 2 5 1 2336 362 3457
633 2 2 5 1 2176 2794 2795
634 2 2 5 1 2104 2986 3348
635 2 2 5 1 2386 2383 3918
636 2 2 5 1 708 654 2894
637 2 2 5 1 2045 2605 2608
638 2 2 5 1 2671 991 3135
639 2 2 5 1 2244 2469 2470
640 2 2 5 1 1464 1465 1466
641 2 2 5 1 2564 571 3423
642 2 2 5 1 2372 2376 2541
643 2 2 5 1 2453 2455 2604
644 2 2 5 1 2965 2990 4291
645 2 2 5 1 1562 1855 2529
646 2 2 5 1 1467 2252 2519
647 2 2 5 1 2527 2176 3851
648 2 2 5 1 1211 1199 4519
649 2 2 5 1 2302 2720 4117
650 2 2 5 1 2666 2473 3404
651 2 2 5 1 1030 936 2642
652 2 2 5 1 1942 2588 3011
653 2 2 5 1 1204 3741 3742
654 2 2 5 1 1330 1415 2707
655 2 2 5 1 1032 1010 2169
656 2 2 5 1 2829 1844 4258
657 2 2 5 1 2136 2653 2710
658 2 2 5 1 2036 3552 4167
659 2 2 5 1 3207 2380 3208
660 2 2 5 1 1004 1001 1013
661 2 2 5 1 2393 2434 3717
662 2 2 5 1 1807 2515 2752
663 2 2 5 1 2409 2411 2415
664 2 2 5 1 1204 3451 3741
665 2 2 5 1 2572 1320 4284
666 2 2 5 1 1320 2573 3407
667 2 2 5 1 1794 2650 2651
668 2 2 5 1 2176 2175 2794
669 2 2 5 1 1566 1220 3169
670 2 2 5 1 1088 2761 3454
671 2 2 5 1 1432 1853 2548
672 2 2 5 1 2159 2725 3977
673 2 2 5 1 1104 2556 2619
674 2 2 5 1 3550 3621 4229
675 2 2 5 1 1472 1693 1694
676 2 2 5 1 362 2336 3690
677 2 2 5 1 2055 2067 4418
678 2 2 5 1 3092 2394 3902
679 2 2 5 1 3532 1866 4211
680 2 2 5 1 2181 3327 4303
681 2 2 5 1 689 3215 3428
682 2 2 5 1 2060 2082 2084
683 2 2 5 1 3451 3027 3741
684 2 2 5 1 2255 3818 3860
685 2 2 5 1 2796 992 3564
686 2 2 5 1 2243 2755 3429
687 2 2 5 1 2016 2011 2292
688 2 2 5 1 3190 3673 4075
689 2 2 5 1 2065 2080 4114
690 2 2 5 1 2111 2349 3561
691 2 2 5 1 2641 833 3059
692 2 2 5 1 1500 1498 1512
693 2 2 5 1 2391 2392 4470
694 2 2 5 1 2169 1010 3935
695 2 2 5 1 843 819 2698
696 2 2 5 1 2057 2016 4453
697 2 2 5 1 2399 2414 4476
698 2 2 5 1 2017 2057 2058
699 2 2 5 1 2114 2126 3335
700 2 2 5 1 2418 2399 4476
701 2 2 5 1 2009 2011 2012
702 2 2 5 1 1202 3534 4042
703 2 2 5 1 2911 1519 2915
704 2 2 5 1 2420 3212 3213
705 2 2 5 1 3303 367 3802
706 2 2 5 1 2434 2418 2435
707 2 2 5 1 2648 1794 2674
708 2 2 5 1 1496 3614 3819
709 2 2 5 1 3752 2232 4322
710 2 2 5 1 2556 1104 2557
711 2 2 5 1 888 885 2697
712 2 2 5 1 2132 988 2253
713 2 2 5 1 659 2602 2997
714 2 2 5 1 2012 2016 2017
715 2 2 5 1 2067 2056 2068
716 2 2 5 1 1138 2306 3050
717 2 2 5 1 1320 2582 4284
718 2 2 5 1 2905 1023 3643
719 2 2 5 1 2711 2242 4248
720 2 2 5 1 2428 2415 4485
721 2 2 5 1 1354 2999 3185
722 2 2 5 1 2749 613 3605
723 2 2 5 1 3741 3459 3742
724 2 2 5 1 3393 554 3503
725 2 2 5 1 3466 3465 3765
726 2 2 5 1 1922 3077 3896
727 2 2 5 1 2726 1050 3473
728 2 2 5 1 1480 1476 3100
729 2 2 5 1 2045 2046 2605
730 2 2 5 1 3635 1496 3819
731 2 2 5 1 2260 2280 2281
732 2 2 5 1 3234 2267 3417
733 2 2 5 1 2476 352 3244
734 2 2 5 1 2731 467 2794
735 2 2 5 1 1893 2451 4254
736 2 2 5 1 2801 3001 3360
737 2 2 5 1 720 2789 4086
738 2 2 5 1 2018 2077 3630
739 2 2 5 1 2405 3650 4292
740 2 2 5 1 3382 3131 3471
741 2 2 5 1 2806 2807 3421
742 2 2 5 1 2966 2191 3220
743 2 2 5 1 1465 2096 2721
744 2 2 5 1 1522 1508 4499
745 2 2 5 1 2241 2079 2531
746 2 2 5 1 2296 2021 2711
747 2 2 5 1 1805 2780 2781
748 2 2 5 1 2988 1960 3106
749 2 2 5 1 1199 1212 4519
750 2 2 5 1 3476 632 3856
751 2 2 5 1 2082 2058 2508
752 2 2 5 1 2576 1018 2577
753 2 2 5 1 3463 3462 3464
754 2 2 5 1 1472 1694 3926
755 2 2 5 1 1543 3028 3241
756 2 2 5 1 2409 2430 3353
757 2 2 5 1 3174 3769 3872
758 2 2 5 1 1866 1211 4211
759 2 2 5 1 2352 3725 4385
760 2 2 5 1 2439 2425 2440
761 2 2 5 1 1888 4220 4274
762 2 2 5 1 1829 2905 3139
763 2 2 5 1 2494 2491 3066
764 2 2 5 1 2930 2926 3967
765 2 2 5 1 2789 720 3064
766 2 2 5 1 2961 2168 2972
767 2 2 5 1 2294 2311 3634
768 2 2 5 1 2489 2490 2491
769 2 2 5 1 3114 2221 4076
770 2 2 5 1 1493 1513 2271
771 2 2 5 1 2148 3696 3770
772 2 2 5 1 2921 2918 2932
773 2 2 5 1 2457 3578 4273
774 2 2 5 1 2670 1992 3359
775 2 2 5 1 2191 1927 3220
776 2 2 5 1 1467 1466 1468
777 2 2 5 1 3312 3793 3844
778 2 2 5 1 3397 2441 3583
779 2 2 5 1 3001 2325 3360
780 2 2 5 1 3707 3706 4293
781 2 2 5 1 2124 3004 3658
782 2 2 5 1 610 619 2599
783 2 2 5 1 3081 1913 3191
784 2 2 5 1 2477 2318 4197
785 2 2 5 1 2437 2428 2609
786 2 2 5 1 3594 1201 3868
787 2 2 5 1 1495 2868 4145
788 2 2 5 1 1024 1463 1464
789 2 2 5 1 3249 1424 3449
790 2 2 5 1 1876 610 2599
791 2 2 5 1 3280 2315 3414
792 2 2 5 1 1029 2753 4261
793 2 2 5 1 385 2478 3351
794 2 2 5 1 1528 2322 4016
795 2 2 5 1 2377 2382 2460
796 2 2 5 1 2508 2057 3395
797 2 2 5 1 1473 2172 3924
798 2 2 5 1 680 677 2578
799 2 2 5 1 3548 3466 3774
800 2 2 5 1 925 923 929
801 2 2 5 1 994 990 1081
802 2 2 5 1 613 2749 3590
803 2 2 5 1 2439 2440 3190
804 2 2 5 1 1513 2523 3949
805 2 2 5 1 2018 2015 4513
806 2 2 5 1 2331 2138 3755
807 2 2 5 1 2254 3393 3503
808 2 2 5 1 1992 2747 3359
809 2 2 5 1 2781 1717 2783
810 2 2 5 1 3627 2657 4342
811 2 2 5 1 2394 3092 3995
812 2 2 5 1 3160 368 3806
813 2 2 5 1 2349 2111 4094
814 2 2 5 1 1651 3022 3867
815 2 2 5 1 2446 2386 3918
816 2 2 5 1 3698 2361 3699
817 2 2 5 1 2271 1513 3949
818 2 2 5 1 679 2774 4460
819 2 2 5 1 2832 1996 3198
820 2 2 5 1 2245 2532 3575
821 2 2 5 1 1184 1181 1197
822 2 2 5 1 2462 2435 3593
823 2 2 5 1 2255 2341 3818
824 2 2 5 1 2697 885 2698
825 2 2 5 1 1795 3114 4076
826 2 2 5 1 2465 2437 4422
827 2 2 5 1 3047 2744 3871
828 2 2 5 1 2146 2055 4418
829 2 2 5 1 3475 1202 4042
830 2 2 5 1 4096 790 4383
831 2 2 5 1 1883 1881 4347
832 2 2 5 1 1082 2595 2596
833 2 2 5 1 2084 2082 2671
834 2 2 5 1 1686 2803 3990
835 2 2 5 1 3444 2429 3888
836 2 2 5 1 3871 2744 4345
837 2 2 5 1 1480 3100 4488
838 2 2 5 1 3696 2148 4175
839 2 2 5 1 1008 1006 1158
840 2 2 5 1 917 916 918
841 2 2 5 1 2964 1597 3029
842 2 2 5 1 2718 1372 3822
843 2 2 5 1 896 1257 3117
844 2 2 5 1 1507 1504 1508
845 2 2 5 1 2095 1463 2730
846 2 2 5 1 2472 3097 3981
847 2 2 5 1 2034 2035 2040
848 2 2 5 1 2402 2407 2408
849 2 2 5 1 3051 3828 3898
850 2 2 5 1 2623 1705 2634
851 2 2 5 1 3190 1200 3673
852 2 2 5 1 3630 3933 3978
853 2 2 5 1 1508 1523 4499
854 2 2 5 1 805 2510 4098
855 2 2 5 1 990 988 2132
856 2 2 5 1 243 244 2976
857 2 2 5 1 2430 2428 2437
858 2 2 5 1 2016 2061 4453
859 2 2 5 1 2878 2987 3729
860 2 2 5 1 2068 2070 4097
861 2 2 5 1 3773 1321 3893
862 2 2 5 1 2147 2146 2345
863 2 2 5 1 2915 2944 2947
864 2 2 5 1 411 409 2635
865 2 2 5 1 2990 2991 4291
866 2 2 5 1 2138 2331 3856
867 2 2 5 1 2695 1196 2873
868 2 2 5 1 2433 2426 3554
869 2 2 5 1 3300 3119 4199
870 2 2 5 1 2723 2471 4032
871 2 2 5 1 1154 3900 4020
872 2 2 5 1 3551 3550 4229
873 2 2 5 1 654 648 2894
874 2 2 5 1 2372 2375 2376
875 2 2 5 1 2011 2013 3218
876 2 2 5 1 614 558 2782
877 2 2 5 1 2777 2742 4219
878 2 2 5 1 919 918 920
879 2 2 5 1 1682 2532 4491
880 2 2 5 1 2040 2041 2216
881 2 2 5 1 2376 2377 2464
882 2 2 5 1 737 3008 3009
883 2 2 5 1 2453 2450 2455
884 2 2 5 1 3267 2447 4463
885 2 2 5 1 1965 1966 3722
886 2 2 5 1 2653 2136 4102
887 2 2 5 1 1500 1512 2008
888 2 2 5 1 2436 2435 2462
889 2 2 5 1 2999 1354 3184
890 2 2 5 1 1729 2768 2902
891 2 2 5 1 3708 2456 3709
892 2 2 5 1 3604 2181 4303
893 2 2 5 1 84 837 3470
894 2 2 5 1 2677 2679 2773
895 2 2 5 1 1274 1273 2574
896 2 2 5 1 1518 1511 3944
897 2 2 5 1 2360 3386 4148
898 2 2 5 1 2605 2606 2607
899 2 2 5 1 612 3004 3772
900 2 2 5 1 3006 1680 3581
901 2 2 5 1 2046 2048 2066
902 2 2 5 1 2478 385 3373
903 2 2 5 1 1779 2550 2551
904 2 2 5 1 2106 3039 3631
905 2 2 5 1 1230 1030 2642
906 2 2 5 1 2868 3626 3796
907 2 2 5 1 2870 1052 3106
908 2 2 5 1 2393 2395 2399
909 2 2 5 1 2306 1138 4381
910 2 2 5 1 243 2978 4379
911 2 2 5 1 1484 1514 2545
912 2 2 5 1 3124 2652 3340
913 2 2 5 1 1001 998 2259
914 2 2 5 1 2941 1884 3065
915 2 2 5 1 3922 1526 3923
916 2 2 5 1 2435 2448 2659
917 2 2 5 1 2331 3476 3856
918 2 2 5 1 2558 2853 3219
919 2 2 5 1 164 163 3566
920 2 2 5 1 3812 2738 3919
921 2 2 5 1 1177 1175 3887
922 2 2 5 1 347 2524 3416
923 2 2 5 1 2348 3576 3983
924 2 2 5 1 1463 972 2730
925 2 2 5 1 3208 2380 3679
926 2 2 5 1 3039 2005 3631
927 2 2 5 1 1196 2695 2872
928 2 2 5 1 489 1248 3331
929 2 2 5 1 2052 2054 2055
930 2 2 5 1 639 699 2619
931 2 2 5 1 2684 2687 2696
932 2 2 5 1 2524 347 3417
933 2 2 5 1 1621 1286 3049
934 2 2 5 1 1762 3138 4279
935 2 2 5 1 2589 643 3273
936 2 2 5 1 2871 2902 3315
937 2 2 5 1 595 582 3309
938 2 2 5 1 1559 2806 3421
939 2 2 5 1 1805 2779 2780
940 2 2 5 1 2571 4315 4329
941 2 2 5 1 558 560 2782
942 2 2 5 1 2776 2742 2777
943 2 2 5 1 2828 2116 3335
944 2 2 5 1 2453 2604 3719
945 2 2 5 1 2803 2596 3990
946 2 2 5 1 3097 379 3981
947 2 2 5 1 2491 2490 3025
948 2 2 5 1 1682 3183 3575
949 2 2 5 1 1694 1695 4280
950 2 2 5 1 1915 2570 3012
951 2 2 5 1 2558 1440 2853
952 2 2 5 1 3028 2188 3241
953 2 2 5 1 1236 1032 2169
954 2 2 5 1 381 2986 3102
955 2 2 5 1 2730 925 3940
956 2 2 5 1 201 3756 3798
957 2 2 5 1 3568 1743 3813
958 2 2 5 1 2507 3339 3488
959 2 2 5 1 660 2723 4032
960 2 2 5 1 2008 2009 2131
961 2 2 5 1 542 634 2593
962 2 2 5 1 830 834 4290
963 2 2 5 1 571 573 3423
964 2 2 5 1 1895 2903 3184
965 2 2 5 1 3768 2036 4167
966 2 2 5 1 1490 3140 3610
967 2 2 5 1 2105 2666 3404
968 2 2 5 1 1534 2546 2808
969 2 2 5 1 2561 3310 3776
970 2 2 5 1 3174 973 3769
971 2 2 5 1 2838 1052 2870
972 2 2 5 1 2699 819 4456
973 2 2 5 1 2415 2411 2417
974 2 2 5 1 2369 2372 3392
975 2 2 5 1 2015 2019 4513
976 2 2 5 1 2727 1158 4365
977 2 2 5 1 920 918 921
978 2 2 5 1 863 861 867
979 2 2 5 1 2657 2658 4342
980 2 2 5 1 2890 1800 3111
981 2 2 5 1 2082 2508 2868
982 2 2 5 1 2432 2453 3115
983 2 2 5 1 2592 3721 3724
984 2 2 5 1 830 827 834
985 2 2 5 1 917 2585 3744
986 2 2 5 1 344 2559 3506
987 2 2 5 1 3384 3114 3839
988 2 2 5 1 1966 3162 3722
989 2 2 5 1 3515 3082 3543
990 2 2 5 1 2990 2965 3029
991 2 2 5 1 2357 2511 4045
992 2 2 5 1 2988 1087 3402
993 2 2 5 1 2487 2738 3812
994 2 2 5 1 2413 2466 2470
995 2 2 5 1 2932 2918 2947
996 2 2 5 1 2487 2760 3480
997 2 2 5 1 2028 2029 2064
998 2 2 5 1 2712 3430 4066
999 2 2 5 1 3390 367 3600
1000 2 2 5 1 634 544 2612
1001 2 2 5 1 3517 1518 3944
1002 2 2 5 1 515 2631 3199
1003 2 2 5 1 2905 1829 3727
1004 2 2 5 1 2420 3211 3212
1005 2 2 5 1 3828 1998 3898
1006 2 2 5 1 3411 2496 3537
1007 2 2 5 1 2676 1094 2754
1008 2 2 5 1 2072 3753 3849
1009 2 2 5 1 2805 2835 2980
1010 2 2 5 1 1644 2522 4080
1011 2 2 5 1 2602 1747 2603
1012 2 2 5 1 2511 2357 4327
1013 2 2 5 1 2163 3119 3300
1014 2 2 5 1 1179 1177 1181
1015 2 2 5 1 2874 743 3951
1016 2 2 5 1 1024 972 1463
1017 2 2 5 1 2902 1948 3315
1018 2 2 5 1 374 2562 3132
1019 2 2 5 1 1503 3101 3536
1020 2 2 5 1 2967 1942 3011
1021 2 2 5 1 1695 1696 4280
1022 2 2 5 1 869 896 3117
1023 2 2 5 1 2025 2026 2028
1024 2 2 5 1 1464 1466 1467
1025 2 2 5 1 871 2888 4151
1026 2 2 5 1 3307 3306 3781
1027 2 2 5 1 2801 1614 3269
1028 2 2 5 1 2659 2385 3593
1029 2 2 5 1 2922 2 3970
1030 2 2 5 1 3067 3068 4012
1031 2 2 5 1 2590 1592 2894
1032 2 2 5 1 2755 2243 3430
1033 2 2 5 1 2598 2610 4368
1034 2 2 5 1 915 913 3693
1035 2 2 5 1 2696 2753 3030
1036 2 2 5 1 2422 2417 4278
1037 2 2 5 1 927 925 2730
1038 2 2 5 1 1082 627 2595
1039 2 2 5 1 3254 631 3337
1040 2 2 5 1 1562 2530 4205
1041 2 2 5 1 3525 3524 4422
1042 2 2 5 1 3022 1651 4233
1043 2 2 5 1 1800 2890 3110
1044 2 2 5 1 2041 2044 2045
1045 2 2 5 1 4184 2326 4329
1046 2 2 5 1 3878 2281 4005
1047 2 2 5 1 2429 3444 3909
1048 2 2 5 1 1746 457 2676
1049 2 2 5 1 3066 2493 3101
1050 2 2 5 1 2176 2795 3851
1051 2 2 5 1 3038 2613 3927
1052 2 2 5 1 753 751 4334
1053 2 2 5 1 749 747 805
1054 2 2 5 1 298 371 2996
1055 2 2 5 1 2777 742 2778
1056 2 2 5 1 2127 3873 4152
1057 2 2 5 1 1779 2548 2550
1058 2 2 5 1 1381 2795 3850
1059 2 2 5 1 3395 3613 4323
1060 2 2 5 1 429 1157 2683
1061 2 2 5 1 2525 3333 4367
1062 2 2 5 1 2438 2437 2465
1063 2 2 5 1 1990 2739 2740
1064 2 2 5 1 2443 3115 3325
1065 2 2 5 1 1217 2797 2798
1066 2 2 5 1 1876 2610 2611
1067 2 2 5 1 3330 491 3331
1068 2 2 5 1 3059 833 3830
1069 2 2 5 1 1544 3120 3121
1070 2 2 5 1 619 625 2599
1071 2 2 5 1 672 670 2576
1072 2 2 5 1 2178 2980 3839
1073 2 2 5 1 3648 631 3795
1074 2 2 5 1 1505 3527 4007
1075 2 2 5 1 1823 1664 2776
1076 2 2 5 1 3172 2512 3173
1077 2 2 5 1 1945 3330 3331
1078 2 2 5 1 3073 3648 3795
1079 2 2 5 1 2746 3096 3292
1080 2 2 5 1 925 929 3940
1081 2 2 5 1 2080 2216 2520
1082 2 2 5 1 1883 1884 1885
1083 2 2 5 1 1081 990 2132
1084 2 2 5 1 3210 3208 4407
1085 2 2 5 1 3547 2568 3549
1086 2 2 5 1 2427 2432 4269
1087 2 2 5 1 3597 2671 4330
1088 2 2 5 1 664 707 3064
1089 2 2 5 1 2918 2911 2947
1090 2 2 5 1 457 453 2676
1091 2 2 5 1 2029 2031 3386
1092 2 2 5 1 2595 660 2597
1093 2 2 5 1 2987 887 3729
1094 2 2 5 1 1915 3084 4101
1095 2 2 5 1 2700 830 4290
1096 2 2 5 1 2888 871 4316
1097 2 2 5 1 3140 2979 3610
1098 2 2 5 1 2019 2020 2021
1099 2 2 5 1 2321 3696 4175
1100 2 2 5 1 3080 1913 3081
1101 2 2 5 1 2480 751 3723
1102 2 2 5 1 3292 2230 3678
1103 2 2 5 1 1523 2628 4499
1104 2 2 5 1 912 865 916
1105 2 2 5 1 2215 2241 2242
1106 2 2 5 1 2467 3238 4265
1107 2 2 5 1 2025 2079 2215
1108 2 2 5 1 3194 3840 4257
1109 2 2 5 1 2463 2462 2533
1110 2 2 5 1 2510 3168 3823
1111 2 2 5 1 2296 2711 2712
1112 2 2 5 1 992 2796 3565
1113 2 2 5 1 699 1104 2619
1114 2 2 5 1 1863 2703 2705
1115 2 2 5 1 2683 1157 2684
1116 2 2 5 1 3540 2113 3605
1117 2 2 5 1 1831 3760 3951
1118 2 2 5 1 1592 2590 2675
1119 2 2 5 1 1963 3747 3776
1120 2 2 5 1 1037 2643 3012
1121 2 2 5 1 2622 374 3043
1122 2 2 5 1 1468 1470 1471
1123 2 2 5 1 1863 2705 2706
1124 2 2 5 1 2800 2801 3269
1125 2 2 5 1 2315 2316 3414
1126 2 2 5 1 865 863 2318
1127 2 2 5 1 3866 3024 3870
1128 2 2 5 1 579 617 3354
1129 2 2 5 1 2631 2518 3199
1130 2 2 5 1 2066 2048 3256
1131 2 2 5 1 3711 2038 4074
1132 2 2 5 1 2067 2361 3805
1133 2 2 5 1 1605 1768 2842
1134 2 2 5 1 661 3164 3200
1135 2 2 5 1 2578 1707 3401
1136 2 2 5 1 2939 3462 3463
1137 2 2 5 1 2201 3607 3749
1138 2 2 5 1 2318 867 4197
1139 2 2 5 1 3094 3047 4265
1140 2 2 5 1 99 220 2770
1141 2 2 5 1 2980 1678 3107
1142 2 2 5 1 2448 3446 3448
1143 2 2 5 1 1729 1730 2767
1144 2 2 5 1 19 20 3783
1145 2 2 5 1 3959 3116 3984
1146 2 2 5 1 2216 2041 3908
1147 2 2 5 1 1213 2633 3098
1148 2 2 5 1 3213 3212 3468
1149 2 2 5 1 3145 2635 4173
1150 2 2 5 1 3559 2608 4167
1151 2 2 5 1 1202 3475 3674
1152 2 2 5 1 447 1872 2735
1153 2 2 5 1 2921 2932 4104
1154 2 2 5 1 2488 1535 2628
1155 2 2 5 1 1597 1594 3029
1156 2 2 5 1 2435 2659 3593
1157 2 2 5 1 764 762 873
1158 2 2 5 1 1200 3190 3397
1159 2 2 5 1 2485 2098 3820
1160 2 2 5 1 2657 978 3762
1161 2 2 5 1 3950 4165 4356
1162 2 2 5 1 2452 2568 4081
1163 2 2 5 1 2483 1823 2776
1164 2 2 5 1 851 836 853
1165 2 2 5 1 2403 4071 4422
1166 2 2 5 1 3773 1971 3785
1167 2 2 5 1 923 920 2485
1168 2 2 5 1 2019 2296 4115
1169 2 2 5 1 3391 3392 3803
1170 2 2 5 1 1460 2509 4224
1171 2 2 5 1 2744 3273 4345
1172 2 2 5 1 3640 3544 3765
1173 2 2 5 1 935 2665 4226
1174 2 2 5 1 1484 2545 4165
1175 2 2 5 1 2875 2874 3951
1176 2 2 5 1 1232 2707 3512
1177 2 2 5 1 3460 4061 4283
1178 2 2 5 1 1835 799 2660
1179 2 2 5 1 378 3095 3291
1180 2 2 5 1 3565 2796 4148
1181 2 2 5 1 660 637 2723
1182 2 2 5 1 3584 1182 4289
1183 2 2 5 1 1507 1508 1509
1184 2 2 5 1 613 3540 3605
1185 2 2 5 1 1412 3094 4265
1186 2 2 5 1 3173 1911 3986
1187 2 2 5 1 3164 2323 3200
1188 2 2 5 1 2178 1678 2980
1189 2 2 5 1 1523 2860 4302
1190 2 2 5 1 2128 3290 3482
1191 2 2 5 1 975 972 1024
1192 2 2 5 1 1443 1203 1444
1193 2 2 5 1 2077 3618 3630
1194 2 2 5 1 1879 1880 3492
1195 2 2 5 1 1213 1072 2633
1196 2 2 5 1 1196 490 2874
1197 2 2 5 1 2549 1853 2552
1198 2 2 5 1 2588 1964 2654
1199 2 2 5 1 4315 767 4329
1200 2 2 5 1 681 680 682
1201 2 2 5 1 2583 507 3366
1202 2 2 5 1 3957 2307 4202
1203 2 2 5 1 3410 2496 3411
1204 2 2 5 1 2532 1286 4491
1205 2 2 5 1 3184 1354 3247
1206 2 2 5 1 1519 100 2915
1207 2 2 5 1 885 843 2698
1208 2 2 5 1 3952 1984 4031
1209 2 2 5 1 1994 2962 3596
1210 2 2 5 1 678 677 680
1211 2 2 5 1 1636 3515 3543
1212 2 2 5 1 2635 409 2702
1213 2 2 5 1 2592 2460 3885
1214 2 2 5 1 637 647 2723
1215 2 2 5 1 2055 2054 2056
1216 2 2 5 1 1895 1896 2903
1217 2 2 5 1 2890 3111 4151
1218 2 2 5 1 3320 2290 4080
1219 2 2 5 1 2868 2869 4145
1220 2 2 5 1 2173 2201 4148
1221 2 2 5 1 3745 3584 4245
1222 2 2 5 1 701 703 2632
1223 2 2 5 1 3114 2178 3839
1224 2 2 5 1 2628 1523 3880
1225 2 2 5 1 2575 672 2576
1226 2 2 5 1 2555 1692 4440
1227 2 2 5 1 1257 2741 3117
1228 2 2 5 1 2149 3234 3417
1229 2 2 5 1 1996 2626 3198
1230 2 2 5 1 582 580 3309
1231 2 2 5 1 2168 2961 4285
1232 2 2 5 1 3784 1038 4195
1233 2 2 5 1 1801 3312 3844
1234 2 2 5 1 2574 1273 3333
1235 2 2 5 1 1466 1465 4121
1236 2 2 5 1 2509 3367 4224
1237 2 2 5 1 2093 2063 3998
1238 2 2 5 1 958 927 972
1239 2 2 5 1 2380 3207 3638
1240 2 2 5 1 2842 1768 2843
1241 2 2 5 1 2475 4390 4492
1242 2 2 5 1 2537 743 3093
1243 2 2 5 1 1141 506 3200
1244 2 2 5 1 2098 2485 3399
1245 2 2 5 1 2516 1269 3947
1246 2 2 5 1 2914 1502 3409
1247 2 2 5 1 2031 2033 2034
1248 2 2 5 1 217 219 4393
1249 2 2 5 1 1003 1001 1004
1250 2 2 5 1 1004 1013 3162
1251 2 2 5 1 2245 2680 2839
1252 2 2 5 1 2080 2520 2616
1253 2 2 5 1 1013 2259 2260
1254 2 2 5 1 598 633 2646
1255 2 2 5 1 4475 832 4495
1256 2 2 5 1 1543 1541 3028
1257 2 2 5 1 571 2564 4174
1258 2 2 5 1 2156 2359 2979
1259 2 2 5 1 691 688 2522
1260 2 2 5 1 2322 1528 3576
1261 2 2 5 1 1139 548 2668
1262 2 2 5 1 2867 2481 3883
1263 2 2 5 1 2460 3213 3469
1264 2 2 5 1 2645 285 4374
1265 2 2 5 1 1333 3957 4202
1266 2 2 5 1 1521 1520 4354
1267 2 2 5 1 1729 2767 2768
1268 2 2 5 1 827 784 2342
1269 2 2 5 1 2697 1950 3786
1270 2 2 5 1 3770 3696 3835
1271 2 2 5 1 3636 3150 4336
1272 2 2 5 1 803 2578 3401
1273 2 2 5 1 1158 2728 4084
1274 2 2 5 1 2838 1902 3336
1275 2 2 5 1 631 3254 3795
1276 2 2 5 1 2361 2068 4097
1277 2 2 5 1 3271 2193 4099
1278 2 2 5 1 3386 2173 4148
1279 2 2 5 1 3576 1528 4038
1280 2 2 5 1 2484 3155 3780
1281 2 2 5 1 2683 2684 2696
1282 2 2 5 1 917 918 919
1283 2 2 5 1 371 2484 3945
1284 2 2 5 1 2137 3866 3870
1285 2 2 5 1 3150 2397 3858
1286 2 2 5 1 912 916 917
1287 2 2 5 1 2626 1147 3198
1288 2 2 5 1 2507 2891 4328
1289 2 2 5 1 2496 2494 3537
1290 2 2 5 1 2709 1818 4091
1291 2 2 5 1 2493 3066 3456
1292 2 2 5 1 1536 3081 3191
1293 2 2 5 1 3274 2704 3275
1294 2 2 5 1 2658 3619 3629
1295 2 2 5 1 2034 2065 2173
1296 2 2 5 1 2408 2407 2409
1297 2 2 5 1 2387 2391 4470
1298 2 2 5 1 2531 3521 4100
1299 2 2 5 1 2513 3239 4447
1300 2 2 5 1 636 1992 2670
1301 2 2 5 1 1336 1055 3032
1302 2 2 5 1 1174 1173 1175
1303 2 2 5 1 2565 3973 4130
1304 2 2 5 1 1464 1463 1465
1305 2 2 5 1 982 1145 3387
1306 2 2 5 1 863 867 2318
1307 2 2 5 1 2013 2014 2015
1308 2 2 5 1 1592 708 2894
1309 2 2 5 1 747 727 2337
1310 2 2 5 1 861 858 2338
1311 2 2 5 1 2244 1892 3556
1312 2 2 5 1 1043 3739 4018
1313 2 2 5 1 3130 3505 3760
1314 2 2 5 1 2862 2861 3142
1315 2 2 5 1 2570 1915 4101
1316 2 2 5 1 2177 904 2673
1317 2 2 5 1 739 737 3009
1318 2 2 5 1 3973 357 4130
1319 2 2 5 1 3233 2299 3831
1320 2 2 5 1 3239 380 4447
1321 2 2 5 1 1451 1173 2570
1322 2 2 5 1 3521 2531 4024
1323 2 2 5 1 2935 2930 3968
1324 2 2 5 1 1236 2169 2629
1325 2 2 5 1 3117 3116 3959
1326 2 2 5 1 3011 893 3452
1327 2 2 5 1 2061 2292 2293
1328 2 2 5 1 934 1022 3056
1329 2 2 5 1 1990 2740 3427
1330 2 2 5 1 4193 4149 4454
1331 2 2 5 1 4377 2934 4378
1332 2 2 5 1 3594 3325 3671
1333 2 2 5 1 2013 2018 3978
1334 2 2 5 1 2041 2045 3908
1335 2 2 5 1 2651 2650 2652
1336 2 2 5 1 381 2985 2986
1337 2 2 5 1 3466 3765 3827
1338 2 2 5 1 634 2612 3038
1339 2 2 5 1 1428 1779 2614
1340 2 2 5 1 2639 1230 2642
1341 2 2 5 1 2636 887 2987
1342 2 2 5 1 2635 2151 4173
1343 2 2 5 1 3873 2627 4152
1344 2 2 5 1 3740 3228 4058
1345 2 2 5 1 2829 2275 3604
1346 2 2 5 1 2957 2961 2972
1347 2 2 5 1 1212 1742 1743
1348 2 2 5 1 285 2645 4040
1349 2 2 5 1 387 2586 3817
1350 2 2 5 1 2165 2506 4324
1351 2 2 5 1 2734 1913 3080
1352 2 2 5 1 755 753 892
1353 2 2 5 1 2646 633 2710
1354 2 2 5 1 1222 2245 2839
1355 2 2 5 1 2612 2613 3038
1356 2 2 5 1 2548 2549 2550
1357 2 2 5 1 1297 2749 3349
1358 2 2 5 1 2912 2946 3799
1359 2 2 5 1 2587 653 3355
1360 2 2 5 1 1644 691 2522
1361 2 2 5 1 2584 913 3744
1362 2 2 5 1 200 2912 2944
1363 2 2 5 1 2671 2082 3796
1364 2 2 5 1 2636 2987 3177
1365 2 2 5 1 2841 2842 2843
1366 2 2 5 1 2828 1790 3295
1367 2 2 5 1 1197 1211 1866
1368 2 2 5 1 3521 1491 4100
1369 2 2 5 1 2448 2418 3909
1370 2 2 5 1 688 686 730
1371 2 2 5 1 2754 1094 3385
1372 2 2 5 1 2789 2226 4086
1373 2 2 5 1 3241 2187 3797
1374 2 2 5 1 1892 1887 4220
1375 2 2 5 1 2568 3548 4081
1376 2 2 5 1 2022 2024 2025
1377 2 2 5 1 1437 2720 4337
1378 2 2 5 1 3708 3707 4171
1379 2 2 5 1 2529 1855 2970
1380 2 2 5 1 2443 3325 3868
1381 2 2 5 1 3088 3644 4138
1382 2 2 5 1 1744 2487 3480
1383 2 2 5 1 1827 1828 1928
1384 2 2 5 1 3392 2370 3803
1385 2 2 5 1 2863 2818 3587
1386 2 2 5 1 3670 2440 4478
1387 2 2 5 1 3503 614 3757
1388 2 2 5 1 3966 2145 4053
1389 2 2 5 1 2653 2647 2710
1390 2 2 5 1 707 2790 3064
1391 2 2 5 1 3061 3006 3581
1392 2 2 5 1 2867 1154 4020
1393 2 2 5 1 515 517 2631
1394 2 2 5 1 762 759 2474
1395 2 2 5 1 1052 2838 3336
1396 2 2 5 1 2317 1826 4159
1397 2 2 5 1 2594 929 3820
1398 2 2 5 1 1104 701 2632
1399 2 2 5 1 2827 1790 2828
1400 2 2 5 1 1034 1236 2643
1401 2 2 5 1 2557 1104 2632
1402 2 2 5 1 3613 2141 3614
1403 2 2 5 1 369 2734 3080
1404 2 2 5 1 2748 744 3852
1405 2 2 5 1 3739 2320 4018
1406 2 2 5 1 617 3123 3354
1407 2 2 5 1 2345 2146 3174
1408 2 2 5 1 1960 2870 3106
1409 2 2 5 1 2844 2845 2846
1410 2 2 5 1 1312 3472 3680
1411 2 2 5 1 743 2537 3951
1412 2 2 5 1 3445 2398 3560
1413 2 2 5 1 833 2641 4411
1414 2 2 5 1 2586 387 3738
1415 2 2 5 1 3074 4031 4216
1416 2 2 5 1 2528 2941 3463
1417 2 2 5 1 1932 3038 3927
1418 2 2 5 1 3118 3279 3676
1419 2 2 5 1 2080 2040 2216
1420 2 2 5 1 2061 2294 4452
1421 2 2 5 1 3046 1874 3455
1422 2 2 5 1 2999 2998 3836
1423 2 2 5 1 1024 1464 2519
1424 2 2 5 1 2527 982 3387
1425 2 2 5 1 1520 1518 4354
1426 2 2 5 1 2242 2241 3215
1427 2 2 5 1 2729 1195 3493
1428 2 2 5 1 988 977 4443
1429 2 2 5 1 1627 2105 3404
1430 2 2 5 1 1805 562 2779
1431 2 2 5 1 2972 2168 3045
1432 2 2 5 1 1990 499 2739
1433 2 2 5 1 2550 4096 4383
1434 2 2 5 1 3333 1910 3596
1435 2 2 5 1 836 832 4475
1436 2 2 5 1 2784 1095 2892
1437 2 2 5 1 2603 705 3846
1438 2 2 5 1 1087 891 3848
1439 2 2 5 1 2841 2843 3037
1440 2 2 5 1 1884 1883 4347
1441 2 2 5 1 2299 3233 4231
1442 2 2 5 1 1634 1444 3713
1443 2 2 5 1 1002 3067 4271
1444 2 2 5 1 2696 2687 2753
1445 2 2 5 1 1226 2880 4211
1446 2 2 5 1 2656 2258 3326
1447 2 2 5 1 3219 1646 3220
1448 2 2 5 1 1000 998 1001
1449 2 2 5 1 323 358 2960
1450 2 2 5 1 2911 2915 2947
1451 2 2 5 1 617 2651 3936
1452 2 2 5 1 2399 2395 2400
1453 2 2 5 1 1858 2791 2807
1454 2 2 5 1 1705 2623 3015
1455 2 2 5 1 1881 1690 4039
1456 2 2 5 1 1550 3116 3775
1457 2 2 5 1 1489 1484 4165
1458 2 2 5 1 3215 689 3429
1459 2 2 5 1 2581 2857 3790
1460 2 2 5 1 1736 1380 3015
1461 2 2 5 1 1812 2560 3343
1462 2 2 5 1 3153 3151 3654
1463 2 2 5 1 2899 325 3859
1464 2 2 5 1 676 674 677
1465 2 2 5 1 2998 1626 3368
1466 2 2 5 1 3395 2141 3613
1467 2 2 5 1 1863 1417 2703
1468 2 2 5 1 2466 2413 4034
1469 2 2 5 1 2461 3469 3481
1470 2 2 5 1 2045 2608 3907
1471 2 2 5 1 2965 2964 3029
1472 2 2 5 1 3135 991 3573
1473 2 2 5 1 1323 910 2667
1474 2 2 5 1 1822 2743 2744
1475 2 2 5 1 922 920 923
1476 2 2 5 1 1709 2588 2654
1477 2 2 5 1 3301 3040 3366
1478 2 2 5 1 1444 1203 4399
1479 2 2 5 1 1827 1376 1828
1480 2 2 5 1 560 1805 2782
1481 2 2 5 1 3026 1762 3137
1482 2 2 5 1 1697 3138 4350
1483 2 2 5 1 1900 2636 3177
1484 2 2 5 1 1197 1866 4399
1485 2 2 5 1 720 664 3064
1486 2 2 5 1 4241 2591 4304
1487 2 2 5 1 2596 2595 2597
1488 2 2 5 1 1730 1733 2767
1489 2 2 5 1 1170 1061 2827
1490 2 2 5 1 652 516 3357
1491 2 2 5 1 2276 1721 2750
1492 2 2 5 1 1707 2578 4352
1493 2 2 5 1 1425 3249 4102
1494 2 2 5 1 2999 3836 4019
1495 2 2 5 1 2902 2768 4380
1496 2 2 5 1 2712 2755 3430
1497 2 2 5 1 4390 2474 4492
1498 2 2 5 1 674 672 2575
1499 2 2 5 1 2399 2418 2434
1500 2 2 5 1 3054 1567 3175
1501 2 2 5 1 297 298 2996
1502 2 2 5 1 1415 1863 2707
1503 2 2 5 1 2593 634 4441
1504 2 2 5 1 2260 2279 2280
1505 2 2 5 1 2187 1709 2654
1506 2 2 5 1 3313 2191 3786
1507 2 2 5 1 1287 3004 3563
1508 2 2 5 1 507 2583 3356
1509 2 2 5 1 677 674 2575
1510 2 2 5 1 1614 2801 3360
1511 2 2 5 1 2242 2711 3853
1512 2 2 5 1 1619 2473 4117
1513 2 2 5 1 3251 682 3474
1514 2 2 5 1 2642 936 4459
1515 2 2 5 1 1037 1034 2643
1516 2 2 5 1 2773 2679 4235
1517 2 2 5 1 3074 3952 4031
1518 2 2 5 1 1430 1432 2548
1519 2 2 5 1 799 845 2660
1520 2 2 5 1 1349 1230 2639
1521 2 2 5 1 4057 2364 4159
1522 2 2 5 1 643 2589 4366
1523 2 2 5 1 1479 1476 1480
1524 2 2 5 1 2441 3397 3670
1525 2 2 5 1 2821 2825 2884
1526 2 2 5 1 3018 2701 4128
1527 2 2 5 1 3758 1842 3788
1528 2 2 5 1 1517 1511 1518
1529 2 2 5 1 677 2575 2578
1530 2 2 5 1 2267 2524 3417
1531 2 2 5 1 918 916 2625
1532 2 2 5 1 2795 1381 3851
1533 2 2 5 1 2619 2556 3515
1534 2 2 5 1 2807 2308 3421
1535 2 2 5 1 1483 1480 1484
1536 2 2 5 1 972 927 2730
1537 2 2 5 1 2960 358 2961
1538 2 2 5 1 2129 2128 3482
1539 2 2 5 1 495 480 2829
1540 2 2 5 1 248 344 3506
1541 2 2 5 1 2077 2018 4513
1542 2 2 5 1 2342 784 4315
1543 2 2 5 1 1139 2668 4332
1544 2 2 5 1 1272 1271 2835
1545 2 2 5 1 1864 2721 2722
1546 2 2 5 1 1907 2507 3488
1547 2 2 5 1 101 100 1519
1548 2 2 5 1 2408 2409 3353
1549 2 2 5 1 829 827 830
1550 2 2 5 1 1657 2353 2742
1551 2 2 5 1 3465 3462 4341
1552 2 2 5 1 1012 1010 1032
1553 2 2 5 1 2232 3758 3788
1554 2 2 5 1 2187 2654 3797
1555 2 2 5 1 3467 3774 3827
1556 2 2 5 1 989 988 990
1557 2 2 5 1 3582 2533 3659
1558 2 2 5 1 2795 2793 2830
1559 2 2 5 1 1428 2614 4394
1560 2 2 5 1 1432 1434 1853
1561 2 2 5 1 4114 2616 4296
1562 2 2 5 1 633 2611 3841
1563 2 2 5 1 1045 945 2656
1564 2 2 5 1 3084 1915 4002
1565 2 2 5 1 2922 4376 4378
1566 2 2 5 1 3215 3257 3428
1567 2 2 5 1 2647 2646 2710
1568 2 2 5 1 873 4184 4329
1569 2 2 5 1 380 3239 4374
1570 2 2 5 1 1176 1175 1177
1571 2 2 5 1 430 432 2831
1572 2 2 5 1 2227 2899 3859
1573 2 2 5 1 2649 3249 3449
1574 2 2 5 1 1829 2881 3727
1575 2 2 5 1 345 3132 3323
1576 2 2 5 1 3090 3088 4138
1577 2 2 5 1 2063 2060 4310
1578 2 2 5 1 1214 3074 4216
1579 2 2 5 1 2306 2309 3050
1580 2 2 5 1 693 691 1644
1581 2 2 5 1 3275 2704 3974
1582 2 2 5 1 2903 1896 3294
1583 2 2 5 1 2500 2497 4122
1584 2 2 5 1 1892 1893 3556
1585 2 2 5 1 1428 1430 1779
1586 2 2 5 1 744 2748 4106
1587 2 2 5 1 3760 2875 3951
1588 2 2 5 1 424 425 2769
1589 2 2 5 1 723 721 2733
1590 2 2 5 1 1544 3121 3996
1591 2 2 5 1 1175 1451 3886
1592 2 2 5 1 1217 2798 3637
1593 2 2 5 1 562 564 2779
1594 2 2 5 1 705 2603 4307
1595 2 2 5 1 2148 3770 4418
1596 2 2 5 1 507 3301 3366
1597 2 2 5 1 2018 3630 3978
1598 2 2 5 1 1474 1473 4445
1599 2 2 5 1 244 348 2976
1600 2 2 5 1 100 200 2915
1601 2 2 5 1 2742 2353 4219
1602 2 2 5 1 2810 2819 2858
1603 2 2 5 1 3719 2604 4437
1604 2 2 5 1 2752 2515 4420
1605 2 2 5 1 3340 2652 3449
1606 2 2 5 1 1975 2998 3368
1607 2 2 5 1 929 2594 3940
1608 2 2 5 1 3765 2569 3827
1609 2 2 5 1 694 2717 3822
1610 2 2 5 1 2787 3319 4023
1611 2 2 5 1 1822 1645 2743
1612 2 2 5 1 4333 3134 4349
1613 2 2 5 1 3472 3572 4156
1614 2 2 5 1 2567 1888 2737
1615 2 2 5 1 1751 2175 2176
1616 2 2 5 1 3018 4128 4295
1617 2 2 5 1 3370 1961 3400
1618 2 2 5 1 3838 3046 4160
1619 2 2 5 1 1061 1063 2827
1620 2 2 5 1 3054 3175 3396
1621 2 2 5 1 2132 2253 3800
1622 2 2 5 1 2376 2375 2377
1623 2 2 5 1 1929 1931 2726
1624 2 2 5 1 3983 3576 4038
1625 2 2 5 1 2475 757 4454
1626 2 2 5 1 2651 617 4335
1627 2 2 5 1 2328 1909 2717
1628 2 2 5 1 3505 2875 3760
1629 2 2 5 1 1911 2086 3986
1630 2 2 5 1 2957 2960 2961
1631 2 2 5 1 446 447 2735
1632 2 2 5 1 707 746 2790
1633 2 2 5 1 2520 2521 2774
1634 2 2 5 1 2705 765 4313
1635 2 2 5 1 2392 2391 2393
1636 2 2 5 1 914 941 2879
1637 2 2 5 1 806 739 3009
1638 2 2 5 1 1376 1274 2574
1639 2 2 5 1 832 830 2700
1640 2 2 5 1 2481 3032 3883
1641 2 2 5 1 629 637 660
1642 2 2 5 1 2669 2601 3192
1643 2 2 5 1 2055 2146 2147
1644 2 2 5 1 1158 1006 4365
1645 2 2 5 1 831 830 832
1646 2 2 5 1 1140 4011 4048
1647 2 2 5 1 3840 2171 4257
1648 2 2 5 1 2184 2800 3695
1649 2 2 5 1 2476 3244 3826
1650 2 2 5 1 2281 2280 4179
1651 2 2 5 1 366 3351 4119
1652 2 2 5 1 2562 374 4223
1653 2 2 5 1 2459 2408 3489
1654 2 2 5 1 1396 1747 2669
1655 2 2 5 1 1398 1396 2669
1656 2 2 5 1 1794 585 2674
1657 2 2 5 1 348 245 2865
1658 2 2 5 1 3020 1237 3955
1659 2 2 5 1 2668 2350 4332
1660 2 2 5 1 2424 2417 3554
1661 2 2 5 1 3997 2363 4079
1662 2 2 5 1 1858 1857 2791
1663 2 2 5 1 1621 3049 3313
1664 2 2 5 1 2608 2607 4167
1665 2 2 5 1 2732 2474 4390
1666 2 2 5 1 924 923 925
1667 2 2 5 1 1424 3340 3449
1668 2 2 5 1 485 3484 3743
1669 2 2 5 1 1607 1605 2842
1670 2 2 5 1 1476 1475 3100
1671 2 2 5 1 1179 1181 1184
1672 2 2 5 1 1186 1821 2702
1673 2 2 5 1 2280 2347 2348
1674 2 2 5 1 3178 2358 4045
1675 2 2 5 1 3913 2167 4427
1676 2 2 5 1 2434 2435 2436
1677 2 2 5 1 678 680 681
1678 2 2 5 1 2346 2345 2833
1679 2 2 5 1 3712 3711 4074
1680 2 2 5 1 3207 3585 3638
1681 2 2 5 1 1805 2781 2782
1682 2 2 5 1 2664 348 2865
1683 2 2 5 1 1401 2669 3192
1684 2 2 5 1 381 317 2985
1685 2 2 5 1 3462 3461 3642
1686 2 2 5 1 1847 2677 2773
1687 2 2 5 1 2685 2769 2872
1688 2 2 5 1 1424 3249 3964
1689 2 2 5 1 2611 633 4266
1690 2 2 5 1 2045 2044 2046
1691 2 2 5 1 1022 2900 3056
1692 2 2 5 1 1779 1430 2548
1693 2 2 5 1 1872 775 2857
1694 2 2 5 1 2184 2799 2800
1695 2 2 5 1 2060 2084 4310
1696 2 2 5 1 860 858 861
1697 2 2 5 1 926 925 927
1698 2 2 5 1 1099 1755 2667
1699 2 2 5 1 2354 1783 2716
1700 2 2 5 1 1829 649 2881
1701 2 2 5 1 2226 2789 3010
1702 2 2 5 1 1751 2176 3387
1703 2 2 5 1 2695 2685 2872
1704 2 2 5 1 3096 2230 3292
1705 2 2 5 1 1664 1662 2776
1706 2 2 5 1 2296 2712 2713
1707 2 2 5 1 1721 1365 2750
1708 2 2 5 1 779 636 2670
1709 2 2 5 1 854 853 1745
1710 2 2 5 1 3025 3067 4348
1711 2 2 5 1 629 660 2595
1712 2 2 5 1 516 514 3357
1713 2 2 5 1 1853 1434 2553
1714 2 2 5 1 404 1186 2702
1715 2 2 5 1 2844 1768 2845
1716 2 2 5 1 1269 2516 3892
1717 2 2 5 1 825 784 827
1718 2 2 5 1 1154 2867 3883
1719 2 2 5 1 1841 2804 2805
1720 2 2 5 1 585 587 2674
1721 2 2 5 1 2869 3395 4323
1722 2 2 5 1 929 923 2485
1723 2 2 5 1 729 727 747
1724 2 2 5 1 1746 2676 2754
1725 2 2 5 1 420 422 2785
1726 2 2 5 1 3580 3521 4024
1727 2 2 5 1 2786 2538 2787
1728 2 2 5 1 1149 2561 3776
1729 2 2 5 1 382 3997 4079
1730 2 2 5 1 1173 1172 4466
1731 2 2 5 1 1928 1828 2962
1732 2 2 5 1 3319 2787 4439
1733 2 2 5 1 427 424 2769
1734 2 2 5 1 839 934 3056
1735 2 2 5 1 2717 1908 2718
1736 2 2 5 1 1819 2538 2786
1737 2 2 5 1 1086 1152 3094
1738 2 2 5 1 1796 3228 3740
1739 2 2 5 1 4087 1832 4284
1740 2 2 5 1 2634 3320 4080
1741 2 2 5 1 2887 1854 2890
1742 2 2 5 1 2666 2105 4226
1743 2 2 5 1 1013 1001 2259
1744 2 2 5 1 3774 3467 3815
1745 2 2 5 1 2071 2073 2074
1746 2 2 5 1 627 629 2595
1747 2 2 5 1 458 457 459
1748 2 2 5 1 3101 2493 3536
1749 2 2 5 1 751 749 3723
1750 2 2 5 1 1448 1681 3014
1751 2 2 5 1 2197 3046 3455
1752 2 2 5 1 318 2983 2985
1753 2 2 5 1 542 544 634
1754 2 2 5 1 453 451 2676
1755 2 2 5 1 2703 1704 2704
1756 2 2 5 1 1493 2271 4364
1757 2 2 5 1 3572 2317 4156
1758 2 2 5 1 2784 2892 2893
1759 2 2 5 1 789 3182 4481
1760 2 2 5 1 2882 2817 2883
1761 2 2 5 1 1257 1410 2741
1762 2 2 5 1 499 501 2739
1763 2 2 5 1 2059 2058 2060
1764 2 2 5 1 2885 1854 2887
1765 2 2 5 1 1907 3488 3732
1766 2 2 5 1 1363 1816 2799
1767 2 2 5 1 2988 3402 4180
1768 2 2 5 1 460 459 461
1769 2 2 5 1 1559 1272 2835
1770 2 2 5 1 3093 1990 3427
1771 2 2 5 1 2483 2776 2777
1772 2 2 5 1 2261 1935 2968
1773 2 2 5 1 2546 1534 3681
1774 2 2 5 1 1088 430 2831
1775 2 2 5 1 245 246 2865
1776 2 2 5 1 422 426 2785
1777 2 2 5 1 873 2474 2732
1778 2 2 5 1 540 542 2593
1779 2 2 5 1 3046 3838 3992
1780 2 2 5 1 1412 1086 3094
1781 2 2 5 1 2782 2781 2783
1782 2 2 5 1 2662 2129 3482
1783 2 2 5 1 3654 3151 3858
1784 2 2 5 1 873 762 2474
1785 2 2 5 1 462 461 463
1786 2 2 5 1 2606 2066 4208
1787 2 2 5 1 2784 2893 4480
1788 2 2 5 1 431 429 2683
1789 2 2 5 1 835 832 836
1790 2 2 5 1 2528 1885 4263
1791 2 2 5 1 163 992 3566
1792 2 2 5 1 3144 2780 3809
1793 2 2 5 1 2807 2791 4375
1794 2 2 5 1 2843 2844 3134
1795 2 2 5 1 805 747 2337
1796 2 2 5 1 2758 2785 3454
1797 2 2 5 1 3653 2398 3655
1798 2 2 5 1 1082 2596 2598
1799 2 2 5 1 653 2587 3871
1800 2 2 5 1 3045 2167 3913
1801 2 2 5 1 398 3141 3371
1802 2 2 5 1 767 764 4329
1803 2 2 5 1 969 795 2837
1804 2 2 5 1 2565 384 3973
1805 2 2 5 1 649 655 2881
1806 2 2 5 1 682 680 803
1807 2 2 5 1 3324 2453 3719
1808 2 2 5 1 464 463 465
1809 2 2 5 1 2344 1743 3568
1810 2 2 5 1 1060 1170 2661
1811 2 2 5 1 1443 1444 1634
1812 2 2 5 1 4011 2278 4048
1813 2 2 5 1 676 677 678
1814 2 2 5 1 2713 2712 3551
1815 2 2 5 1 2610 1876 4368
1816 2 2 5 1 3333 1273 4367
1817 2 2 5 1 2774 3436 3625
1818 2 2 5 1 2906 346 3236
1819 2 2 5 1 440 442 2802
1820 2 2 5 1 3101 1503 3537
1821 2 2 5 1 933 1020 3031
1822 2 2 5 1 2551 3275 3974
1823 2 2 5 1 2492 2491 2494
1824 2 2 5 1 466 465 468
1825 2 2 5 1 3037 3134 4333
1826 2 2 5 1 2695 2873 3217
1827 2 2 5 1 2789 1870 3010
1828 2 2 5 1 2530 2529 4217
1829 2 2 5 1 2537 3093 3427
1830 2 2 5 1 2708 2282 4206
1831 2 2 5 1 993 990 994
1832 2 2 5 1 3699 2361 3700
1833 2 2 5 1 1475 1474 4445
1834 2 2 5 1 3650 3147 4292
1835 2 2 5 1 867 861 2338
1836 2 2 5 1 2415 2428 2430
1837 2 2 5 1 3851 1381 3869
1838 2 2 5 1 2091 933 3031
1839 2 2 5 1 544 546 2612
1840 2 2 5 1 466 468 469
1841 2 2 5 1 3438 872 3879
1842 2 2 5 1 2534 2533 4021
1843 2 2 5 1 1956 1823 2482
1844 2 2 5 1 973 3174 3770
1845 2 2 5 1 406 404 2702
1846 2 2 5 1 455 453 457
1847 2 2 5 1 464 465 466
1848 2 2 5 1 3825 1580 4282
1849 2 2 5 1 461 459 2995
1850 2 2 5 1 2993 2348 3854
1851 2 2 5 1 2559 344 4446
1852 2 2 5 1 587 590 2674
1853 2 2 5 1 2703 2704 2705
1854 2 2 5 1 1896 2638 3294
1855 2 2 5 1 1237 3020 4210
1856 2 2 5 1 1380 1705 3015
1857 2 2 5 1 462 463 464
1858 2 2 5 1 4061 3062 4283
1859 2 2 5 1 3138 2310 4350
1860 2 2 5 1 2417 2423 4278
1861 2 2 5 1 1875 2276 2973
1862 2 2 5 1 851 853 854
1863 2 2 5 1 460 461 462
1864 2 2 5 1 1304 1708 3059
1865 2 2 5 1 2721 2096 2722
1866 2 2 5 1 837 3468 3470
1867 2 2 5 1 2620 2973 3682
1868 2 2 5 1 2367 2369 3391
1869 2 2 5 1 1100 1222 2839
1870 2 2 5 1 1841 943 2804
1871 2 2 5 1 238 374 3132
1872 2 2 5 1 1757 1756 1847
1873 2 2 5 1 2972 3045 3766
1874 2 2 5 1 458 459 460
1875 2 2 5 1 3818 730 3860
1876 2 2 5 1 1714 2803 3911
1877 2 2 5 1 2783 1717 4444
1878 2 2 5 1 1876 2611 4266
1879 2 2 5 1 2890 1854 3110
1880 2 2 5 1 748 747 749
1881 2 2 5 1 2201 3565 4148
1882 2 2 5 1 782 725 3021
1883 2 2 5 1 812 2861 2862
1884 2 2 5 1 2040 2035 2041
1885 2 2 5 1 3578 2457 4025
1886 2 2 5 1 3152 3153 3889
1887 2 2 5 1 1523 1508 2860
1888 2 2 5 1 2799 1816 2800
1889 2 2 5 1 3766 3317 3941
1890 2 2 5 1 1033 1032 1034
1891 2 2 5 1 892 4193 4454
1892 2 2 5 1 2107 3226 3398
1893 2 2 5 1 3173 2512 4026
1894 2 2 5 1 1485 1484 1489
1895 2 2 5 1 2857 969 3790
1896 2 2 5 1 3132 2562 3323
1897 2 2 5 1 2795 2830 3850
1898 2 2 5 1 1994 1909 2328
1899 2 2 5 1 1755 1341 1756
1900 2 2 5 1 3692 3147 4487
1901 2 2 5 1 2367 3391 3688
1902 2 2 5 1 3031 2005 3039
1903 2 2 5 1 4220 1887 4274
1904 2 2 5 1 994 1081 3855
1905 2 2 5 1 1353 1365 1721
1906 2 2 5 1 1557 3292 3678
1907 2 2 5 1 1251 1619 2856
1908 2 2 5 1 3147 3650 4487
1909 2 2 5 1 3070 2093 3998
1910 2 2 5 1 3333 2525 4013
1911 2 2 5 1 3005 2543 3864
1912 2 2 5 1 220 197 2072
1913 2 2 5 1 466 469 2793
1914 2 2 5 1 3732 3024 3866
1915 2 2 5 1 763 762 764
1916 2 2 5 1 682 803 804
1917 2 2 5 1 377 3280 3414
1918 2 2 5 1 3471 3131 4092
1919 2 2 5 1 769 771 3107
1920 2 2 5 1 2806 1858 2807
1921 2 2 5 1 1017 2811 2861
1922 2 2 5 1 590 1101 2674
1923 2 2 5 1 1184 1197 1203
1924 2 2 5 1 374 239 3043
1925 2 2 5 1 2107 1899 3202
1926 2 2 5 1 1101 2648 2674
1927 2 2 5 1 2612 1139 2613
1928 2 2 5 1 1959 1848 2285
1929 2 2 5 1 2483 2777 2778
1930 2 2 5 1 3004 2139 3563
1931 2 2 5 1 3860 684 4029
1932 2 2 5 1 1954 2754 3385
1933 2 2 5 1 517 538 2631
1934 2 2 5 1 987 977 988
1935 2 2 5 1 2808 2546 2876
1936 2 2 5 1 2006 3251 3474
1937 2 2 5 1 2359 2360 2796
1938 2 2 5 1 3238 2467 4176
1939 2 2 5 1 418 420 2756
1940 2 2 5 1 1401 1398 2669
1941 2 2 5 1 455 457 458
1942 2 2 5 1 550 552 632
1943 2 2 5 1 1377 1376 1827
1944 2 2 5 1 862 861 863
1945 2 2 5 1 2816 2817 2882
1946 2 2 5 1 246 375 2865
1947 2 2 5 1 2087 2252 3342
1948 2 2 5 1 1072 1074 2633
1949 2 2 5 1 1782 1823 1956
1950 2 2 5 1 3496 3499 3929
1951 2 2 5 1 2677 2678 2679
1952 2 2 5 1 1419 1704 2703
1953 2 2 5 1 438 436 439
1954 2 2 5 1 850 836 851
1955 2 2 5 1 2147 2345 2346
1956 2 2 5 1 2527 3851 3869
1957 2 2 5 1 2523 1513 3950
1958 2 2 5 1 3407 2573 3906
1959 2 2 5 1 3331 1248 4439
1960 2 2 5 1 3306 351 3781
1961 2 2 5 1 686 684 3860
1962 2 2 5 1 3279 1723 3676
1963 2 2 5 1 2062 2060 2063
1964 2 2 5 1 2437 2609 3525
1965 2 2 5 1 538 540 2130
1966 2 2 5 1 2602 2603 2997
1967 2 2 5 1 3141 2001 3371
1968 2 2 5 1 440 441 442
1969 2 2 5 1 1733 2765 2767
1970 2 2 5 1 2962 1828 3596
1971 2 2 5 1 348 2664 2975
1972 2 2 5 1 2693 3438 3879
1973 2 2 5 1 438 439 440
1974 2 2 5 1 2597 660 4032
1975 2 2 5 1 2689 2694 2753
1976 2 2 5 1 941 1050 2879
1977 2 2 5 1 2858 2819 3007
1978 2 2 5 1 440 439 441
1979 2 2 5 1 1908 1566 3169
1980 2 2 5 1 3033 1134 4135
1981 2 2 5 1 322 323 2960
1982 2 2 5 1 2334 2586 3738
1983 2 2 5 1 1678 769 3107
1984 2 2 5 1 1772 2515 2751
1985 2 2 5 1 1498 1493 4364
1986 2 2 5 1 2092 2063 2093
1987 2 2 5 1 2358 2357 4045
1988 2 2 5 1 352 2476 4424
1989 2 2 5 1 3987 2278 4011
1990 2 2 5 1 469 470 471
1991 2 2 5 1 3249 2653 4102
1992 2 2 5 1 2436 2462 2463
1993 2 2 5 1 1893 1892 4220
1994 2 2 5 1 2259 998 4222
1995 2 2 5 1 471 472 485
1996 2 2 5 1 834 827 2342
1997 2 2 5 1 2425 2427 4478
1998 2 2 5 1 1084 1083 1273
1999 2 2 5 1 1473 3924 4445
2000 2 2 5 1 1074 1269 2633
2001 2 2 5 1 1993 2656 3326
2002 2 2 5 1 1851 1566 1908
2003 2 2 5 1 2310 3138 3971
2004 2 2 5 1 2555 4440 4448
2005 2 2 5 1 435 436 438
2006 2 2 5 1 1500 2008 4497
2007 2 2 5 1 2074 2365 2373
2008 2 2 5 1 2561 1149 4386
2009 2 2 5 1 3008 1155 4209
2010 2 2 5 1 2943 2500 4122
2011 2 2 5 1 697 461 2995
2012 2 2 5 1 1005 1004 1006
2013 2 2 5 1 435 433 436
2014 2 2 5 1 1332 3471 4092
2015 2 2 5 1 2661 1170 3335
2016 2 2 5 1 1594 1593 3029
2017 2 2 5 1 1070 1213 3197
2018 2 2 5 1 2826 2823 3007
2019 2 2 5 1 3727 2881 4369
2020 2 2 5 1 625 627 1082
2021 2 2 5 1 1270 1290 1353
2022 2 2 5 1 3825 2929 4457
2023 2 2 5 1 3444 3446 3909
2024 2 2 5 1 411 2635 3145
2025 2 2 5 1 4434 2143 4495
2026 2 2 5 1 746 964 2790
2027 2 2 5 1 804 841 1044
2028 2 2 5 1 2804 1858 2806
2029 2 2 5 1 318 319 2983
2030 2 2 5 1 1541 1539 1901
2031 2 2 5 1 2541 2376 3063
2032 2 2 5 1 1492 1489 1493
2033 2 2 5 1 2292 2011 3218
2034 2 2 5 1 2582 4087 4284
2035 2 2 5 1 2869 3608 3609
2036 2 2 5 1 2769 425 2872
2037 2 2 5 1 3307 3157 4133
2038 2 2 5 1 976 986 3233
2039 2 2 5 1 1288 1670 3320
2040 2 2 5 1 1490 3580 4024
2041 2 2 5 1 1170 2827 2828
2042 2 2 5 1 3438 3382 4111
2043 2 2 5 1 2985 2984 2986
2044 2 2 5 1 3212 3210 4063
2045 2 2 5 1 2509 2784 4480
2046 2 2 5 1 3528 3160 4232
2047 2 2 5 1 2756 420 2785
2048 2 2 5 1 1782 1664 1823
2049 2 2 5 1 1712 1336 3032
2050 2 2 5 1 670 668 1018
2051 2 2 5 1 3165 595 3309
2052 2 2 5 1 1888 2567 4014
2053 2 2 5 1 2788 1870 2789
2054 2 2 5 1 2522 2623 2634
2055 2 2 5 1 590 592 1101
2056 2 2 5 1 1048 1060 1089
2057 2 2 5 1 1097 1095 2784
2058 2 2 5 1 3561 2709 4091
2059 2 2 5 1 1070 1072 1213
2060 2 2 5 1 1848 1847 2772
2061 2 2 5 1 1885 2528 4187
2062 2 2 5 1 488 1196 2872
2063 2 2 5 1 2451 1893 4014
2064 2 2 5 1 2034 2033 2035
2065 2 2 5 1 2171 3725 4257
2066 2 2 5 1 1811 1819 2786
2067 2 2 5 1 374 2622 4223
2068 2 2 5 1 1508 1504 4497
2069 2 2 5 1 675 676 3363
2070 2 2 5 1 3116 2544 3775
2071 2 2 5 1 919 920 922
2072 2 2 5 1 1757 1847 1848
2073 2 2 5 1 1099 1341 1755
2074 2 2 5 1 2318 2477 4509
2075 2 2 5 1 1962 1227 1993
2076 2 2 5 1 3723 749 4098
2077 2 2 5 1 1821 2635 2702
2078 2 2 5 1 2568 3547 3548
2079 2 2 5 1 2545 1514 4304
2080 2 2 5 1 3238 1412 4265
2081 2 2 5 1 1959 2285 2329
2082 2 2 5 1 1365 1772 2750
2083 2 2 5 1 1089 1060 2661
2084 2 2 5 1 2648 2647 2649
2085 2 2 5 1 1751 1752 2175
2086 2 2 5 1 2771 1586 2971
2087 2 2 5 1 242 373 397
2088 2 2 5 1 2743 2589 3273
2089 2 2 5 1 2130 540 2593
2090 2 2 5 1 2311 2312 2657
2091 2 2 5 1 1755 1756 1757
2092 2 2 5 1 1901 2640 2641
2093 2 2 5 1 1074 1076 1269
2094 2 2 5 1 3415 3255 3508
2095 2 2 5 1 546 1139 2612
2096 2 2 5 1 439 436 3030
2097 2 2 5 1 2319 3966 4053
2098 2 2 5 1 550 632 2668
2099 2 2 5 1 442 443 444
2100 2 2 5 1 2983 2984 2985
2101 2 2 5 1 3000 2237 4147
2102 2 2 5 1 1768 1603 2845
2103 2 2 5 1 444 445 446
2104 2 2 5 1 2001 3141 3442
2105 2 2 5 1 2978 3442 4379
2106 2 2 5 1 469 468 470
2107 2 2 5 1 1497 1493 1498
2108 2 2 5 1 641 651 2808
2109 2 2 5 1 496 659 2997
2110 2 2 5 1 2787 1266 4141
2111 2 2 5 1 2598 2596 2803
2112 2 2 5 1 1875 1721 2276
2113 2 2 5 1 2554 3222 3750
2114 2 2 5 1 3385 1094 4373
2115 2 2 5 1 810 1017 2861
2116 2 2 5 1 546 548 1139
2117 2 2 5 1 1513 1489 4165
2118 2 2 5 1 2868 2508 2869
2119 2 2 5 1 3410 2914 4122
2120 2 2 5 1 1662 1659 2742
2121 2 2 5 1 3222 2554 3431
2122 2 2 5 1 548 550 2668
2123 2 2 5 1 2515 3852 4420
2124 2 2 5 1 328 385 3351
2125 2 2 5 1 2722 1634 3713
2126 2 2 5 1 1467 1468 3342
2127 2 2 5 1 1101 2646 2647
2128 2 2 5 1 647 638 2876
2129 2 2 5 1 1939 1942 2967
2130 2 2 5 1 1525 3068 3069
2131 2 2 5 1 2488 2093 2489
2132 2 2 5 1 3037 849 4402
2133 2 2 5 1 1417 1419 2703
2134 2 2 5 1 2002 2001 3442
2135 2 2 5 1 1147 1146 3198
2136 2 2 5 1 1909 1908 2717
2137 2 2 5 1 1200 3397 3583
2138 2 2 5 1 564 567 2779
2139 2 2 5 1 3547 3466 3548
2140 2 2 5 1 2118 2120 2749
2141 2 2 5 1 1353 1290 1365
2142 2 2 5 1 592 598 2646
2143 2 2 5 1 1099 1100 1341
2144 2 2 5 1 573 575 622
2145 2 2 5 1 2843 1768 2844
2146 2 2 5 1 498 496 2997
2147 2 2 5 1 1788 2286 3350
2148 2 2 5 1 3063 2376 4245
2149 2 2 5 1 2779 1108 2780
2150 2 2 5 1 1951 2697 2698
2151 2 2 5 1 1447 1870 2788
2152 2 2 5 1 1227 1045 2656
2153 2 2 5 1 902 900 1333
2154 2 2 5 1 397 373 3141
2155 2 2 5 1 2772 1847 2773
2156 2 2 5 1 1375 1363 2799
2157 2 2 5 1 2955 383 2956
2158 2 2 5 1 1609 1607 2840
2159 2 2 5 1 1803 2289 3312
2160 2 2 5 1 364 2724 3193
2161 2 2 5 1 761 759 762
2162 2 2 5 1 2760 2487 3812
2163 2 2 5 1 2607 2606 3768
2164 2 2 5 1 1127 1140 2866
2165 2 2 5 1 451 449 1094
2166 2 2 5 1 1790 1068 3197
2167 2 2 5 1 1969 3179 3316
2168 2 2 5 1 906 904 2177
2169 2 2 5 1 2107 3202 3226
2170 2 2 5 1 2823 2858 3007
2171 2 2 5 1 1066 1068 1790
2172 2 2 5 1 3494 2951 3499
2173 2 2 5 1 995 994 996
2174 2 2 5 1 1662 2742 2776
2175 2 2 5 1 2816 2814 2817
2176 2 2 5 1 1194 1164 3110
2177 2 2 5 1 3364 3363 3381
2178 2 2 5 1 750 749 751
2179 2 2 5 1 2749 2120 3349
2180 2 2 5 1 2159 2208 2725
2181 2 2 5 1 1921 2870 3946
2182 2 2 5 1 1749 2572 3369
2183 2 2 5 1 3414 2316 4277
2184 2 2 5 1 2285 1848 2772
2185 2 2 5 1 2633 1269 3538
2186 2 2 5 1 1022 1091 2900
2187 2 2 5 1 567 569 1108
2188 2 2 5 1 2750 1772 2751
2189 2 2 5 1 1410 1808 2741
2190 2 2 5 1 1386 1854 2885
2191 2 2 5 1 1659 1657 2742
2192 2 2 5 1 2735 1872 4373
2193 2 2 5 1 412 413 414
2194 2 2 5 1 864 863 865
2195 2 2 5 1 2533 2462 3931
2196 2 2 5 1 1015 1099 2667
2197 2 2 5 1 3014 1681 4022
2198 2 2 5 1 1063 1066 2827
2199 2 2 5 1 410 411 412
2200 2 2 5 1 1808 2542 2544
2201 2 2 5 1 1776 1721 1875
2202 2 2 5 1 2734 369 3109
2203 2 2 5 1 2549 2552 3182
2204 2 2 5 1 2840 1607 2842
2205 2 2 5 1 451 1094 2676
2206 2 2 5 1 2105 2584 2585
2207 2 2 5 1 1415 1417 1863
2208 2 2 5 1 1951 2698 2699
2209 2 2 5 1 1276 1274 1376
2210 2 2 5 1 1652 2745 2746
2211 2 2 5 1 529 527 2836
2212 2 2 5 1 3472 2112 3680
2213 2 2 5 1 3121 3124 3996
2214 2 2 5 1 1146 1259 1270
2215 2 2 5 1 667 485 668
2216 2 2 5 1 1828 1376 2574
2217 2 2 5 1 3146 2465 3147
2218 2 2 5 1 344 2897 2898
2219 2 2 5 1 2665 2666 4226
2220 2 2 5 1 2193 1875 2620
2221 2 2 5 1 2736 2278 3987
2222 2 2 5 1 442 441 443
2223 2 2 5 1 1937 2967 2968
2224 2 2 5 1 794 1160 2852
2225 2 2 5 1 3325 3594 3868
2226 2 2 5 1 509 511 661
2227 2 2 5 1 2791 1857 3201
2228 2 2 5 1 2518 2631 4233
2229 2 2 5 1 1692 2555 4164
2230 2 2 5 1 1934 2261 2335
2231 2 2 5 1 2538 3331 4439
2232 2 2 5 1 2886 2889 2989
2233 2 2 5 1 1015 1093 1099
2234 2 2 5 1 399 398 400
2235 2 2 5 1 2758 2756 2785
2236 2 2 5 1 3642 3641 4341
2237 2 2 5 1 1162 882 3126
2238 2 2 5 1 2689 2690 2692
2239 2 2 5 1 797 1835 2837
2240 2 2 5 1 1698 1699 4142
2241 2 2 5 1 2417 2411 3554
2242 2 2 5 1 910 1015 2667
2243 2 2 5 1 2809 806 3009
2244 2 2 5 1 2821 2822 2825
2245 2 2 5 1 3280 2896 3542
2246 2 2 5 1 1029 439 3030
2247 2 2 5 1 2234 2942 4308
2248 2 2 5 1 456 3675 3754
2249 2 2 5 1 3149 3148 3150
2250 2 2 5 1 1512 1498 4364
2251 2 2 5 1 2241 2531 4100
2252 2 2 5 1 3078 3081 3896
2253 2 2 5 1 3112 2363 4186
2254 2 2 5 1 2871 1553 2902
2255 2 2 5 1 409 406 2702
2256 2 2 5 1 956 2620 3932
2257 2 2 5 1 3174 2146 3770
2258 2 2 5 1 3402 1087 3848
2259 2 2 5 1 1808 2544 2741
2260 2 2 5 1 1934 1935 2261
2261 2 2 5 1 1164 1800 3110
2262 2 2 5 1 2667 1755 3440
2263 2 2 5 1 1044 1056 1235
2264 2 2 5 1 349 397 398
2265 2 2 5 1 2813 2812 2814
2266 2 2 5 1 845 1048 2660
2267 2 2 5 1 1499 1498 1500
2268 2 2 5 1 1787 2589 2743
2269 2 2 5 1 2788 2789 3064
2270 2 2 5 1 696 693 3296
2271 2 2 5 1 2481 1712 3032
2272 2 2 5 1 1195 2729 3739
2273 2 2 5 1 3120 1544 3122
2274 2 2 5 1 2817 2821 2884
2275 2 2 5 1 3239 2645 4374
2276 2 2 5 1 3215 3429 4248
2277 2 2 5 1 480 482 2829
2278 2 2 5 1 1539 1349 2639
2279 2 2 5 1 3351 2478 4119
2280 2 2 5 1 2579 662 4173
2281 2 2 5 1 344 249 2897
2282 2 2 5 1 2689 2692 2694
2283 2 2 5 1 1471 1473 1474
2284 2 2 5 1 1181 1177 3887
2285 2 2 5 1 504 506 1141
2286 2 2 5 1 1745 853 3934
2287 2 2 5 1 2712 2711 2755
2288 2 2 5 1 1593 2989 2990
2289 2 2 5 1 414 415 416
2290 2 2 5 1 482 1844 2829
2291 2 2 5 1 929 2485 3820
2292 2 2 5 1 1146 848 1259
2293 2 2 5 1 709 711 2871
2294 2 2 5 1 402 403 404
2295 2 2 5 1 416 417 418
2296 2 2 5 1 1811 1546 1819
2297 2 2 5 1 418 419 420
2298 2 2 5 1 2450 2452 4490
2299 2 2 5 1 1270 1259 1290
2300 2 2 5 1 1344 1750 1751
2301 2 2 5 1 971 2862 2863
2302 2 2 5 1 2280 2348 3527
2303 2 2 5 1 1428 1429 1430
2304 2 2 5 1 1928 2962 2963
2305 2 2 5 1 408 409 410
2306 2 2 5 1 1935 1937 2968
2307 2 2 5 1 420 421 422
2308 2 2 5 1 399 2622 3043
2309 2 2 5 1 2441 3670 3686
2310 2 2 5 1 573 622 3423
2311 2 2 5 1 825 827 829
2312 2 2 5 1 1901 2639 2640
2313 2 2 5 1 1645 1787 2743
2314 2 2 5 1 2677 1758 2678
2315 2 2 5 1 2956 2957 2958
2316 2 2 5 1 1167 2877 2900
2317 2 2 5 1 1013 2260 3722
2318 2 2 5 1 641 2808 2876
2319 2 2 5 1 3179 1207 3316
2320 2 2 5 1 2687 2688 2689
2321 2 2 5 1 2675 2859 3021
2322 2 2 5 1 1756 1758 2677
2323 2 2 5 1 448 446 449
2324 2 2 5 1 349 399 3043
2325 2 2 5 1 1993 1227 2656
2326 2 2 5 1 2082 2868 3796
2327 2 2 5 1 2812 2810 2858
2328 2 2 5 1 2392 2393 3717
2329 2 2 5 1 2820 2816 2882
2330 2 2 5 1 2520 2216 2521
2331 2 2 5 1 2800 1816 2801
2332 2 2 5 1 3298 1733 3480
2333 2 2 5 1 535 721 723
2334 2 2 5 1 422 423 424
2335 2 2 5 1 1571 2886 2989
2336 2 2 5 1 2440 2425 4478
2337 2 2 5 1 2687 2689 2753
2338 2 2 5 1 882 793 3126
2339 2 2 5 1 655 880 2881
2340 2 2 5 1 2811 2810 2812
2341 2 2 5 1 625 1082 2599
2342 2 2 5 1 880 910 1323
2343 2 2 5 1 946 948 3185
2344 2 2 5 1 2880 2303 4211
2345 2 2 5 1 380 287 2906
2346 2 2 5 1 316 381 2907
2347 2 2 5 1 1440 980 2853
2348 2 2 5 1 2883 2817 2884
2349 2 2 5 1 433 431 2682
2350 2 2 5 1 1696 1698 4142
2351 2 2 5 1 317 318 2985
2352 2 2 5 1 2748 2836 4106
2353 2 2 5 1 3398 3226 4240
2354 2 2 5 1 2463 2533 2534
2355 2 2 5 1 795 797 2837
2356 2 2 5 1 2118 2749 3605
2357 2 2 5 1 1419 1421 1704
2358 2 2 5 1 497 1990 3093
2359 2 2 5 1 3364 2718 4404
2360 2 2 5 1 721 768 2733
2361 2 2 5 1 622 2849 2850
2362 2 2 5 1 877 782 3021
2363 2 2 5 1 1599 1597 2964
2364 2 2 5 1 2238 1811 2786
2365 2 2 5 1 478 480 495
2366 2 2 5 1 2474 759 4492
2367 2 2 5 1 401 400 402
2368 2 2 5 1 2882 2883 3062
2369 2 2 5 1 2649 2647 2653
2370 2 2 5 1 1728 2333 2971
2371 2 2 5 1 3622 2852 3751
2372 2 2 5 1 2192 1712 2481
2373 2 2 5 1 2648 2649 2650
2374 2 2 5 1 1172 1173 1174
2375 2 2 5 1 725 1592 3021
2376 2 2 5 1 2859 877 3021
2377 2 2 5 1 1101 592 2646
2378 2 2 5 1 321 383 2955
2379 2 2 5 1 382 282 2953
2380 2 2 5 1 768 1795 2733
2381 2 2 5 1 1822 3047 3094
2382 2 2 5 1 663 720 1534
2383 2 2 5 1 2364 856 4450
2384 2 2 5 1 1235 1251 2856
2385 2 2 5 1 2575 2576 4352
2386 2 2 5 1 804 840 841
2387 2 2 5 1 1920 2729 3346
2388 2 2 5 1 3002 384 3003
2389 2 2 5 1 471 470 472
2390 2 2 5 1 1663 1662 1664
2391 2 2 5 1 1545 1404 1546
2392 2 2 5 1 1540 1539 1541
2393 2 2 5 1 1447 1769 1870
2394 2 2 5 1 1819 1945 2538
2395 2 2 5 1 2359 2064 2360
2396 2 2 5 1 1954 2354 4518
2397 2 2 5 1 2821 2815 2822
2398 2 2 5 1 1657 1655 2353
2399 2 2 5 1 2443 3670 4478
2400 2 2 5 1 1044 841 1056
2401 2 2 5 1 1821 2145 2151
2402 2 2 5 1 357 280 2969
2403 2 2 5 1 663 1534 2808
2404 2 2 5 1 412 411 413
2405 2 2 5 1 1694 1693 1695
2406 2 2 5 1 1451 2570 4101
2407 2 2 5 1 967 908 1083
2408 2 2 5 1 1251 1337 1619
2409 2 2 5 1 501 504 2739
2410 2 2 5 1 1545 1546 1811
2411 2 2 5 1 1094 2735 4373
2412 2 2 5 1 3470 3468 4062
2413 2 2 5 1 1847 1756 2677
2414 2 2 5 1 866 865 912
2415 2 2 5 1 2634 1705 3320
2416 2 2 5 1 2574 3333 3596
2417 2 2 5 1 911 848 1146
2418 2 2 5 1 2028 2026 2029
2419 2 2 5 1 2680 2245 3575
2420 2 2 5 1 405 404 406
2421 2 2 5 1 1661 1659 1662
2422 2 2 5 1 407 406 408
2423 2 2 5 1 377 235 2895
2424 2 2 5 1 2430 2437 2438
2425 2 2 5 1 2644 353 4040
2426 2 2 5 1 3610 2979 3620
2427 2 2 5 1 3148 3692 4336
2428 2 2 5 1 1355 1645 1822
2429 2 2 5 1 410 409 411
2430 2 2 5 1 1819 1820 1945
2431 2 2 5 1 2734 3109 3180
2432 2 2 5 1 3060 1745 3934
2433 2 2 5 1 810 808 1017
2434 2 2 5 1 2519 2252 4056
2435 2 2 5 1 1296 1843 2005
2436 2 2 5 1 3023 361 3024
2437 2 2 5 1 375 2864 2865
2438 2 2 5 1 1000 1001 1003
2439 2 2 5 1 2739 1141 2740
2440 2 2 5 1 1447 1579 1769
2441 2 2 5 1 1017 2809 2810
2442 2 2 5 1 2008 2131 2860
2443 2 2 5 1 1101 2647 2648
2444 2 2 5 1 1668 1858 2804
2445 2 2 5 1 1665 1664 1782
2446 2 2 5 1 1931 1933 1934
2447 2 2 5 1 766 764 767
2448 2 2 5 1 444 443 445
2449 2 2 5 1 1010 1008 3935
2450 2 2 5 1 1445 1446 1447
2451 2 2 5 1 768 1678 1795
2452 2 2 5 1 2116 2828 3295
2453 2 2 5 1 3923 1526 3924
2454 2 2 5 1 567 1108 2779
2455 2 2 5 1 2019 2015 2020
2456 2 2 5 1 1542 1541 1543
2457 2 2 5 1 775 791 2857
2458 2 2 5 1 3152 3890 4415
2459 2 2 5 1 2717 694 4395
2460 2 2 5 1 3109 391 3180
2461 2 2 5 1 619 624 625
2462 2 2 5 1 2334 3738 4030
2463 2 2 5 1 2880 1226 3267
2464 2 2 5 1 434 433 435
2465 2 2 5 1 1212 1199 1742
2466 2 2 5 1 3545 4152 4161
2467 2 2 5 1 2378 3726 4407
2468 2 2 5 1 432 431 433
2469 2 2 5 1 384 2565 4236
2470 2 2 5 1 430 429 431
2471 2 2 5 1 3072 1785 3073
2472 2 2 5 1 2175 2304 2731
2473 2 2 5 1 4150 1691 4272
2474 2 2 5 1 349 398 399
2475 2 2 5 1 598 601 633
2476 2 2 5 1 2886 2885 2887
2477 2 2 5 1 1821 2151 2635
2478 2 2 5 1 1553 1554 1729
2479 2 2 5 1 538 539 540
2480 2 2 5 1 1091 1167 2900
2481 2 2 5 1 2805 2804 2806
2482 2 2 5 1 2886 2887 2888
2483 2 2 5 1 408 406 409
2484 2 2 5 1 428 427 429
2485 2 2 5 1 791 969 2857
2486 2 2 5 1 2274 2625 3938
2487 2 2 5 1 2814 2815 2821
2488 2 2 5 1 556 558 614
2489 2 2 5 1 2282 3373 4206
2490 2 2 5 1 971 814 2862
2491 2 2 5 1 1787 2284 2589
2492 2 2 5 1 2717 2718 3822
2493 2 2 5 1 2684 2686 2687
2494 2 2 5 1 848 779 2670
2495 2 2 5 1 2802 442 3334
2496 2 2 5 1 538 2130 2631
2497 2 2 5 1 1066 1790 2827
2498 2 2 5 1 615 620 3139
2499 2 2 5 1 958 972 975
2500 2 2 5 1 1341 1100 2839
2501 2 2 5 1 2760 3298 3480
2502 2 2 5 1 704 702 2974
2503 2 2 5 1 2512 3172 3487
2504 2 2 5 1 943 1668 2804
2505 2 2 5 1 2479 4143 4157
2506 2 2 5 1 532 529 2836
2507 2 2 5 1 346 289 3000
2508 2 2 5 1 402 400 403
2509 2 2 5 1 920 921 4362
2510 2 2 5 1 2161 3170 3171
2511 2 2 5 1 1708 2188 3059
2512 2 2 5 1 2956 383 2957
2513 2 2 5 1 2910 2911 2917
2514 2 2 5 1 1430 1431 1432
2515 2 2 5 1 1460 1244 2509
2516 2 2 5 1 2939 2935 3461
2517 2 2 5 1 1048 1049 1060
2518 2 2 5 1 358 2899 3125
2519 2 2 5 1 354 320 2955
2520 2 2 5 1 283 353 2953
2521 2 2 5 1 471 485 667
2522 2 2 5 1 651 663 2808
2523 2 2 5 1 894 802 2908
2524 2 2 5 1 281 382 2969
2525 2 2 5 1 1353 1776 2832
2526 2 2 5 1 3748 2251 3876
2527 2 2 5 1 662 2579 4230
2528 2 2 5 1 3517 4249 4354
2529 2 2 5 1 3255 1871 3508
2530 2 2 5 1 2953 353 2954
2531 2 2 5 1 3344 3108 3747
2532 2 2 5 1 2025 2024 2026
2533 2 2 5 1 1593 2990 3029
2534 2 2 5 1 2813 2814 2816
2535 2 2 5 1 880 1323 2881
2536 2 2 5 1 2817 2814 2821
2537 2 2 5 1 3484 2298 3743
2538 2 2 5 1 1178 1177 1179
2539 2 2 5 1 1167 1209 2877
2540 2 2 5 1 1465 2095 2096
2541 2 2 5 1 1571 2885 2886
2542 2 2 5 1 459 457 1746
2543 2 2 5 1 711 968 2871
2544 2 2 5 1 1109 772 3075
2545 2 2 5 1 1445 1447 2788
2546 2 2 5 1 450 449 451
2547 2 2 5 1 395 3522 3780
2548 2 2 5 1 1212 2344 4382
2549 2 2 5 1 347 315 2907
2550 2 2 5 1 288 346 2906
2551 2 2 5 1 1328 1326 3001
2552 2 2 5 1 1841 2980 3107
2553 2 2 5 1 2350 2668 3476
2554 2 2 5 1 3752 2977 3758
2555 2 2 5 1 2563 1616 3262
2556 2 2 5 1 447 775 1872
2557 2 2 5 1 2841 3037 4402
2558 2 2 5 1 2811 2812 2813
2559 2 2 5 1 3457 3414 4277
2560 2 2 5 1 1060 1061 1170
2561 2 2 5 1 2793 469 2830
2562 2 2 5 1 1169 1025 2859
2563 2 2 5 1 426 424 427
2564 2 2 5 1 1186 1770 1821
2565 2 2 5 1 1153 440 2802
2566 2 2 5 1 2877 2878 2900
2567 2 2 5 1 791 795 969
2568 2 2 5 1 948 1354 3185
2569 2 2 5 1 2958 2957 2972
2570 2 2 5 1 1716 1543 1718
2571 2 2 5 1 808 806 2809
2572 2 2 5 1 1437 1235 2856
2573 2 2 5 1 3770 2146 4418
2574 2 2 5 1 1530 1521 4408
2575 2 2 5 1 772 770 3075
2576 2 2 5 1 404 403 1186
2577 2 2 5 1 2246 2523 3910
2578 2 2 5 1 1222 1925 2245
2579 2 2 5 1 639 2619 3728
2580 2 2 5 1 1851 1908 1909
2581 2 2 5 1 2765 1733 3298
2582 2 2 5 1 429 427 1157
2583 2 2 5 1 1627 2007 2105
2584 2 2 5 1 1648 2662 3482
2585 2 2 5 1 361 276 3002
2586 2 2 5 1 1841 2805 2980
2587 2 2 5 1 355 3748 3876
2588 2 2 5 1 1886 1885 4274
2589 2 2 5 1 2996 371 3945
2590 2 2 5 1 814 812 2862
2591 2 2 5 1 1514 2655 4241
2592 2 2 5 1 1366 1791 1792
2593 2 2 5 1 1921 2838 2870
2594 2 2 5 1 1840 2287 3119
2595 2 2 5 1 1235 1056 1251
2596 2 2 5 1 2895 345 2896
2597 2 2 5 1 2754 1954 4518
2598 2 2 5 1 1843 2624 3857
2599 2 2 5 1 638 641 2876
2600 2 2 5 1 414 413 415
2601 2 2 5 1 2032 2523 3950
2602 2 2 5 1 1756 1341 1758
2603 2 2 5 1 2745 2237 4168
2604 2 2 5 1 968 1553 2871
2605 2 2 5 1 3071 1785 3072
2606 2 2 5 1 2626 1840 3119
2607 2 2 5 1 1980 1982 2583
2608 2 2 5 1 1020 1296 3031
2609 2 2 5 1 1541 1901 3028
2610 2 2 5 1 1017 2810 2811
2611 2 2 5 1 812 810 2861
2612 2 2 5 1 2363 3997 4186
2613 2 2 5 1 1155 733 2974
2614 2 2 5 1 1744 2486 2487
2615 2 2 5 1 3123 617 3936
2616 2 2 5 1 1869 1725 2184
2617 2 2 5 1 2272 2065 4114
2618 2 2 5 1 1730 1732 1733
2619 2 2 5 1 1881 2234 4346
2620 2 2 5 1 2894 3976 4366
2621 2 2 5 1 816 814 971
2622 2 2 5 1 1160 1366 2852
2623 2 2 5 1 1863 2706 2707
2624 2 2 5 1 1869 2184 2701
2625 2 2 5 1 1803 1946 2289
2626 2 2 5 1 277 384 3002
2627 2 2 5 1 3140 1490 4024
2628 2 2 5 1 3228 3225 4305
2629 2 2 5 1 1864 2722 3713
2630 2 2 5 1 2845 1673 2846
2631 2 2 5 1 1080 1077 3238
2632 2 2 5 1 1353 1721 1776
2633 2 2 5 1 2907 381 3102
2634 2 2 5 1 1668 1857 1858
2635 2 2 5 1 1931 1934 2726
2636 2 2 5 1 446 445 447
2637 2 2 5 1 2989 2889 2990
2638 2 2 5 1 884 843 885
2639 2 2 5 1 1956 2482 3006
2640 2 2 5 1 2714 1738 2715
2641 2 2 5 1 2552 2553 2554
2642 2 2 5 1 1571 1388 2885
2643 2 2 5 1 997 996 998
2644 2 2 5 1 3675 2309 3754
2645 2 2 5 1 2956 2959 2981
2646 2 2 5 1 1502 2914 3410
2647 2 2 5 1 902 1333 2673
2648 2 2 5 1 1906 1904 1921
2649 2 2 5 1 2632 3622 3751
2650 2 2 5 1 358 324 2899
2651 2 2 5 1 1025 877 2859
2652 2 2 5 1 349 241 397
2653 2 2 5 1 2682 431 2683
2654 2 2 5 1 452 451 453
2655 2 2 5 1 3071 3072 3074
2656 2 2 5 1 2311 2293 2312
2657 2 2 5 1 846 779 848
2658 2 2 5 1 2846 2847 2848
2659 2 2 5 1 1992 532 2836
2660 2 2 5 1 2627 3873 4511
2661 2 2 5 1 444 446 448
2662 2 2 5 1 1501 1500 1504
2663 2 2 5 1 622 575 2849
2664 2 2 5 1 1149 1135 3033
2665 2 2 5 1 2620 1875 2973
2666 2 2 5 1 2956 2958 2959
2667 2 2 5 1 733 704 2974
2668 2 2 5 1 886 885 888
2669 2 2 5 1 375 3506 3557
2670 2 2 5 1 2214 2211 3263
2671 2 2 5 1 454 453 455
2672 2 2 5 1 1553 1729 2902
2673 2 2 5 1 3181 396 4462
2674 2 2 5 1 968 1552 1553
2675 2 2 5 1 323 324 358
2676 2 2 5 1 279 280 357
2677 2 2 5 1 1111 1785 3071
2678 2 2 5 1 1880 1690 1881
2679 2 2 5 1 1937 1939 2967
2680 2 2 5 1 399 400 401
2681 2 2 5 1 777 943 1841
2682 2 2 5 1 504 505 506
2683 2 2 5 1 2423 2424 2425
2684 2 2 5 1 1334 3317 3766
2685 2 2 5 1 3061 697 3988
2686 2 2 5 1 2130 2593 3022
2687 2 2 5 1 752 751 753
2688 2 2 5 1 330 331 356
2689 2 2 5 1 2692 2690 2693
2690 2 2 5 1 1423 1427 1428
2691 2 2 5 1 319 320 354
2692 2 2 5 1 283 284 353
2693 2 2 5 1 3073 3075 3362
2694 2 2 5 1 268 269 3089
2695 2 2 5 1 449 446 2735
2696 2 2 5 1 271 272 355
2697 2 2 5 1 1911 3173 4026
2698 2 2 5 1 1270 1353 2832
2699 2 2 5 1 1365 1674 1772
2700 2 2 5 1 1827 1928 2529
2701 2 2 5 1 1366 1792 2852
2702 2 2 5 1 275 361 3023
2703 2 2 5 1 1099 1093 1100
2704 2 2 5 1 1048 1089 2660
2705 2 2 5 1 2507 1906 2891
2706 2 2 5 1 1152 1355 3094
2707 2 2 5 1 275 276 361
2708 2 2 5 1 1118 2736 3987
2709 2 2 5 1 414 2738 4297
2710 2 2 5 1 314 315 347
2711 2 2 5 1 288 289 346
2712 2 2 5 1 1904 1902 2838
2713 2 2 5 1 2133 1633 4028
2714 2 2 5 1 2614 1704 4394
2715 2 2 5 1 797 799 1835
2716 2 2 5 1 1538 1349 1539
2717 2 2 5 1 709 2871 3315
2718 2 2 5 1 1795 1678 2178
2719 2 2 5 1 2398 3445 3655
2720 2 2 5 1 281 282 382
2721 2 2 5 1 321 322 383
2722 2 2 5 1 2814 2812 2815
2723 2 2 5 1 368 3439 3806
2724 2 2 5 1 2990 2889 2991
2725 2 2 5 1 2514 1647 2952
2726 2 2 5 1 2753 2694 4261
2727 2 2 5 1 964 1280 1445
2728 2 2 5 1 2689 2688 2690
2729 2 2 5 1 1914 2643 3492
2730 2 2 5 1 2968 940 4262
2731 2 2 5 1 330 356 3036
2732 2 2 5 1 2725 2208 4112
2733 2 2 5 1 1239 1895 3247
2734 2 2 5 1 2920 2918 2921
2735 2 2 5 1 1007 1006 1008
2736 2 2 5 1 590 591 592
2737 2 2 5 1 1300 3221 4182
2738 2 2 5 1 1388 1386 2885
2739 2 2 5 1 335 336 352
2740 2 2 5 1 2780 1108 3809
2741 2 2 5 1 1616 2563 4465
2742 2 2 5 1 636 532 1992
2743 2 2 5 1 386 274 3023
2744 2 2 5 1 277 278 384
2745 2 2 5 1 951 949 3017
2746 2 2 5 1 1849 1848 1959
2747 2 2 5 1 3726 4063 4407
2748 2 2 5 1 1083 2526 4367
2749 2 2 5 1 2438 2465 3146
2750 2 2 5 1 3032 1055 3388
2751 2 2 5 1 2825 2822 3053
2752 2 2 5 1 4143 231 4157
2753 2 2 5 1 3905 3611 3947
2754 2 2 5 1 266 267 351
2755 2 2 5 1 1218 1392 3040
2756 2 2 5 1 383 322 2960
2757 2 2 5 1 1333 900 3957
2758 2 2 5 1 286 287 380
2759 2 2 5 1 316 317 381
2760 2 2 5 1 3111 1800 3126
2761 2 2 5 1 1168 1025 1169
2762 2 2 5 1 1792 1791 2540
2763 2 2 5 1 3842 1583 4489
2764 2 2 5 1 1601 1599 1673
2765 2 2 5 1 2896 345 3323
2766 2 2 5 1 273 274 386
2767 2 2 5 1 3618 2077 4228
2768 2 2 5 1 1812 1811 2238
2769 2 2 5 1 388 3086 3087
2770 2 2 5 1 2482 1823 2483
2771 2 2 5 1 2124 2139 3004
2772 2 2 5 1 1923 3225 3228
2773 2 2 5 1 1244 1097 2784
2774 2 2 5 1 3068 2490 3070
2775 2 2 5 1 2151 2145 2560
2776 2 2 5 1 1134 1130 2866
2777 2 2 5 1 1130 1127 2866
2778 2 2 5 1 355 272 3042
2779 2 2 5 1 2150 1738 2714
2780 2 2 5 1 579 581 617
2781 2 2 5 1 1954 1783 2354
2782 2 2 5 1 2873 1196 2874
2783 2 2 5 1 1963 3344 3747
2784 2 2 5 1 2048 2052 3256
2785 2 2 5 1 416 418 963
2786 2 2 5 1 3124 3123 3936
2787 2 2 5 1 1145 1344 3387
2788 2 2 5 1 402 404 405
2789 2 2 5 1 904 902 2673
2790 2 2 5 1 3424 2725 4112
2791 2 2 5 1 2447 3267 4181
2792 2 2 5 1 1921 1904 2838
2793 2 2 5 1 416 415 417
2794 2 2 5 1 1135 1134 3033
2795 2 2 5 1 1605 1603 1768
2796 2 2 5 1 422 424 426
2797 2 2 5 1 1906 1921 2891
2798 2 2 5 1 328 329 385
2799 2 2 5 1 1017 808 2809
2800 2 2 5 1 684 681 3251
2801 2 2 5 1 2583 1982 3253
2802 2 2 5 1 3309 4015 4235
2803 2 2 5 1 1127 1125 1140
2804 2 2 5 1 2791 1338 4375
2805 2 2 5 1 540 541 542
2806 2 2 5 1 1822 2744 3047
2807 2 2 5 1 1939 1941 1942
2808 2 2 5 1 2738 2486 4297
2809 2 2 5 1 2668 632 3476
2810 2 2 5 1 332 333 387
2811 2 2 5 1 1386 1360 1854
2812 2 2 5 1 3027 2218 3741
2813 2 2 5 1 326 327 366
2814 2 2 5 1 3920 3518 3982
2815 2 2 5 1 887 2636 4514
2816 2 2 5 1 3205 1561 4068
2817 2 2 5 1 2955 2956 2981
2818 2 2 5 1 236 345 2895
2819 2 2 5 1 2487 2486 2738
2820 2 2 5 1 1772 2185 2515
2821 2 2 5 1 1586 1728 2971
2822 2 2 5 1 2774 2775 4460
2823 2 2 5 1 269 270 388
2824 2 2 5 1 343 224 350
2825 2 2 5 1 1057 894 2908
2826 2 2 5 1 1705 1288 3320
2827 2 2 5 1 1729 1554 1730
2828 2 2 5 1 845 931 1048
2829 2 2 5 1 1213 3098 3513
2830 2 2 5 1 242 221 373
2831 2 2 5 1 246 247 375
2832 2 2 5 1 244 245 348
2833 2 2 5 1 236 237 345
2834 2 2 5 1 238 239 374
2835 2 2 5 1 240 241 349
2836 2 2 5 1 248 249 344
2837 2 2 5 1 2671 3796 4330
2838 2 2 5 1 3168 805 3837
2839 2 2 5 1 3370 3024 3732
2840 2 2 5 1 963 418 2756
2841 2 2 5 1 3539 3349 3658
2842 2 2 5 1 1901 1539 2639
2843 2 2 5 1 3070 2134 3570
2844 2 2 5 1 1019 932 3189
2845 2 2 5 1 1646 889 2966
2846 2 2 5 1 650 640 3082
2847 2 2 5 1 3506 2559 3557
2848 2 2 5 1 1156 1057 2198
2849 2 2 5 1 2810 2809 2819
2850 2 2 5 1 771 777 3107
2851 2 2 5 1 1725 1375 2799
2852 2 2 5 1 1402 1401 1404
2853 2 2 5 1 3861 3033 4135
2854 2 2 5 1 1405 1404 1545
2855 2 2 5 1 1603 1601 2845
2856 2 2 5 1 2720 2302 4353
2857 2 2 5 1 319 354 2983
2858 2 2 5 1 2687 2686 2688
2859 2 2 5 1 1821 1770 2145
2860 2 2 5 1 1504 1500 4497
2861 2 2 5 1 1934 1933 1935
2862 2 2 5 1 1396 1394 1747
2863 2 2 5 1 2632 703 3622
2864 2 2 5 1 385 329 3036
2865 2 2 5 1 488 490 1196
2866 2 2 5 1 724 781 3167
2867 2 2 5 1 2425 2426 2427
2868 2 2 5 1 1601 1673 2845
2869 2 2 5 1 1877 1718 1878
2870 2 2 5 1 273 386 3042
2871 2 2 5 1 1819 1546 1820
2872 2 2 5 1 2074 2076 2365
2873 2 2 5 1 1834 4060 4398
2874 2 2 5 1 506 509 3200
2875 2 2 5 1 436 433 2682
2876 2 2 5 1 2358 3178 3500
2877 2 2 5 1 735 733 1155
2878 2 2 5 1 290 378 3000
2879 2 2 5 1 3537 1503 4052
2880 2 2 5 1 506 508 509
2881 2 2 5 1 1066 1067 1068
2882 2 2 5 1 2536 2534 3207
2883 2 2 5 1 3291 2745 4168
2884 2 2 5 1 1553 1552 1554
2885 2 2 5 1 805 2337 3837
2886 2 2 5 1 354 2955 2981
2887 2 2 5 1 1203 1197 4399
2888 2 2 5 1 504 1141 2739
2889 2 2 5 1 606 610 1876
2890 2 2 5 1 377 2895 3280
2891 2 2 5 1 2427 2431 2432
2892 2 2 5 1 2682 2683 2696
2893 2 2 5 1 2198 1057 2908
2894 2 2 5 1 356 331 3055
2895 2 2 5 1 1776 1875 2193
2896 2 2 5 1 1653 2218 3027
2897 2 2 5 1 2844 2846 3916
2898 2 2 5 1 467 466 2793
2899 2 2 5 1 807 806 808
2900 2 2 5 1 1084 1273 1274
2901 2 2 5 1 2878 2249 2987
2902 2 2 5 1 2538 1945 3331
2903 2 2 5 1 388 3087 3088
2904 2 2 5 1 2118 2119 2120
2905 2 2 5 1 2786 2787 4141
2906 2 2 5 1 1447 1446 1579
2907 2 2 5 1 3115 2453 3324
2908 2 2 5 1 986 1148 3233
2909 2 2 5 1 1442 2248 2249
2910 2 2 5 1 2315 3280 3542
2911 2 2 5 1 592 597 598
2912 2 2 5 1 1364 1227 1962
2913 2 2 5 1 2091 3031 3039
2914 2 2 5 1 418 417 419
2915 2 2 5 1 3873 2236 4511
2916 2 2 5 1 860 861 862
2917 2 2 5 1 567 568 569
2918 2 2 5 1 386 3370 3400
2919 2 2 5 1 250 376 2897
2920 2 2 5 1 2846 1673 2847
2921 2 2 5 1 1706 1609 1738
2922 2 2 5 1 2762 2761 2763
2923 2 2 5 1 2128 1440 2624
2924 2 2 5 1 744 523 3136
2925 2 2 5 1 955 951 3017
2926 2 2 5 1 1459 1244 1460
2927 2 2 5 1 625 626 627
2928 2 2 5 1 1945 1820 2600
2929 2 2 5 1 1531 1530 4408
2930 2 2 5 1 482 484 1844
2931 2 2 5 1 3078 3079 3080
2932 2 2 5 1 1593 1572 2989
2933 2 2 5 1 1133 1130 1134
2934 2 2 5 1 682 804 3474
2935 2 2 5 1 2715 2840 2841
2936 2 2 5 1 2589 2284 2590
2937 2 2 5 1 471 667 2830
2938 2 2 5 1 1655 652 3357
2939 2 2 5 1 939 889 1646
2940 2 2 5 1 1195 955 3017
2941 2 2 5 1 1461 1920 3187
2942 2 2 5 1 1880 1914 3492
2943 2 2 5 1 517 537 538
2944 2 2 5 1 509 510 511
2945 2 2 5 1 3180 391 3181
2946 2 2 5 1 2624 2089 3857
2947 2 2 5 1 1749 2000 2572
2948 2 2 5 1 2833 2345 4387
2949 2 2 5 1 761 762 763
2950 2 2 5 1 3073 1785 3075
2951 2 2 5 1 1392 1815 3040
2952 2 2 5 1 2576 3422 4352
2953 2 2 5 1 2144 1806 3235
2954 2 2 5 1 542 543 544
2955 2 2 5 1 3078 3080 3081
2956 2 2 5 1 1445 1280 1446
2957 2 2 5 1 2013 2010 2014
2958 2 2 5 1 1269 1076 3947
2959 2 2 5 1 1783 1782 2716
2960 2 2 5 1 1962 1993 3013
2961 2 2 5 1 623 618 3175
2962 2 2 5 1 1635 3027 3232
2963 2 2 5 1 3019 2233 4474
2964 2 2 5 1 1442 1564 2248
2965 2 2 5 1 2167 1361 3048
2966 2 2 5 1 405 406 407
2967 2 2 5 1 1902 1383 3336
2968 2 2 5 1 459 1746 2995
2969 2 2 5 1 410 412 486
2970 2 2 5 1 1738 1609 2840
2971 2 2 5 1 1792 2540 3884
2972 2 2 5 1 1404 1401 3192
2973 2 2 5 1 2230 3096 4343
2974 2 2 5 1 1157 427 2769
2975 2 2 5 1 1740 1725 1869
2976 2 2 5 1 1068 1069 1070
2977 2 2 5 1 1137 1135 1149
2978 2 2 5 1 2456 3708 4171
2979 2 2 5 1 2580 1954 3385
2980 2 2 5 1 501 503 504
2981 2 2 5 1 1980 2583 3366
2982 2 2 5 1 420 419 421
2983 2 2 5 1 1855 1973 2970
2984 2 2 5 1 4060 2662 4398
2985 2 2 5 1 1107 980 1440
2986 2 2 5 1 1899 1316 3104
2987 2 2 5 1 255 369 3079
2988 2 2 5 1 2495 2494 2496
2989 2 2 5 1 3079 369 3080
2990 2 2 5 1 1400 1398 1401
2991 2 2 5 1 1276 1376 1377
2992 2 2 5 1 1570 1388 1571
2993 2 2 5 1 271 355 3086
2994 2 2 5 1 2759 2758 2761
2995 2 2 5 1 376 251 3035
2996 2 2 5 1 332 387 3055
2997 2 2 5 1 2245 1925 2532
2998 2 2 5 1 3899 921 4126
2999 2 2 5 1 974 3541 3759
3000 2 2 5 1 3211 3210 3212
3001 2 2 5 1 1509 1522 4389
3002 2 2 5 1 2464 2592 4300
3003 2 2 5 1 1807 2752 3235
3004 2 2 5 1 2944 2945 2947
3005 2 2 5 1 1978 1979 1980
3006 2 2 5 1 1567 3054 3227
3007 2 2 5 1 337 338 389
3008 2 2 5 1 1782 1956 2716
3009 2 2 5 1 2640 2639 2642
3010 2 2 5 1 1363 1328 1816
3011 2 2 5 1 1063 1065 1066
3012 2 2 5 1 1785 1109 3075
3013 2 2 5 1 1877 3757 4444
3014 2 2 5 1 1794 2651 4335
3015 2 2 5 1 1242 1097 1244
3016 2 2 5 1 912 917 3744
3017 2 2 5 1 2741 2544 3116
3018 2 2 5 1 408 410 2892
3019 2 2 5 1 831 832 835
3020 2 2 5 1 1361 1322 3048
3021 2 2 5 1 2716 3061 3988
3022 2 2 5 1 1661 1662 1663
3023 2 2 5 1 351 267 3133
3024 2 2 5 1 1900 1899 2107
3025 2 2 5 1 829 830 831
3026 2 2 5 1 511 512 513
3027 2 2 5 1 2021 2020 2022
3028 2 2 5 1 2577 3478 3716
3029 2 2 5 1 264 265 390
3030 2 2 5 1 2959 3941 4134
3031 2 2 5 1 544 545 546
3032 2 2 5 1 1709 1647 2514
3033 2 2 5 1 2509 1244 2784
3034 2 2 5 1 497 499 1990
3035 2 2 5 1 2122 2124 3658
3036 2 2 5 1 2757 2756 2758
3037 2 2 5 1 474 476 3901
3038 2 2 5 1 2976 2975 2977
3039 2 2 5 1 1224 1045 1227
3040 2 2 5 1 2338 858 4472
3041 2 2 5 1 3541 974 3712
3042 2 2 5 1 2061 2016 2292
3043 2 2 5 1 2981 2959 3204
3044 2 2 5 1 1598 1597 1599
3045 2 2 5 1 987 988 989
3046 2 2 5 1 410 486 2892
3047 2 2 5 1 2900 2878 3056
3048 2 2 5 1 2892 486 2893
3049 2 2 5 1 2361 3698 3805
3050 2 2 5 1 1646 2966 3220
3051 2 2 5 1 564 566 567
3052 2 2 5 1 964 1445 2790
3053 2 2 5 1 1769 3300 4199
3054 2 2 5 1 425 488 2872
3055 2 2 5 1 2021 2022 3853
3056 2 2 5 1 965 955 1195
3057 2 2 5 1 587 589 590
3058 2 2 5 1 1626 715 3368
3059 2 2 5 1 492 494 743
3060 2 2 5 1 2230 1989 3678
3061 2 2 5 1 341 342 393
3062 2 2 5 1 1209 1371 1442
3063 2 2 5 1 1555 3983 4038
3064 2 2 5 1 521 519 1223
3065 2 2 5 1 2260 2281 4391
3066 2 2 5 1 1267 1929 3473
3067 2 2 5 1 794 2852 3622
3068 2 2 5 1 1095 408 2892
3069 2 2 5 1 741 718 3118
3070 2 2 5 1 2042 2032 3950
3071 2 2 5 1 809 808 810
3072 2 2 5 1 3024 361 3870
3073 2 2 5 1 469 471 2830
3074 2 2 5 1 260 261 394
3075 2 2 5 1 437 3005 3864
3076 2 2 5 1 2984 3205 4068
3077 2 2 5 1 513 534 535
3078 2 2 5 1 2660 1089 3415
3079 2 2 5 1 2136 2710 3841
3080 2 2 5 1 2716 1956 3061
3081 2 2 5 1 1436 1235 1437
3082 2 2 5 1 2120 2121 2122
3083 2 2 5 1 3148 3147 3692
3084 2 2 5 1 525 523 744
3085 2 2 5 1 269 388 3089
3086 2 2 5 1 1950 1621 3313
3087 2 2 5 1 1898 4480 4500
3088 2 2 5 1 1815 1978 3040
3089 2 2 5 1 2110 1955 2556
3090 2 2 5 1 241 242 397
3091 2 2 5 1 2908 802 3118
3092 2 2 5 1 1815 1977 1978
3093 2 2 5 1 2184 1725 2799
3094 2 2 5 1 1338 1169 4113
3095 2 2 5 1 422 421 423
3096 2 2 5 1 1574 1572 1593
3097 2 2 5 1 2961 358 3125
3098 2 2 5 1 290 291 378
3099 2 2 5 1 312 313 379
3100 2 2 5 1 2094 1626 2998
3101 2 2 5 1 4115 2077 4513
3102 2 2 5 1 1296 2005 3031
3103 2 2 5 1 396 3154 4462
3104 2 2 5 1 2672 3545 4161
3105 2 2 5 1 3056 2878 3729
3106 2 2 5 1 1642 1375 1725
3107 2 2 5 1 339 340 367
3108 2 2 5 1 1980 1981 1982
3109 2 2 5 1 1592 2675 3021
3110 2 2 5 1 1351 1206 2709
3111 2 2 5 1 1360 1194 3110
3112 2 2 5 1 1583 1586 4489
3113 2 2 5 1 2643 1236 3492
3114 2 2 5 1 1982 1983 1984
3115 2 2 5 1 388 270 3086
3116 2 2 5 1 2834 2833 3541
3117 2 2 5 1 2684 1157 2685
3118 2 2 5 1 1064 1062 3278
3119 2 2 5 1 438 440 1153
3120 2 2 5 1 3721 2592 3885
3121 2 2 5 1 3688 225 4276
3122 2 2 5 1 1616 1615 3262
3123 2 2 5 1 262 263 368
3124 2 2 5 1 1407 1405 3343
3125 2 2 5 1 2801 1816 3001
3126 2 2 5 1 2873 2874 2875
3127 2 2 5 1 2115 2117 2118
3128 2 2 5 1 1155 2974 3917
3129 2 2 5 1 846 848 911
3130 2 2 5 1 2877 2249 2878
3131 2 2 5 1 2880 3267 4463
3132 2 2 5 1 1453 1316 1899
3133 2 2 5 1 1596 1594 1597
3134 2 2 5 1 787 739 806
3135 2 2 5 1 249 250 2897
3136 2 2 5 1 957 927 958
3137 2 2 5 1 2064 2029 3386
3138 2 2 5 1 3556 1893 4255
3139 2 2 5 1 560 562 1805
3140 2 2 5 1 3941 1379 4134
3141 2 2 5 1 569 570 571
3142 2 2 5 1 1572 1571 2989
3143 2 2 5 1 2984 2982 3205
3144 2 2 5 1 754 753 755
3145 2 2 5 1 3040 1978 3366
3146 2 2 5 1 1788 2194 2286
3147 2 2 5 1 729 747 748
3148 2 2 5 1 1352 650 3082
3149 2 2 5 1 790 3705 4383
3150 2 2 5 1 1751 1750 1752
3151 2 2 5 1 1153 2802 4131
3152 2 2 5 1 3446 2448 3909
3153 2 2 5 1 363 3076 3077
3154 2 2 5 1 1995 1878 2138
3155 2 2 5 1 1331 1332 3261
3156 2 2 5 1 546 547 548
3157 2 2 5 1 890 960 3166
3158 2 2 5 1 1238 1215 3103
3159 2 2 5 1 757 2475 4492
3160 2 2 5 1 1663 1664 1665
3161 2 2 5 1 1894 1892 2244
3162 2 2 5 1 889 888 2966
3163 2 2 5 1 1487 3617 3685
3164 2 2 5 1 1699 1719 4502
3165 2 2 5 1 1209 1442 2877
3166 2 2 5 1 1326 1324 4196
3167 2 2 5 1 2590 2894 4366
3168 2 2 5 1 464 466 467
3169 2 2 5 1 407 408 1095
3170 2 2 5 1 1506 1504 1507
3171 2 2 5 1 1600 1599 1601
3172 2 2 5 1 424 423 425
3173 2 2 5 1 2150 2714 2771
3174 2 2 5 1 234 235 377
3175 2 2 5 1 250 251 376
3176 2 2 5 1 1407 3343 3966
3177 2 2 5 1 254 255 3079
3178 2 2 5 1 1706 1738 2150
3179 2 2 5 1 2175 1752 2304
3180 2 2 5 1 1816 1328 3001
3181 2 2 5 1 521 1223 3136
3182 2 2 5 1 354 2981 2982
3183 2 2 5 1 884 885 886
3184 2 2 5 1 3095 359 3096
3185 2 2 5 1 583 585 1794
3186 2 2 5 1 1168 1169 1338
3187 2 2 5 1 3270 2214 3406
3188 2 2 5 1 2886 2888 2889
3189 2 2 5 1 3585 3207 4021
3190 2 2 5 1 627 628 629
3191 2 2 5 1 2818 2816 2820
3192 2 2 5 1 1514 4241 4304
3193 2 2 5 1 362 233 3034
3194 2 2 5 1 911 1146 1147
3195 2 2 5 1 1943 2791 3201
3196 2 2 5 1 1820 1546 3192
3197 2 2 5 1 1442 1371 1564
3198 2 2 5 1 378 291 3095
3199 2 2 5 1 312 379 3097
3200 2 2 5 1 1259 848 2670
3201 2 2 5 1 2774 2521 2775
3202 2 2 5 1 2373 2365 2855
3203 2 2 5 1 565 563 3405
3204 2 2 5 1 1133 1134 1135
3205 2 2 5 1 1711 1352 1955
3206 2 2 5 1 1800 1162 3126
3207 2 2 5 1 3077 3076 3078
3208 2 2 5 1 2738 414 3919
3209 2 2 5 1 2485 920 4362
3210 2 2 5 1 2470 2466 4146
3211 2 2 5 1 2529 1928 4217
3212 2 2 5 1 2973 2276 3683
3213 2 2 5 1 535 645 721
3214 2 2 5 1 3593 2385 3687
3215 2 2 5 1 467 2731 3942
3216 2 2 5 1 2432 2449 2450
3217 2 2 5 1 1813 1311 3099
3218 2 2 5 1 1239 1560 1895
3219 2 2 5 1 3493 1195 4214
3220 2 2 5 1 3611 2516 3947
3221 2 2 5 1 2122 2123 2124
3222 2 2 5 1 2097 2594 3820
3223 2 2 5 1 634 3915 4441
3224 2 2 5 1 3780 3522 4517
3225 2 2 5 1 548 549 550
3226 2 2 5 1 1825 3572 3832
3227 2 2 5 1 1540 1541 1542
3228 2 2 5 1 2861 2811 3142
3229 2 2 5 1 1665 1782 1783
3230 2 2 5 1 655 666 880
3231 2 2 5 1 315 316 2907
3232 2 2 5 1 287 288 2906
3233 2 2 5 1 2665 935 3943
3234 2 2 5 1 811 810 812
3235 2 2 5 1 234 377 3034
3236 2 2 5 1 235 236 2895
3237 2 2 5 1 1245 1247 3105
3238 2 2 5 1 3150 3148 4336
3239 2 2 5 1 2094 2998 2999
3240 2 2 5 1 3157 3259 4133
3241 2 2 5 1 967 1083 1084
3242 2 2 5 1 1630 1996 3271
3243 2 2 5 1 436 2682 3030
3244 2 2 5 1 1538 1539 1540
3245 2 2 5 1 2723 647 3725
3246 2 2 5 1 2138 1878 3720
3247 2 2 5 1 757 755 4454
3248 2 2 5 1 3097 2472 3912
3249 2 2 5 1 1137 1149 1150
3250 2 2 5 1 3209 3208 3210
3251 2 2 5 1 1545 1811 1812
3252 2 2 5 1 2620 3682 3932
3253 2 2 5 1 2136 1713 3666
3254 2 2 5 1 320 321 2955
3255 2 2 5 1 282 283 2953
3256 2 2 5 1 1113 1111 3071
3257 2 2 5 1 1934 2335 2726
3258 2 2 5 1 280 281 2969
3259 2 2 5 1 1835 2660 4438
3260 2 2 5 1 1903 1902 1904
3261 2 2 5 1 820 2991 4455
3262 2 2 5 1 620 644 3139
3263 2 2 5 1 2260 2259 2279
3264 2 2 5 1 3468 837 4515
3265 2 2 5 1 835 836 850
3266 2 2 5 1 1174 1175 1176
3267 2 2 5 1 1905 1904 1906
3268 2 2 5 1 644 649 1829
3269 2 2 5 1 2715 1738 2840
3270 2 2 5 1 781 875 3167
3271 2 2 5 1 1191 1623 3051
3272 2 2 5 1 1635 1653 3027
3273 2 2 5 1 4440 2728 4448
3274 2 2 5 1 2822 2824 3053
3275 2 2 5 1 1808 2144 2542
3276 2 2 5 1 2780 3144 3965
3277 2 2 5 1 1458 1456 3224
3278 2 2 5 1 1570 1571 1572
3279 2 2 5 1 2124 2125 2139
3280 2 2 5 1 2286 3245 3350
3281 2 2 5 1 1907 1906 2507
3282 2 2 5 1 2327 2202 3972
3283 2 2 5 1 289 290 3000
3284 2 2 5 1 426 427 428
3285 2 2 5 1 804 803 840
3286 2 2 5 1 3003 2137 3870
3287 2 2 5 1 2460 2382 4077
3288 2 2 5 1 268 3089 3133
3289 2 2 5 1 939 1646 2853
3290 2 2 5 1 683 681 684
3291 2 2 5 1 637 638 647
3292 2 2 5 1 1432 1433 1434
3293 2 2 5 1 1366 1684 1791
3294 2 2 5 1 1955 1352 3082
3295 2 2 5 1 1111 1109 1785
3296 2 2 5 1 2345 3872 4387
3297 2 2 5 1 1309 1813 3057
3298 2 2 5 1 240 349 3043
3299 2 2 5 1 3324 3719 4287
3300 2 2 5 1 1778 1460 3113
3301 2 2 5 1 314 347 3416
3302 2 2 5 1 899 898 900
3303 2 2 5 1 2928 2926 2930
3304 2 2 5 1 1355 1822 3094
3305 2 2 5 1 1869 2701 3018
3306 2 2 5 1 3614 1496 3684
3307 2 2 5 1 961 891 1087
3308 2 2 5 1 1542 1543 1716
3309 2 2 5 1 2608 3559 4260
3310 2 2 5 1 2684 2685 2686
3311 2 2 5 1 1060 1049 1061
3312 2 2 5 1 1070 1071 1072
3313 2 2 5 1 1795 2178 3114
3314 2 2 5 1 2800 3269 3695
3315 2 2 5 1 252 363 3035
3316 2 2 5 1 1602 1601 1603
3317 2 2 5 1 2300 4231 4353
3318 2 2 5 1 2237 3000 4168
3319 2 2 5 1 2781 2780 3965
3320 2 2 5 1 251 252 3035
3321 2 2 5 1 669 668 670
3322 2 2 5 1 961 1087 3106
3323 2 2 5 1 1299 1238 3103
3324 2 2 5 1 2249 2248 3177
3325 2 2 5 1 363 253 3076
3326 2 2 5 1 448 449 450
3327 2 2 5 1 1186 1409 1770
3328 2 2 5 1 3089 3088 3090
3329 2 2 5 1 1214 3071 3074
3330 2 2 5 1 253 254 3076
3331 2 2 5 1 3162 1013 3722
3332 2 2 5 1 2218 2219 2220
3333 2 2 5 1 428 429 430
3334 2 2 5 1 2656 945 4253
3335 2 2 5 1 2605 2607 2608
3336 2 2 5 1 1913 1727 3191
3337 2 2 5 1 1242 1244 1459
3338 2 2 5 1 1589 2288 3195
3339 2 2 5 1 1653 2217 2218
3340 2 2 5 1 430 431 432
3341 2 2 5 1 432 433 434
3342 2 2 5 1 1201 3686 3868
3343 2 2 5 1 3183 1253 3432
3344 2 2 5 1 1423 1428 4394
3345 2 2 5 1 1115 1113 1214
3346 2 2 5 1 575 577 2849
3347 2 2 5 1 3053 2824 3054
3348 2 2 5 1 463 461 697
3349 2 2 5 1 1688 1383 1902
3350 2 2 5 1 1717 2781 3965
3351 2 2 5 1 504 503 505
3352 2 2 5 1 1296 1389 1843
3353 2 2 5 1 1876 2599 4368
3354 2 2 5 1 629 630 637
3355 2 2 5 1 1812 2238 2579
3356 2 2 5 1 2592 3724 4300
3357 2 2 5 1 2139 2140 2157
3358 2 2 5 1 1574 1593 1594
3359 2 2 5 1 1214 1113 3071
3360 2 2 5 1 802 741 3118
3361 2 2 5 1 1442 2249 2877
3362 2 2 5 1 1094 449 2735
3363 2 2 5 1 3221 593 4283
3364 2 2 5 1 531 529 532
3365 2 2 5 1 571 572 573
3366 2 2 5 1 1124 1123 1125
3367 2 2 5 1 1048 931 1049
3368 2 2 5 1 2222 1299 2223
3369 2 2 5 1 1210 3216 3230
3370 2 2 5 1 2499 2497 2500
3371 2 2 5 1 1716 1718 1877
3372 2 2 5 1 1297 3349 3539
3373 2 2 5 1 2819 2809 3009
3374 2 2 5 1 2243 3429 3595
3375 2 2 5 1 1730 1731 1732
3376 2 2 5 1 2744 2743 3273
3377 2 2 5 1 1779 2551 2614
3378 2 2 5 1 1126 1125 1127
3379 2 2 5 1 276 277 3002
3380 2 2 5 1 2741 3116 3117
3381 2 2 5 1 2105 2585 4226
3382 2 2 5 1 1459 1460 1778
3383 2 2 5 1 1642 1725 1740
3384 2 2 5 1 1673 1599 2964
3385 2 2 5 1 550 551 552
3386 2 2 5 1 3089 3090 3133
3387 2 2 5 1 2601 1820 3192
3388 2 2 5 1 763 764 766
3389 2 2 5 1 2896 1868 3542
3390 2 2 5 1 1942 1941 1964
3391 2 2 5 1 3442 373 4379
3392 2 2 5 1 2682 2696 3030
3393 2 2 5 1 1400 1401 1402
3394 2 2 5 1 2860 2131 4302
3395 2 2 5 1 2255 1754 2341
3396 2 2 5 1 1072 1073 1074
3397 2 2 5 1 3063 3584 4289
3398 2 2 5 1 2983 2982 2984
3399 2 2 5 1 460 462 1138
3400 2 2 5 1 2850 2849 2851
3401 2 2 5 1 2841 2840 2842
3402 2 2 5 1 1900 2107 2636
3403 2 2 5 1 3076 254 3079
3404 2 2 5 1 239 240 3043
3405 2 2 5 1 1160 1339 1366
3406 2 2 5 1 1634 2722 4190
3407 2 2 5 1 1453 1899 1900
3408 2 2 5 1 1496 3635 3663
3409 2 2 5 1 721 722 768
3410 2 2 5 1 768 769 1678
3411 2 2 5 1 1596 1597 1598
3412 2 2 5 1 1901 2641 3028
3413 2 2 5 1 1058 1057 1156
3414 2 2 5 1 698 623 3175
3415 2 2 5 1 437 435 3005
3416 2 2 5 1 1307 1309 3057
3417 2 2 5 1 777 1841 3107
3418 2 2 5 1 1929 1930 1931
3419 2 2 5 1 1365 1290 1674
3420 2 2 5 1 400 398 3371
3421 2 2 5 1 292 293 359
3422 2 2 5 1 310 311 360
3423 2 2 5 1 668 485 3743
3424 2 2 5 1 1322 1019 3189
3425 2 2 5 1 3346 2729 3493
3426 2 2 5 1 719 715 1626
3427 2 2 5 1 1623 1666 2111
3428 2 2 5 1 1757 1848 1849
3429 2 2 5 1 2847 2964 2965
3430 2 2 5 1 2409 2410 2411
3431 2 2 5 1 1919 2225 2269
3432 2 2 5 1 1076 1077 1080
3433 2 2 5 1 1402 1404 1405
3434 2 2 5 1 1648 2282 2662
3435 2 2 5 1 1912 1727 1913
3436 2 2 5 1 1415 1416 1417
3437 2 2 5 1 886 888 889
3438 2 2 5 1 2916 2500 2943
3439 2 2 5 1 1978 1977 1979
3440 2 2 5 1 960 1053 3166
3441 2 2 5 1 813 812 814
3442 2 2 5 1 1247 1307 3105
3443 2 2 5 1 897 870 898
3444 2 2 5 1 2616 2520 4421
3445 2 2 5 1 324 325 2899
3446 2 2 5 1 968 1551 1552
3447 2 2 5 1 1604 1603 1605
3448 2 2 5 1 302 303 396
3449 2 2 5 1 300 301 395
3450 2 2 5 1 1044 1235 1436
3451 2 2 5 1 1722 1361 2167
3452 2 2 5 1 1122 1120 1123
3453 2 2 5 1 1434 1441 1562
3454 2 2 5 1 1267 1685 1929
3455 2 2 5 1 2615 1874 3046
3456 2 2 5 1 1015 1092 1093
3457 2 2 5 1 1169 2859 3782
3458 2 2 5 1 1474 1475 1476
3459 2 2 5 1 1683 1626 2094
3460 2 2 5 1 1074 1075 1076
3461 2 2 5 1 233 234 3034
3462 2 2 5 1 1491 4050 4100
3463 2 2 5 1 552 554 3393
3464 2 2 5 1 1955 3082 3515
3465 2 2 5 1 1874 1650 3455
3466 2 2 5 1 1264 1253 3183
3467 2 2 5 1 3464 3465 3466
3468 2 2 5 1 2552 1853 2553
3469 2 2 5 1 1129 1127 1130
3470 2 2 5 1 910 1014 1015
3471 2 2 5 1 1107 1440 2128
3472 2 2 5 1 2908 3118 3676
3473 2 2 5 1 307 308 365
3474 2 2 5 1 295 296 364
3475 2 2 5 1 3216 1917 3230
3476 2 2 5 1 2822 2823 2824
3477 2 2 5 1 304 305 372
3478 2 2 5 1 298 299 371
3479 2 2 5 1 1732 1734 1744
3480 2 2 5 1 1020 1189 1296
3481 2 2 5 1 1053 1191 3051
3482 2 2 5 1 1652 1369 2627
3483 2 2 5 1 1598 1599 1600
3484 2 2 5 1 1091 1166 1167
3485 2 2 5 1 441 439 1029
3486 2 2 5 1 1309 1311 1813
3487 2 2 5 1 2694 2692 3486
3488 2 2 5 1 1199 1181 4125
3489 2 2 5 1 3018 1131 3019
3490 2 2 5 1 2572 2000 2573
3491 2 2 5 1 1410 1806 1808
3492 2 2 5 1 2762 2763 2764
3493 2 2 5 1 1191 1384 1623
3494 2 2 5 1 787 806 807
3495 2 2 5 1 1330 1414 1415
3496 2 2 5 1 3182 2552 4481
3497 2 2 5 1 438 1153 3005
3498 2 2 5 1 444 448 3334
3499 2 2 5 1 685 684 686
3500 2 2 5 1 1579 1643 1860
3501 2 2 5 1 274 275 3023
3502 2 2 5 1 1606 1605 1607
3503 2 2 5 1 856 854 4450
3504 2 2 5 1 2649 2653 3249
3505 2 2 5 1 1877 1995 3757
3506 2 2 5 1 1735 1736 1737
3507 2 2 5 1 232 233 362
3508 2 2 5 1 252 253 363
3509 2 2 5 1 506 505 508
3510 2 2 5 1 880 881 910
3511 2 2 5 1 2157 2158 2159
3512 2 2 5 1 1854 1360 3110
3513 2 2 5 1 1744 1898 2486
3514 2 2 5 1 2459 3148 3149
3515 2 2 5 1 1661 1663 3052
3516 2 2 5 1 663 664 720
3517 2 2 5 1 1008 1158 3935
3518 2 2 5 1 1868 2896 3323
3519 2 2 5 1 3364 3381 3904
3520 2 2 5 1 552 553 554
3521 2 2 5 1 1006 1004 4365
3522 2 2 5 1 888 2697 3786
3523 2 2 5 1 463 697 3581
3524 2 2 5 1 644 1829 3139
3525 2 2 5 1 1311 1568 3099
3526 2 2 5 1 964 1279 1280
3527 2 2 5 1 1806 1807 3235
3528 2 2 5 1 1263 603 3176
3529 2 2 5 1 3472 1312 3572
3530 2 2 5 1 981 894 1057
3531 2 2 5 1 2759 2761 2762
3532 2 2 5 1 4297 2486 4500
3533 2 2 5 1 963 2756 2757
3534 2 2 5 1 2796 2360 4148
3535 2 2 5 1 1368 1185 1369
3536 2 2 5 1 2679 2678 3165
3537 2 2 5 1 3566 3565 3749
3538 2 2 5 1 3048 1322 3189
3539 2 2 5 1 651 658 663
3540 2 2 5 1 700 698 1567
3541 2 2 5 1 681 682 3251
3542 2 2 5 1 2681 3183 4001
3543 2 2 5 1 3307 3781 4153
3544 2 2 5 1 1920 2320 2729
3545 2 2 5 1 434 435 437
3546 2 2 5 1 229 230 370
3547 2 2 5 1 255 256 369
3548 2 2 5 1 1445 2788 2790
3549 2 2 5 1 1980 1979 1981
3550 2 2 5 1 1568 1838 1839
3551 2 2 5 1 1715 1667 3345
3552 2 2 5 1 841 840 868
3553 2 2 5 1 4237 2580 4373
3554 2 2 5 1 875 933 2091
3555 2 2 5 1 2223 1299 3103
3556 2 2 5 1 1895 1560 1896
3557 2 2 5 1 2974 702 3188
3558 2 2 5 1 1860 1861 2797
3559 2 2 5 1 228 229 3085
3560 2 2 5 1 1307 3057 3105
3561 2 2 5 1 2019 4115 4513
3562 2 2 5 1 1355 1558 1645
3563 2 2 5 1 687 686 688
3564 2 2 5 1 2270 3589 3794
3565 2 2 5 1 3159 3252 3372
3566 2 2 5 1 2757 2758 2759
3567 2 2 5 1 746 822 964
3568 2 2 5 1 2976 2977 2978
3569 2 2 5 1 372 3172 3173
3570 2 2 5 1 635 532 636
3571 2 2 5 1 2510 1986 3723
3572 2 2 5 1 3091 2344 4146
3573 2 2 5 1 2135 1713 2136
3574 2 2 5 1 227 228 392
3575 2 2 5 1 257 258 391
3576 2 2 5 1 725 708 1592
3577 2 2 5 1 2303 3532 4211
3578 2 2 5 1 348 2975 2976
3579 2 2 5 1 295 364 3171
3580 2 2 5 1 2133 4028 4178
3581 2 2 5 1 2957 383 2960
3582 2 2 5 1 1988 1563 1989
3583 2 2 5 1 1148 1380 1735
3584 2 2 5 1 229 370 3085
3585 2 2 5 1 435 438 3005
3586 2 2 5 1 398 397 3141
3587 2 2 5 1 292 359 3095
3588 2 2 5 1 360 311 3097
3589 2 2 5 1 2200 1987 2298
3590 2 2 5 1 329 330 3036
3591 2 2 5 1 1719 1845 4502
3592 2 2 5 1 1568 1839 3099
3593 2 2 5 1 3252 1610 3372
3594 2 2 5 1 1146 1270 3198
3595 2 2 5 1 3078 3076 3079
3596 2 2 5 1 2836 527 4106
3597 2 2 5 1 1428 1427 1429
3598 2 2 5 1 390 3306 3307
3599 2 2 5 1 1278 1617 1618
3600 2 2 5 1 690 688 691
3601 2 2 5 1 1176 1177 1178
3602 2 2 5 1 1645 1786 1787
3603 2 2 5 1 392 228 3085
3604 2 2 5 1 740 800 928
3605 2 2 5 1 369 256 3109
3606 2 2 5 1 1167 1208 1209
3607 2 2 5 1 922 923 924
3608 2 2 5 1 815 814 816
3609 2 2 5 1 1461 1817 1920
3610 2 2 5 1 3832 3572 4037
3611 2 2 5 1 807 808 809
3612 2 2 5 1 1608 1607 1609
3613 2 2 5 1 294 295 3171
3614 2 2 5 1 3348 2986 4068
3615 2 2 5 1 2071 2070 2073
3616 2 2 5 1 777 778 943
3617 2 2 5 1 1003 1004 1005
3618 2 2 5 1 2790 2788 3064
3619 2 2 5 1 237 238 3132
3620 2 2 5 1 573 574 575
3621 2 2 5 1 1982 1981 1983
3622 2 2 5 1 1882 1881 1883
3623 2 2 5 1 3151 3150 3858
3624 2 2 5 1 1348 3122 4137
3625 2 2 5 1 257 391 3109
3626 2 2 5 1 2285 2772 4194
3627 2 2 5 1 3962 1059 3979
3628 2 2 5 1 1772 1674 2185
3629 2 2 5 1 447 656 775
3630 2 2 5 1 1132 1130 1133
3631 2 2 5 1 554 556 3503
3632 2 2 5 1 1164 1162 1800
3633 2 2 5 1 2450 2451 2452
3634 2 2 5 1 2693 3129 3131
3635 2 2 5 1 1303 2340 3237
3636 2 2 5 1 711 713 968
3637 2 2 5 1 1301 1233 3689
3638 2 2 5 1 352 336 3244
3639 2 2 5 1 2168 2167 3045
3640 2 2 5 1 272 273 3042
3641 2 2 5 1 771 773 777
3642 2 2 5 1 20 1890 3783
3643 2 2 5 1 783 767 784
3644 2 2 5 1 2269 2225 2270
3645 2 2 5 1 2482 3962 3979
3646 2 2 5 1 2206 1781 2207
3647 2 2 5 1 2603 1747 4307
3648 2 2 5 1 1209 1370 1371
3649 2 2 5 1 3152 3151 3153
3650 2 2 5 1 692 691 693
3651 2 2 5 1 3037 2843 3134
3652 2 2 5 1 2850 2851 3120
3653 2 2 5 1 2724 364 4154
3654 2 2 5 1 3236 346 4147
3655 2 2 5 1 2095 2730 3940
3656 2 2 5 1 2110 2556 2557
3657 2 2 5 1 3578 4025 4042
3658 2 2 5 1 345 237 3132
3659 2 2 5 1 425 487 488
3660 2 2 5 1 1100 1221 1222
3661 2 2 5 1 3422 2577 3716
3662 2 2 5 1 2982 2981 3204
3663 2 2 5 1 1077 1079 3238
3664 2 2 5 1 1549 2100 3108
3665 2 2 5 1 4049 2638 4326
3666 2 2 5 1 488 489 490
3667 2 2 5 1 818 816 819
3668 2 2 5 1 3294 2638 4049
3669 2 2 5 1 1668 1809 1857
3670 2 2 5 1 1583 1585 1586
3671 2 2 5 1 2161 1989 2230
3672 2 2 5 1 1780 2336 3044
3673 2 2 5 1 567 566 568
3674 2 2 5 1 291 292 3095
3675 2 2 5 1 311 312 3097
3676 2 2 5 1 1282 1582 1583
3677 2 2 5 1 943 944 1668
3678 2 2 5 1 603 599 3176
3679 2 2 5 1 538 537 539
3680 2 2 5 1 3753 3699 3849
3681 2 2 5 1 2600 2601 2602
3682 2 2 5 1 1502 3411 4396
3683 2 2 5 1 1969 1970 2630
3684 2 2 5 1 842 819 843
3685 2 2 5 1 1324 1301 4000
3686 2 2 5 1 1385 1360 1386
3687 2 2 5 1 970 675 3363
3688 2 2 5 1 695 726 3779
3689 2 2 5 1 509 508 510
3690 2 2 5 1 1224 1227 1364
3691 2 2 5 1 256 257 3109
3692 2 2 5 1 1682 1264 3183
3693 2 2 5 1 1172 1041 4466
3694 2 2 5 1 996 994 4116
3695 2 2 5 1 1711 1955 2110
3696 2 2 5 1 1600 1601 1602
3697 2 2 5 1 1771 2002 3016
3698 2 2 5 1 1912 1913 2734
3699 2 2 5 1 1612 1609 1706
3700 2 2 5 1 2258 2656 4253
3701 2 2 5 1 2678 2680 2681
3702 2 2 5 1 1479 1480 1483
3703 2 2 5 1 1919 2269 3230
3704 2 2 5 1 671 670 672
3705 2 2 5 1 1223 519 3864
3706 2 2 5 1 2280 2279 2347
3707 2 2 5 1 1959 2329 2904
3708 2 2 5 1 4249 2109 4354
3709 2 2 5 1 1899 3104 3202
3710 2 2 5 1 3170 294 3171
3711 2 2 5 1 2917 2911 2918
3712 2 2 5 1 347 2907 4200
3713 2 2 5 1 511 513 4410
3714 2 2 5 1 883 843 884
3715 2 2 5 1 1156 2672 4161
3716 2 2 5 1 695 693 696
3717 2 2 5 1 511 510 512
3718 2 2 5 1 1417 1418 1419
3719 2 2 5 1 590 589 591
3720 2 2 5 1 1931 1932 1933
3721 2 2 5 1 2883 2884 3221
3722 2 2 5 1 1136 1135 1137
3723 2 2 5 1 3327 2181 4022
3724 2 2 5 1 1079 1086 1412
3725 2 2 5 1 1578 1969 3316
3726 2 2 5 1 1332 1143 3471
3727 2 2 5 1 2888 2887 4151
3728 2 2 5 1 2290 3320 4041
3729 2 2 5 1 980 939 2853
3730 2 2 5 1 1320 1318 2582
3731 2 2 5 1 1089 2661 3255
3732 2 2 5 1 4142 1762 4279
3733 2 2 5 1 1511 1509 3944
3734 2 2 5 1 2551 2550 4383
3735 2 2 5 1 989 990 993
3736 2 2 5 1 1919 2224 2225
3737 2 2 5 1 2540 1791 2988
3738 2 2 5 1 2159 2160 2208
3739 2 2 5 1 1578 1968 1969
3740 2 2 5 1 2198 4049 4326
3741 2 2 5 1 1359 1194 1360
3742 2 2 5 1 1549 1676 2100
3743 2 2 5 1 3671 3325 4287
3744 2 2 5 1 1152 1272 1355
3745 2 2 5 1 2100 2101 2297
3746 2 2 5 1 1873 1650 1874
3747 2 2 5 1 379 313 3416
3748 2 2 5 1 1303 1810 2340
3749 2 2 5 1 1732 1744 3480
3750 2 2 5 1 1068 1070 3197
3751 2 2 5 1 450 451 452
3752 2 2 5 1 1387 1386 1388
3753 2 2 5 1 2250 1874 2615
3754 2 2 5 1 1066 1065 1067
3755 2 2 5 1 2207 1781 3203
3756 2 2 5 1 1547 1549 3108
3757 2 2 5 1 2233 3019 4059
3758 2 2 5 1 1907 3732 3866
3759 2 2 5 1 1167 1166 1208
3760 2 2 5 1 1430 1429 1431
3761 2 2 5 1 2208 2209 3270
3762 2 2 5 1 1917 1918 1919
3763 2 2 5 1 625 624 626
3764 2 2 5 1 331 332 3055
3765 2 2 5 1 353 2644 4185
3766 2 2 5 1 2192 2481 2563
3767 2 2 5 1 809 810 811
3768 2 2 5 1 732 704 733
3769 2 2 5 1 1728 2332 2333
3770 2 2 5 1 1839 1838 2511
3771 2 2 5 1 2794 2793 2795
3772 2 2 5 1 1787 2283 2284
3773 2 2 5 1 875 2091 3167
3774 2 2 5 1 365 308 3178
3775 2 2 5 1 1222 1367 1925
3776 2 2 5 1 2086 3180 3181
3777 2 2 5 1 784 767 4315
3778 2 2 5 1 2270 2484 2621
3779 2 2 5 1 2577 1018 3514
3780 2 2 5 1 513 512 534
3781 2 2 5 1 3465 3640 3765
3782 2 2 5 1 1318 1064 3278
3783 2 2 5 1 490 491 492
3784 2 2 5 1 535 534 645
3785 2 2 5 1 1935 1936 1937
3786 2 2 5 1 372 305 3172
3787 2 2 5 1 1911 1912 2086
3788 2 2 5 1 2678 2681 3165
3789 2 2 5 1 1911 1727 1912
3790 2 2 5 1 1364 1962 2179
3791 2 2 5 1 2815 2812 2858
3792 2 2 5 1 876 782 877
3793 2 2 5 1 1569 1388 1570
3794 2 2 5 1 2179 1962 3014
3795 2 2 5 1 4025 2457 4485
3796 2 2 5 1 673 672 674
3797 2 2 5 1 1649 1305 1650
3798 2 2 5 1 3122 1348 4401
3799 2 2 5 1 1153 4131 4479
3800 2 2 5 1 1242 1459 3104
3801 2 2 5 1 2847 1673 2964
3802 2 2 5 1 2326 2571 4329
3803 2 2 5 1 1877 1878 1995
3804 2 2 5 1 2576 2577 3422
3805 2 2 5 1 2573 3164 3906
3806 2 2 5 1 308 309 3178
3807 2 2 5 1 2153 1959 2904
3808 2 2 5 1 1903 1904 1905
3809 2 2 5 1 1591 1589 3195
3810 2 2 5 1 1128 3246 3394
3811 2 2 5 1 2211 2213 3263
3812 2 2 5 1 3246 3105 3394
3813 2 2 5 1 2813 2816 2818
3814 2 2 5 1 1229 1030 1230
3815 2 2 5 1 1688 1902 1903
3816 2 2 5 1 396 303 3154
3817 2 2 5 1 300 395 3155
3818 2 2 5 1 1012 1032 1033
3819 2 2 5 1 1293 1630 3163
3820 2 2 5 1 1082 2598 2599
3821 2 2 5 1 1053 3051 3166
3822 2 2 5 1 1036 1034 1037
3823 2 2 5 1 1798 1591 1799
3824 2 2 5 1 2153 2904 2905
3825 2 2 5 1 983 970 1952
3826 2 2 5 1 1718 1543 3241
3827 2 2 5 1 1186 403 1409
3828 2 2 5 1 305 306 3172
3829 2 2 5 1 2206 2207 2257
3830 2 2 5 1 1791 1960 2988
3831 2 2 5 1 3218 2013 3978
3832 2 2 5 1 1905 1906 1907
3833 2 2 5 1 531 532 635
3834 2 2 5 1 851 855 2952
3835 2 2 5 1 2086 1912 3180
3836 2 2 5 1 304 372 3154
3837 2 2 5 1 371 299 3155
3838 2 2 5 1 1656 1655 1657
3839 2 2 5 1 1737 2719 2720
3840 2 2 5 1 1726 1346 1727
3841 2 2 5 1 947 847 1217
3842 2 2 5 1 1325 1324 1326
3843 2 2 5 1 2162 1147 2163
3844 2 2 5 1 775 776 791
3845 2 2 5 1 1957 3603 4123
3846 2 2 5 1 2209 2214 3270
3847 2 2 5 1 1780 1953 2336
3848 2 2 5 1 1767 1449 1987
3849 2 2 5 1 1124 1125 1126
3850 2 2 5 1 892 753 4334
3851 2 2 5 1 2105 2007 2584
3852 2 2 5 1 1438 1859 1917
3853 2 2 5 1 388 3088 3089
3854 2 2 5 1 1573 1572 1574
3855 2 2 5 1 3240 4207 4411
3856 2 2 5 1 1327 1326 1328
3857 2 2 5 1 3181 391 3523
3858 2 2 5 1 484 515 3199
3859 2 2 5 1 2270 2225 2484
3860 2 2 5 1 2276 2750 4503
3861 2 2 5 1 1589 1587 2288
3862 2 2 5 1 4165 2545 4356
3863 2 2 5 1 4062 3212 4063
3864 2 2 5 1 1247 1306 1307
3865 2 2 5 1 3478 2577 3514
3866 2 2 5 1 2864 375 3557
3867 2 2 5 1 2631 2130 4233
3868 2 2 5 1 734 733 735
3869 2 2 5 1 4107 1691 4440
3870 2 2 5 1 1122 1123 1124
3871 2 2 5 1 4044 3779 4395
3872 2 2 5 1 675 674 676
3873 2 2 5 1 266 351 3306
3874 2 2 5 1 901 900 902
3875 2 2 5 1 3709 2456 3736
3876 2 2 5 1 2650 2649 3449
3877 2 2 5 1 592 591 597
3878 2 2 5 1 1567 698 3175
3879 2 2 5 1 1849 1959 2153
3880 2 2 5 1 1791 1684 1960
3881 2 2 5 1 495 2829 3604
3882 2 2 5 1 270 271 3086
3883 2 2 5 1 452 453 454
3884 2 2 5 1 3253 1984 3254
3885 2 2 5 1 1987 3478 3514
3886 2 2 5 1 303 304 3154
3887 2 2 5 1 299 300 3155
3888 2 2 5 1 2113 2115 3605
3889 2 2 5 1 2719 2341 4337
3890 2 2 5 1 953 951 955
3891 2 2 5 1 981 1057 1058
3892 2 2 5 1 476 478 4120
3893 2 2 5 1 1654 2228 2236
3894 2 2 5 1 1068 1067 1069
3895 2 2 5 1 1575 1180 1971
3896 2 2 5 1 1658 1657 1659
3897 2 2 5 1 1362 1328 1363
3898 2 2 5 1 1595 1594 1596
3899 2 2 5 1 293 294 3170
3900 2 2 5 1 399 401 2622
3901 2 2 5 1 443 441 2994
3902 2 2 5 1 646 636 779
3903 2 2 5 1 1096 1095 1097
3904 2 2 5 1 606 1876 4266
3905 2 2 5 1 3909 2418 4476
3906 2 2 5 1 454 455 456
3907 2 2 5 1 1887 1886 4274
3908 2 2 5 1 2970 1973 3840
3909 2 2 5 1 1546 1404 3192
3910 2 2 5 1 1291 3163 3599
3911 2 2 5 1 1602 1603 1604
3912 2 2 5 1 2234 1881 4039
3913 2 2 5 1 3849 2373 4428
3914 2 2 5 1 1374 1363 1375
3915 2 2 5 1 3534 3577 4042
3916 2 2 5 1 962 955 965
3917 2 2 5 1 1058 1156 1185
3918 2 2 5 1 2987 2249 3177
3919 2 2 5 1 540 539 541
3920 2 2 5 1 1366 1339 1684
3921 2 2 5 1 2370 3392 3991
3922 2 2 5 1 791 792 795
3923 2 2 5 1 2772 2773 4417
3924 2 2 5 1 1943 1338 2791
3925 2 2 5 1 569 568 570
3926 2 2 5 1 509 661 3200
3927 2 2 5 1 1641 1375 1642
3928 2 2 5 1 850 851 2952
3929 2 2 5 1 2822 2815 2823
3930 2 2 5 1 1042 965 1043
3931 2 2 5 1 1579 1860 3300
3932 2 2 5 1 2118 2117 2119
3933 2 2 5 1 3163 3271 4099
3934 2 2 5 1 878 877 1025
3935 2 2 5 1 1368 1369 1652
3936 2 2 5 1 1630 1840 1996
3937 2 2 5 1 2511 1838 2512
3938 2 2 5 1 700 1567 3188
3939 2 2 5 1 785 3778 3779
3940 2 2 5 1 1393 1219 1394
3941 2 2 5 1 3051 1623 3828
3942 2 2 5 1 1126 1127 1129
3943 2 2 5 1 2213 2468 2587
3944 2 2 5 1 1919 1918 2224
3945 2 2 5 1 1660 1659 1661
3946 2 2 5 1 1730 1554 1731
3947 2 2 5 1 2 3 3969
3948 2 2 5 1 3584 3063 4245
3949 2 2 5 1 468 465 1680
3950 2 2 5 1 1103 1028 1233
3951 2 2 5 1 1766 1622 1831
3952 2 2 5 1 1741 1740 2233
3953 2 2 5 1 337 389 3244
3954 2 2 5 1 1564 1371 3044
3955 2 2 5 1 3228 1039 4058
3956 2 2 5 1 3073 3362 3648
3957 2 2 5 1 780 779 846
3958 2 2 5 1 924 925 926
3959 2 2 5 1 3023 3024 3370
3960 2 2 5 1 1302 1301 1324
3961 2 2 5 1 719 1626 1683
3962 2 2 5 1 1335 652 1655
3963 2 2 5 1 1310 1308 1536
3964 2 2 5 1 1397 1396 1398
3965 2 2 5 1 2462 3593 3931
3966 2 2 5 1 2224 2724 2996
3967 2 2 5 1 359 293 3170
3968 2 2 5 1 3343 2560 3966
3969 2 2 5 1 1311 1346 1568
3970 2 2 5 1 2774 3625 4105
3971 2 2 5 1 748 749 750
3972 2 2 5 1 926 927 957
3973 2 2 5 1 1988 1989 2161
3974 2 2 5 1 2629 4150 4272
3975 2 2 5 1 3100 1475 4009
3976 2 2 5 1 2962 1994 3778
3977 2 2 5 1 1618 1617 1836
3978 2 2 5 1 1568 1726 1838
3979 2 2 5 1 1317 1316 1453
3980 2 2 5 1 1315 1243 1316
3981 2 2 5 1 1098 1097 1242
3982 2 2 5 1 2209 2211 2214
3983 2 2 5 1 1953 2206 2479
3984 2 2 5 1 1622 1331 3261
3985 2 2 5 1 1953 1781 2206
3986 2 2 5 1 1395 1394 1396
3987 2 2 5 1 1709 2514 2588
3988 2 2 5 1 575 576 577
3989 2 2 5 1 2873 2875 3505
3990 2 2 5 1 1205 1043 1206
3991 2 2 5 1 1568 1346 1726
3992 2 2 5 1 2749 1297 3590
3993 2 2 5 1 102 101 2909
3994 2 2 5 1 4203 3434 4251
3995 2 2 5 1 415 413 662
3996 2 2 5 1 1604 1605 1606
3997 2 2 5 1 1331 1143 1332
3998 2 2 5 1 1972 1971 2273
3999 2 2 5 1 2679 3309 4235
4000 2 2 5 1 472 473 474
4001 2 2 5 1 1726 1727 1911
4002 2 2 5 1 1373 1299 2222
4003 2 2 5 1 1502 3410 3411
4004 2 2 5 1 2239 1748 2291
4005 2 2 5 1 1234 1233 1301
4006 2 2 5 1 2236 2237 2745
4007 2 2 5 1 1129 1130 1132
4008 2 2 5 1 1259 2670 3359
4009 2 2 5 1 2382 2383 4451
4010 2 2 5 1 1547 3108 3344
4011 2 2 5 1 1586 2771 4489
4012 2 2 5 1 1133 1135 1136
4013 2 2 5 1 362 3034 3457
4014 2 2 5 1 1350 1206 1351
4015 2 2 5 1 1309 1310 1311
4016 2 2 5 1 1052 961 3106
4017 2 2 5 1 1577 1351 2349
4018 2 2 5 1 693 1644 3296
4019 2 2 5 1 811 812 813
4020 2 2 5 1 1307 1308 1309
4021 2 2 5 1 1209 1208 1370
4022 2 2 5 1 1623 1384 1666
4023 2 2 5 1 3339 1765 3488
4024 2 2 5 1 1969 2630 3179
4025 2 2 5 1 3160 3159 3161
4026 2 2 5 1 412 414 4297
4027 2 2 5 1 1588 1590 2127
4028 2 2 5 1 1371 1370 1780
4029 2 2 5 1 2400 2402 4508
4030 2 2 5 1 513 535 4158
4031 2 2 5 1 726 696 727
4032 2 2 5 1 354 2982 2983
4033 2 2 5 1 3149 3150 3151
4034 2 2 5 1 921 918 2625
4035 2 2 5 1 1311 1310 1346
4036 2 2 5 1 569 571 4174
4037 2 2 5 1 1606 1607 1608
4038 2 2 5 1 2224 1918 2724
4039 2 2 5 1 903 902 904
4040 2 2 5 1 764 873 4329
4041 2 2 5 1 4059 3955 4191
4042 2 2 5 1 1912 2734 3180
4043 2 2 5 1 1208 1166 1210
4044 2 2 5 1 3935 1158 4084
4045 2 2 5 1 1399 1398 1400
4046 2 2 5 1 1961 3370 3732
4047 2 2 5 1 2991 820 4291
4048 2 2 5 1 608 603 1263
4049 2 2 5 1 952 954 1239
4050 2 2 5 1 1026 1025 1168
4051 2 2 5 1 571 570 572
4052 2 2 5 1 2288 1587 3266
4053 2 2 5 1 3884 2540 3994
4054 2 2 5 1 766 767 783
4055 2 2 5 1 3045 1334 3766
4056 2 2 5 1 267 268 3133
4057 2 2 5 1 2400 2401 2402
4058 2 2 5 1 1815 1976 1977
4059 2 2 5 1 1896 1897 2638
4060 2 2 5 1 1091 1165 1166
4061 2 2 5 1 1917 1859 1918
4062 2 2 5 1 1683 2094 2903
4063 2 2 5 1 3197 1213 4506
4064 2 2 5 1 1579 1446 1643
4065 2 2 5 1 795 796 797
4066 2 2 5 1 1291 1293 3163
4067 2 2 5 1 2751 1793 4503
4068 2 2 5 1 743 494 3093
4069 2 2 5 1 1956 3006 3061
4070 2 2 5 1 1251 1252 1337
4071 2 2 5 1 484 514 515
4072 2 2 5 1 1649 1650 1873
4073 2 2 5 1 1228 1557 2247
4074 2 2 5 1 749 805 4098
4075 2 2 5 1 1995 2138 2254
4076 2 2 5 1 774 772 1109
4077 2 2 5 1 2301 2473 2665
4078 2 2 5 1 3496 3494 3499
4079 2 2 5 1 513 4234 4410
4080 2 2 5 1 1675 1548 1677
4081 2 2 5 1 1392 1814 1815
4082 2 2 5 1 2120 2119 2121
4083 2 2 5 1 964 822 1279
4084 2 2 5 1 968 713 1551
4085 2 2 5 1 931 930 3426
4086 2 2 5 1 2289 1946 2290
4087 2 2 5 1 946 3185 3374
4088 2 2 5 1 2446 3918 4083
4089 2 2 5 1 1780 1370 1781
4090 2 2 5 1 1280 1279 1461
4091 2 2 5 1 2150 2771 2971
4092 2 2 5 1 1293 1450 1630
4093 2 2 5 1 1314 1679 1788
4094 2 2 5 1 1241 3504 3530
4095 2 2 5 1 3050 2309 3675
4096 2 2 5 1 2537 1831 3951
4097 2 2 5 1 1873 1874 2250
4098 2 2 5 1 1780 1781 1953
4099 2 2 5 1 2300 2299 4231
4100 2 2 5 1 1920 1817 2320
4101 2 2 5 1 632 3393 3856
4102 2 2 5 1 938 889 939
4103 2 2 5 1 2785 426 3454
4104 2 2 5 1 2100 1676 2101
4105 2 2 5 1 4045 2511 4338
4106 2 2 5 1 1348 1230 1349
4107 2 2 5 1 1371 1780 3044
4108 2 2 5 1 813 814 815
4109 2 2 5 1 1239 1240 1560
4110 2 2 5 1 3158 1638 3159
4111 2 2 5 1 905 904 906
4112 2 2 5 1 1859 1563 1988
4113 2 2 5 1 846 911 3308
4114 2 2 5 1 1910 1909 1994
4115 2 2 5 1 1344 1751 3387
4116 2 2 5 1 2343 3415 3508
4117 2 2 5 1 4057 2338 4472
4118 2 2 5 1 1722 2167 2168
4119 2 2 5 1 1298 1238 1299
4120 2 2 5 1 386 3023 3370
4121 2 2 5 1 2971 2333 3272
4122 2 2 5 1 1309 1308 1310
4123 2 2 5 1 1732 1731 1734
4124 2 2 5 1 1552 1551 1724
4125 2 2 5 1 721 645 722
4126 2 2 5 1 1373 2222 2355
4127 2 2 5 1 2640 2642 3240
4128 2 2 5 1 2625 2274 4126
4129 2 2 5 1 663 658 664
4130 2 2 5 1 1770 1409 1771
4131 2 2 5 1 750 751 752
4132 2 2 5 1 1406 1405 1407
4133 2 2 5 1 1704 2614 3974
4134 2 2 5 1 3592 2659 4247
4135 2 2 5 1 1247 1305 1306
4136 2 2 5 1 1136 1137 1250
4137 2 2 5 1 993 994 995
4138 2 2 5 1 604 2725 4238
4139 2 2 5 1 1788 1867 2194
4140 2 2 5 1 2294 3634 3635
4141 2 2 5 1 3654 3653 3655
4142 2 2 5 1 3516 868 3763
4143 2 2 5 1 1307 1306 1308
4144 2 2 5 1 1784 1783 1954
4145 2 2 5 1 1860 1643 1861
4146 2 2 5 1 3686 3670 3868
4147 2 2 5 1 2950 217 4393
4148 2 2 5 1 1570 1572 1573
4149 2 2 5 1 1608 1609 1612
4150 2 2 5 1 3069 3070 3570
4151 2 2 5 1 554 555 556
4152 2 2 5 1 1583 1582 1585
4153 2 2 5 1 3284 3285 3286
4154 2 2 5 1 1937 1938 1939
4155 2 2 5 1 992 3565 3566
4156 2 2 5 1 3202 1778 3226
4157 2 2 5 1 1373 2355 2356
4158 2 2 5 1 3479 909 3683
4159 2 2 5 1 948 950 1354
4160 2 2 5 1 1170 2828 3335
4161 2 2 5 1 1969 1968 1970
4162 2 2 5 1 979 939 980
4163 2 2 5 1 2718 1908 3169
4164 2 2 5 1 2797 1861 2798
4165 2 2 5 1 1283 1264 1682
4166 2 2 5 1 1612 1706 1777
4167 2 2 5 1 736 735 737
4168 2 2 5 1 1586 1585 1728
4169 2 2 5 1 1022 1090 1091
4170 2 2 5 1 1438 1241 1563
4171 2 2 5 1 1296 1189 1389
4172 2 2 5 1 3399 921 3899
4173 2 2 5 1 3773 2099 3899
4174 2 2 5 1 934 1021 1022
4175 2 2 5 1 1983 2174 2235
4176 2 2 5 1 1245 1246 1247
4177 2 2 5 1 2179 3014 4022
4178 2 2 5 1 3141 373 3442
4179 2 2 5 1 969 2837 3789
4180 2 2 5 1 2218 2217 2219
4181 2 2 5 1 3746 2297 3914
4182 2 2 5 1 390 265 3306
4183 2 2 5 1 1760 2363 3112
4184 2 2 5 1 3217 2873 3505
4185 2 2 5 1 1799 1591 3195
4186 2 2 5 1 3239 2513 4299
4187 2 2 5 1 965 1195 3739
4188 2 2 5 1 1830 1677 1842
4189 2 2 5 1 1105 980 1107
4190 2 2 5 1 1165 1090 1241
4191 2 2 5 1 1982 1984 3253
4192 2 2 5 1 818 819 842
4193 2 2 5 1 1438 1563 1859
4194 2 2 5 1 2429 3909 4476
4195 2 2 5 1 1683 2903 3294
4196 2 2 5 1 598 597 600
4197 2 2 5 1 1385 1386 1387
4198 2 2 5 1 907 906 908
4199 2 2 5 1 492 493 494
4200 2 2 5 1 442 444 3334
4201 2 2 5 1 1574 1594 1595
4202 2 2 5 1 1649 1873 1922
4203 2 2 5 1 2252 2088 3800
4204 2 2 5 1 4093 3092 4181
4205 2 2 5 1 1744 1734 1898
4206 2 2 5 1 1408 1407 2319
4207 2 2 5 1 842 843 883
4208 2 2 5 1 815 816 818
4209 2 2 5 1 1245 1132 1246
4210 2 2 5 1 801 741 802
4211 2 2 5 1 1247 1246 1305
4212 2 2 5 1 1798 1799 2513
4213 2 2 5 1 1538 1540 3143
4214 2 2 5 1 1535 4078 4499
4215 2 2 5 1 1377 1827 2970
4216 2 2 5 1 884 886 3318
4217 2 2 5 1 458 460 3050
4218 2 2 5 1 777 773 778
4219 2 2 5 1 1387 1388 1569
4220 2 2 5 1 621 616 653
4221 2 2 5 1 768 722 769
4222 2 2 5 1 1818 1462 1998
4223 2 2 5 1 2356 2357 2358
4224 2 2 5 1 1727 1346 3191
4225 2 2 5 1 1306 1305 1649
4226 2 2 5 1 898 870 3754
4227 2 2 5 1 1245 3105 3246
4228 2 2 5 1 2982 3204 3205
4229 2 2 5 1 542 541 543
4230 2 2 5 1 2356 2355 2357
4231 2 2 5 1 2464 4300 4483
4232 2 2 5 1 1596 1598 1638
4233 2 2 5 1 488 487 489
4234 2 2 5 1 474 475 476
4235 2 2 5 1 2824 2823 2826
4236 2 2 5 1 490 489 491
4237 2 2 5 1 2235 2278 2736
4238 2 2 5 1 839 802 894
4239 2 2 5 1 2596 2597 3990
4240 2 2 5 1 880 666 881
4241 2 2 5 1 1419 1420 1421
4242 2 2 5 1 1316 1243 3104
4243 2 2 5 1 2765 2764 2766
4244 2 2 5 1 1359 1360 1385
4245 2 2 5 1 2686 2685 2695
4246 2 2 5 1 4047 476 4120
4247 2 2 5 1 1929 1685 1930
4248 2 2 5 1 1110 1109 1111
4249 2 2 5 1 1298 1299 1373
4250 2 2 5 1 2334 1753 2586
4251 2 2 5 1 1136 1250 2196
4252 2 2 5 1 3429 689 3595
4253 2 2 5 1 3699 3700 3849
4254 2 2 5 1 3681 2133 4178
4255 2 2 5 1 1642 1740 1741
4256 2 2 5 1 1091 1090 1165
4257 2 2 5 1 756 755 757
4258 2 2 5 1 1317 1453 2003
4259 2 2 5 1 2690 2688 2691
4260 2 2 5 1 2898 2897 4275
4261 2 2 5 1 1374 1375 1641
4262 2 2 5 1 855 854 856
4263 2 2 5 1 3007 2819 3008
4264 2 2 5 1 2333 2332 2476
4265 2 2 5 1 797 798 799
4266 2 2 5 1 1611 3283 3284
4267 2 2 5 1 2600 1820 2601
4268 2 2 5 1 2120 2122 3349
4269 2 2 5 1 447 445 656
4270 2 2 5 1 2778 479 4127
4271 2 2 5 1 1833 1584 1834
4272 2 2 5 1 1314 1788 3350
4273 2 2 5 1 577 579 3354
4274 2 2 5 1 518 437 519
4275 2 2 5 1 2191 2966 3786
4276 2 2 5 1 1405 1545 3343
4277 2 2 5 1 2746 2745 3291
4278 2 2 5 1 1165 1241 1438
4279 2 2 5 1 1843 1389 3290
4280 2 2 5 1 934 894 981
4281 2 2 5 1 3047 2468 4265
4282 2 2 5 1 1079 1412 3238
4283 2 2 5 1 1818 1998 4091
4284 2 2 5 1 1129 1132 1245
4285 2 2 5 1 1639 3013 3694
4286 2 2 5 1 1121 1215 1237
4287 2 2 5 1 2901 2271 4406
4288 2 2 5 1 1836 2164 2472
4289 2 2 5 1 1850 1566 1851
4290 2 2 5 1 1581 1281 1584
4291 2 2 5 1 1228 1185 1368
4292 2 2 5 1 441 1029 2994
4293 2 2 5 1 1667 1951 3345
4294 2 2 5 1 2236 2228 2237
4295 2 2 5 1 824 784 825
4296 2 2 5 1 3055 2618 4442
4297 2 2 5 1 2767 2766 2768
4298 2 2 5 1 1148 1735 3233
4299 2 2 5 1 911 2162 3308
4300 2 2 5 1 3338 3479 3683
4301 2 2 5 1 2353 1655 3357
4302 2 2 5 1 1237 1238 1278
4303 2 2 5 1 1124 1126 1128
4304 2 2 5 1 1243 1242 3104
4305 2 2 5 1 2693 2690 3129
4306 2 2 5 1 1278 1298 1617
4307 2 2 5 1 2617 1834 2708
4308 2 2 5 1 1842 1677 3788
4309 2 2 5 1 3598 3518 4360
4310 2 2 5 1 2903 2094 3184
4311 2 2 5 1 1358 1764 1765
4312 2 2 5 1 2664 1842 2975
4313 2 2 5 1 1438 1917 3216
4314 2 2 5 1 657 650 1352
4315 2 2 5 1 1569 1570 3127
4316 2 2 5 1 1808 1806 2144
4317 2 2 5 1 3285 3283 3287
4318 2 2 5 1 799 844 845
4319 2 2 5 1 1133 1136 3206
4320 2 2 5 1 2196 1250 2197
4321 2 2 5 1 1632 3434 4203
4322 2 2 5 1 1896 1560 1897
4323 2 2 5 1 632 552 3393
4324 2 2 5 1 732 733 734
4325 2 2 5 1 573 572 574
4326 2 2 5 1 523 521 3136
4327 2 2 5 1 2254 2138 3856
4328 2 2 5 1 2143 2505 4495
4329 2 2 5 1 2803 1686 3911
4330 2 2 5 1 883 884 1748
4331 2 2 5 1 2267 2268 2524
4332 2 2 5 1 2220 2219 2221
4333 2 2 5 1 740 928 3502
4334 2 2 5 1 2811 2813 3142
4335 2 2 5 1 1075 1073 3458
4336 2 2 5 1 396 3181 3523
4337 2 2 5 1 1758 1341 2839
4338 2 2 5 1 859 858 860
4339 2 2 5 1 419 417 1266
4340 2 2 5 1 1459 1778 3202
4341 2 2 5 1 544 543 545
4342 2 2 5 1 1362 1363 1374
4343 2 2 5 1 1537 1349 1538
4344 2 2 5 1 3019 1131 3020
4345 2 2 5 1 2685 1157 2769
4346 2 2 5 1 821 745 879
4347 2 2 5 1 1117 1115 1118
4348 2 2 5 1 1565 1220 1566
4349 2 2 5 1 1310 1536 3191
4350 2 2 5 1 1325 1326 1327
4351 2 2 5 1 738 737 739
4352 2 2 5 1 934 981 1021
4353 2 2 5 1 2652 2650 3449
4354 2 2 5 1 890 879 891
4355 2 2 5 1 1857 1809 2324
4356 2 2 5 1 1741 2233 2266
4357 2 2 5 1 1741 2266 2267
4358 2 2 5 1 1085 1078 3260
4359 2 2 5 1 1119 1118 1120
4360 2 2 5 1 786 739 787
4361 2 2 5 1 501 502 503
4362 2 2 5 1 960 891 961
4363 2 2 5 1 2297 2101 3214
4364 2 2 5 1 1668 944 1809
4365 2 2 5 1 1121 1120 1122
4366 2 2 5 1 1280 1461 3187
4367 2 2 5 1 407 1095 1096
4368 2 2 5 1 635 636 646
4369 2 2 5 1 505 503 507
4370 2 2 5 1 1070 1069 1071
4371 2 2 5 1 3103 1215 3223
4372 2 2 5 1 546 545 547
4373 2 2 5 1 1769 1579 3300
4374 2 2 5 1 1327 1328 1362
4375 2 2 5 1 841 868 3516
4376 2 2 5 1 1710 1352 1711
4377 2 2 5 1 953 955 962
4378 2 2 5 1 3072 3073 3795
4379 2 2 5 1 1870 1769 3875
4380 2 2 5 1 1315 1316 1317
4381 2 2 5 1 1774 1458 3224
4382 2 2 5 1 1382 1190 1383
4383 2 2 5 1 499 500 501
4384 2 2 5 1 1132 1133 3206
4385 2 2 5 1 247 248 3506
4386 2 2 5 1 1749 1999 2000
4387 2 2 5 1 2094 2999 3184
4388 2 2 5 1 2122 2121 2123
4389 2 2 5 1 2346 2833 2834
4390 2 2 5 1 3427 2740 3710
4391 2 2 5 1 839 894 934
4392 2 2 5 1 1836 1617 2164
4393 2 2 5 1 1435 1667 1715
4394 2 2 5 1 1098 1242 1243
4395 2 2 5 1 1112 1111 1113
4396 2 2 5 1 1117 1119 1131
4397 2 2 5 1 962 965 1042
4398 2 2 5 1 1765 1944 1961
4399 2 2 5 1 387 333 3738
4400 2 2 5 1 2101 2102 2103
4401 2 2 5 1 943 778 944
4402 2 2 5 1 414 416 3919
4403 2 2 5 1 1979 1977 2090
4404 2 2 5 1 1051 961 1052
4405 2 2 5 1 1917 1919 3230
4406 2 2 5 1 448 1550 3334
4407 2 2 5 1 492 491 493
4408 2 2 5 1 1042 1043 1205
4409 2 2 5 1 1140 1125 4011
4410 2 2 5 1 2929 3825 3920
4411 2 2 5 1 1674 1290 3359
4412 2 2 5 1 2895 2896 3280
4413 2 2 5 1 4005 2281 4179
4414 2 2 5 1 1687 1383 1688
4415 2 2 5 1 1058 1185 1228
4416 2 2 5 1 1114 1113 1115
4417 2 2 5 1 1654 1798 2228
4418 2 2 5 1 382 2953 3997
4419 2 2 5 1 1600 1602 1610
4420 2 2 5 1 1276 1377 3194
4421 2 2 5 1 3007 3008 4209
4422 2 2 5 1 2630 1970 3239
4423 2 2 5 1 1346 1310 3191
4424 2 2 5 1 1218 3040 3301
4425 2 2 5 1 1317 2003 2004
4426 2 2 5 1 1096 1097 1098
4427 2 2 5 1 3783 3784 4195
4428 2 2 5 1 646 779 780
4429 2 2 5 1 2185 2747 2748
4430 2 2 5 1 2452 2567 2568
4431 2 2 5 1 1015 1014 1092
4432 2 2 5 1 497 498 499
4433 2 2 5 1 3062 1285 4268
4434 2 2 5 1 2940 2951 3494
4435 2 2 5 1 460 1138 3050
4436 2 2 5 1 1302 1324 1325
4437 2 2 5 1 1687 2204 2205
4438 2 2 5 1 1935 1933 1936
4439 2 2 5 1 2532 1925 3049
4440 2 2 5 1 1347 1720 1749
4441 2 2 5 1 3230 2269 3501
4442 2 2 5 1 1350 1351 1577
4443 2 2 5 1 716 715 719
4444 2 2 5 1 780 846 847
4445 2 2 5 1 1205 1206 1350
4446 2 2 5 1 279 357 3973
4447 2 2 5 1 1830 2664 2864
4448 2 2 5 1 1628 1390 3242
4449 2 2 5 1 1974 3994 4180
4450 2 2 5 1 1723 1683 3294
4451 2 2 5 1 1397 1398 1399
4452 2 2 5 1 1996 2832 4136
4453 2 2 5 1 612 3539 3658
4454 2 2 5 1 1210 1166 3216
4455 2 2 5 1 1266 2787 4023
4456 2 2 5 1 465 463 3581
4457 2 2 5 1 4282 1580 4408
4458 2 2 5 1 1100 1093 1221
4459 2 2 5 1 1595 1596 3156
4460 2 2 5 1 1061 1062 1063
4461 2 2 5 1 734 735 736
4462 2 2 5 1 1549 1675 1676
4463 2 2 5 1 1217 847 3308
4464 2 2 5 1 2220 3459 3741
4465 2 2 5 1 2935 3968 4213
4466 2 2 5 1 1022 1021 1090
4467 2 2 5 1 1570 1573 3127
4468 2 2 5 1 1510 1509 1511
4469 2 2 5 1 2103 2102 2559
4470 2 2 5 1 2129 2662 4060
4471 2 2 5 1 1239 954 1240
4472 2 2 5 1 2315 2314 2316
4473 2 2 5 1 2701 1116 4128
4474 2 2 5 1 1604 1606 1611
4475 2 2 5 1 3284 3283 3285
4476 2 2 5 1 2213 2587 3263
4477 2 2 5 1 1867 1679 1868
4478 2 2 5 1 897 898 899
4479 2 2 5 1 3120 2851 3121
4480 2 2 5 1 1650 1305 3380
4481 2 2 5 1 857 856 858
4482 2 2 5 1 801 802 839
4483 2 2 5 1 1983 1981 2174
4484 2 2 5 1 1278 1238 1298
4485 2 2 5 1 1844 484 3199
4486 2 2 5 1 1415 1414 1416
4487 2 2 5 1 1436 1437 1754
4488 2 2 5 1 1524 3570 3591
4489 2 2 5 1 3127 1573 3128
4490 2 2 5 1 3158 3159 3160
4491 2 2 5 1 575 574 576
4492 2 2 5 1 3187 1920 3346
4493 2 2 5 1 4270 2772 4417
4494 2 2 5 1 960 1051 1053
4495 2 2 5 1 1163 1192 1193
4496 2 2 5 1 2638 1897 2672
4497 2 2 5 1 1986 2480 3723
4498 2 2 5 1 2582 1318 3278
4499 2 2 5 1 2267 2266 2268
4500 2 2 5 1 985 1144 1832
4501 2 2 5 1 1654 1591 1798
4502 2 2 5 1 1951 2699 3345
4503 2 2 5 1 2009 2012 2131
4504 2 2 5 1 2640 3240 4411
4505 2 2 5 1 3139 2905 3643
4506 2 2 5 1 886 938 3318
4507 2 2 5 1 2973 909 3682
4508 2 2 5 1 2542 2144 2543
4509 2 2 5 1 2652 3124 3936
4510 2 2 5 1 800 801 887
4511 2 2 5 1 3159 1638 3252
4512 2 2 5 1 1191 1382 1384
4513 2 2 5 1 1645 1558 1786
4514 2 2 5 1 2017 2058 2059
4515 2 2 5 1 740 741 800
4516 2 2 5 1 999 998 1000
4517 2 2 5 1 787 807 820
4518 2 2 5 1 2931 2930 2935
4519 2 2 5 1 1608 1612 1761
4520 2 2 5 1 1053 1190 1191
4521 2 2 5 1 4043 2152 4244
4522 2 2 5 1 667 668 669
4523 2 2 5 1 583 1794 4335
4524 2 2 5 1 1573 1574 3248
4525 2 2 5 1 1355 1272 1558
4526 2 2 5 1 2104 1641 2149
4527 2 2 5 1 2004 2003 2314
4528 2 2 5 1 548 547 549
4529 2 2 5 1 1666 1759 1760
4530 2 2 5 1 2080 2616 4114
4531 2 2 5 1 2340 1810 3219
4532 2 2 5 1 327 328 3351
4533 2 2 5 1 1760 2154 2363
4534 2 2 5 1 1590 1591 1654
4535 2 2 5 1 425 423 487
4536 2 2 5 1 1350 1577 1578
4537 2 2 5 1 494 496 497
4538 2 2 5 1 845 930 931
4539 2 2 5 1 2101 1676 2102
4540 2 2 5 1 1859 1988 3193
4541 2 2 5 1 1395 1396 1397
4542 2 2 5 1 1228 1368 1557
4543 2 2 5 1 1831 1622 3261
4544 2 2 5 1 1595 3156 3157
4545 2 2 5 1 1374 1641 2104
4546 2 2 5 1 714 712 715
4547 2 2 5 1 1675 1677 1830
4548 2 2 5 1 717 718 740
4549 2 2 5 1 1777 1706 3272
4550 2 2 5 1 1747 1394 4307
4551 2 2 5 1 598 600 601
4552 2 2 5 1 2004 2314 2315
4553 2 2 5 1 2724 1918 3193
4554 2 2 5 1 1042 1205 1207
4555 2 2 5 1 1393 1394 1395
4556 2 2 5 1 456 455 3675
4557 2 2 5 1 1237 1215 1238
4558 2 2 5 1 550 549 551
4559 2 2 5 1 876 877 878
4560 2 2 5 1 1265 1284 1285
4561 2 2 5 1 2813 2818 3142
4562 2 2 5 1 3501 2269 3794
4563 2 2 5 1 1718 3241 3797
4564 2 2 5 1 3229 2356 3389
4565 2 2 5 1 476 477 478
4566 2 2 5 1 746 821 822
4567 2 2 5 1 3221 2884 4182
4568 2 2 5 1 1989 1563 3530
4569 2 2 5 1 1787 1786 2283
4570 2 2 5 1 1168 1338 1943
4571 2 2 5 1 1338 4113 4375
4572 2 2 5 1 3746 1150 3747
4573 2 2 5 1 1788 1679 1867
4574 2 2 5 1 530 533 709
4575 2 2 5 1 2164 3229 3389
4576 2 2 5 1 480 481 482
4577 2 2 5 1 1027 1102 1837
4578 2 2 5 1 1536 1308 3196
4579 2 2 5 1 494 497 3093
4580 2 2 5 1 1918 1859 3193
4581 2 2 5 1 3017 949 3637
4582 2 2 5 1 1009 1008 1010
4583 2 2 5 1 1931 1930 1932
4584 2 2 5 1 310 360 3500
4585 2 2 5 1 1672 1633 2133
4586 2 2 5 1 1952 970 3363
4587 2 2 5 1 1446 1280 3187
4588 2 2 5 1 1987 1449 3478
4589 2 2 5 1 707 745 746
4590 2 2 5 1 2678 1758 2680
4591 2 2 5 1 1402 1405 1406
4592 2 2 5 1 2859 2675 3782
4593 2 2 5 1 1728 1753 2332
4594 2 2 5 1 353 284 4040
4595 2 2 5 1 1160 1161 1339
4596 2 2 5 1 1578 1967 1968
4597 2 2 5 1 1958 1620 2108
4598 2 2 5 1 1262 1357 1639
4599 2 2 5 1 774 1109 1110
4600 2 2 5 1 1098 1243 1314
4601 2 2 5 1 346 3000 4147
4602 2 2 5 1 1944 1764 2251
4603 2 2 5 1 864 865 866
4604 2 2 5 1 910 881 1014
4605 2 2 5 1 384 278 3973
4606 2 2 5 1 3012 2570 3928
4607 2 2 5 1 1136 2196 3206
4608 2 2 5 1 1949 1661 3052
4609 2 2 5 1 2124 2123 2125
4610 2 2 5 1 599 565 3405
4611 2 2 5 1 1970 2644 2645
4612 2 2 5 1 952 951 953
4613 2 2 5 1 1833 2617 2618
4614 2 2 5 1 526 528 1948
4615 2 2 5 1 4163 3646 4182
4616 2 2 5 1 1234 1301 1302
4617 2 2 5 1 1815 1814 1976
4618 2 2 5 1 4191 1618 4339
4619 2 2 5 1 3041 3707 4293
4620 2 2 5 1 2590 2284 2675
4621 2 2 5 1 1208 1210 3203
4622 2 2 5 1 1377 2970 3840
4623 2 2 5 1 4480 2893 4500
4624 2 2 5 1 2439 3190 4075
4625 2 2 5 1 1222 1221 1367
4626 2 2 5 1 952 953 954
4627 2 2 5 1 800 741 801
4628 2 2 5 1 664 706 707
4629 2 2 5 1 1240 954 1587
4630 2 2 5 1 413 411 3145
4631 2 2 5 1 1781 1370 3203
4632 2 2 5 1 714 716 717
4633 2 2 5 1 526 525 527
4634 2 2 5 1 1121 1122 1215
4635 2 2 5 1 2824 2826 3227
4636 2 2 5 1 1461 1462 1817
4637 2 2 5 1 740 718 741
4638 2 2 5 1 1939 1940 1941
4639 2 2 5 1 1970 1968 2644
4640 2 2 5 1 862 863 864
4641 2 2 5 1 1166 1165 3216
4642 2 2 5 1 730 686 3860
4643 2 2 5 1 794 882 1160
4644 2 2 5 1 2235 2174 2278
4645 2 2 5 1 818 842 849
4646 2 2 5 1 515 516 517
4647 2 2 5 1 731 793 794
4648 2 2 5 1 3188 1567 3227
4649 2 2 5 1 1903 1905 2137
4650 2 2 5 1 3325 3324 4287
4651 2 2 5 1 3082 640 3543
4652 2 2 5 1 1590 1589 1591
4653 2 2 5 1 3224 1456 3877
4654 2 2 5 1 472 470 473
4655 2 2 5 1 3104 1459 3202
4656 2 2 5 1 226 227 3522
4657 2 2 5 1 258 259 3523
4658 2 2 5 1 811 813 817
4659 2 2 5 1 979 1105 1106
4660 2 2 5 1 307 365 3487
4661 2 2 5 1 2104 2149 3102
4662 2 2 5 1 908 906 4072
4663 2 2 5 1 1399 1400 1403
4664 2 2 5 1 1308 1306 3196
4665 2 2 5 1 3778 2328 3779
4666 2 2 5 1 520 519 521
4667 2 2 5 1 528 527 529
4668 2 2 5 1 1106 1281 1282
4669 2 2 5 1 719 1683 1723
4670 2 2 5 1 556 614 3503
4671 2 2 5 1 1314 1243 1315
4672 2 2 5 1 1282 1581 1582
4673 2 2 5 1 866 912 913
4674 2 2 5 1 1251 1056 1252
4675 2 2 5 1 478 479 480
4676 2 2 5 1 2271 2539 4406
4677 2 2 5 1 401 402 3903
4678 2 2 5 1 1710 1974 2256
4679 2 2 5 1 1228 2247 3243
4680 2 2 5 1 1997 1628 2186
4681 2 2 5 1 1547 1548 1549
4682 2 2 5 1 1370 1208 3203
4683 2 2 5 1 1860 2797 3895
4684 2 2 5 1 530 529 531
4685 2 2 5 1 1103 1233 1234
4686 2 2 5 1 2489 2492 2663
4687 2 2 5 1 3431 2530 4505
4688 2 2 5 1 653 3871 4345
4689 2 2 5 1 1117 1118 1119
4690 2 2 5 1 1119 1120 1121
4691 2 2 5 1 1706 2150 3272
4692 2 2 5 1 1533 1142 2106
4693 2 2 5 1 1314 1315 1679
4694 2 2 5 1 639 623 698
4695 2 2 5 1 886 889 938
4696 2 2 5 1 1406 1408 2231
4697 2 2 5 1 723 2733 3874
4698 2 2 5 1 952 1239 3247
4699 2 2 5 1 2100 2297 3746
4700 2 2 5 1 2141 3395 4453
4701 2 2 5 1 941 915 945
4702 2 2 5 1 1962 3013 3014
4703 2 2 5 1 1151 1085 1289
4704 2 2 5 1 950 951 952
4705 2 2 5 1 1641 1642 3234
4706 2 2 5 1 2568 2737 3549
4707 2 2 5 1 1549 1548 1675
4708 2 2 5 1 1552 1724 3352
4709 2 2 5 1 1110 1112 1116
4710 2 2 5 1 2494 3101 3537
4711 2 2 5 1 1578 1577 1967
4712 2 2 5 1 1724 2189 2339
4713 2 2 5 1 911 1147 2162
4714 2 2 5 1 502 500 705
4715 2 2 5 1 1666 1384 1759
4716 2 2 5 1 1114 1115 1117
4717 2 2 5 1 1596 1638 3156
4718 2 2 5 1 1358 1194 1359
4719 2 2 5 1 2194 1867 2562
4720 2 2 5 1 1233 1028 3311
4721 2 2 5 1 942 908 967
4722 2 2 5 1 1344 1640 1750
4723 2 2 5 1 1648 1997 2282
4724 2 2 5 1 472 474 3484
4725 2 2 5 1 2514 2952 3601
4726 2 2 5 1 775 656 776
4727 2 2 5 1 1925 1367 1926
4728 2 2 5 1 1275 1274 1276
4729 2 2 5 1 938 939 979
4730 2 2 5 1 1560 1240 3305
4731 2 2 5 1 878 1025 1026
4732 2 2 5 1 1306 1649 3196
4733 2 2 5 1 2757 2759 2760
4734 2 2 5 1 336 337 3244
4735 2 2 5 1 1385 1387 1865
4736 2 2 5 1 389 338 3390
4737 2 2 5 1 1461 1279 1462
4738 2 2 5 1 995 996 997
4739 2 2 5 1 2720 2719 4337
4740 2 2 5 1 950 949 951
4741 2 2 5 1 2139 2125 2140
4742 2 2 5 1 1110 1111 1112
4743 2 2 5 1 699 701 1104
4744 2 2 5 1 1417 1416 1418
4745 2 2 5 1 1294 1292 1633
4746 2 2 5 1 3955 1618 4191
4747 2 2 5 1 979 980 1105
4748 2 2 5 1 1978 1980 3366
4749 2 2 5 1 428 430 1088
4750 2 2 5 1 524 523 525
4751 2 2 5 1 2139 2157 3563
4752 2 2 5 1 3240 2642 4459
4753 2 2 5 1 3818 2341 4429
4754 2 2 5 1 1556 1789 1924
4755 2 2 5 1 1192 1164 1194
4756 2 2 5 1 1270 2832 3198
4757 2 2 5 1 3504 2247 3530
4758 2 2 5 1 914 913 915
4759 2 2 5 1 1830 1842 2664
4760 2 2 5 1 1406 1407 1408
4761 2 2 5 1 2349 1351 3561
4762 2 2 5 1 556 557 558
4763 2 2 5 1 2762 2764 2765
4764 2 2 5 1 552 551 553
4765 2 2 5 1 1728 1585 1753
4766 2 2 5 1 1976 1814 2561
4767 2 2 5 1 736 738 871
4768 2 2 5 1 1588 1587 1589
4769 2 2 5 1 2831 432 3660
4770 2 2 5 1 1857 2324 3201
4771 2 2 5 1 1588 1589 1590
4772 2 2 5 1 823 2527 3869
4773 2 2 5 1 2298 1987 3514
4774 2 2 5 1 1833 1834 2617
4775 2 2 5 1 773 772 774
4776 2 2 5 1 736 737 738
4777 2 2 5 1 501 500 502
4778 2 2 5 1 1766 1831 2537
4779 2 2 5 1 2747 1674 3359
4780 2 2 5 1 651 657 658
4781 2 2 5 1 2729 2320 3739
4782 2 2 5 1 1704 1421 4394
4783 2 2 5 1 738 739 786
4784 2 2 5 1 717 716 718
4785 2 2 5 1 1724 1551 2189
4786 2 2 5 1 1161 882 1162
4787 2 2 5 1 781 874 875
4788 2 2 5 1 1391 1628 1648
4789 2 2 5 1 699 698 700
4790 2 2 5 1 2157 2159 3977
4791 2 2 5 1 1581 1584 1833
4792 2 2 5 1 366 327 3351
4793 2 2 5 1 530 531 533
4794 2 2 5 1 710 533 1975
4795 2 2 5 1 554 553 555
4796 2 2 5 1 1684 1339 2199
4797 2 2 5 1 534 512 631
4798 2 2 5 1 2384 2387 4471
4799 2 2 5 1 1063 1064 1065
4800 2 2 5 1 2101 2103 3214
4801 2 2 5 1 883 1748 1862
4802 2 2 5 1 1767 1987 2200
4803 2 2 5 1 503 502 3301
4804 2 2 5 1 1818 2709 4311
4805 2 2 5 1 981 1058 3243
4806 2 2 5 1 1937 1936 1938
4807 2 2 5 1 1163 1162 1164
4808 2 2 5 1 3589 2257 3794
4809 2 2 5 1 510 508 1255
4810 2 2 5 1 890 891 960
4811 2 2 5 1 619 623 624
4812 2 2 5 1 1112 1113 1114
4813 2 2 5 1 339 367 3390
4814 2 2 5 1 1229 1230 1348
4815 2 2 5 1 898 3754 4493
4816 2 2 5 1 752 753 754
4817 2 2 5 1 641 650 651
4818 2 2 5 1 1643 1446 3187
4819 2 2 5 1 1395 1397 1963
4820 2 2 5 1 1246 1132 3206
4821 2 2 5 1 821 879 890
4822 2 2 5 1 1072 1071 1073
4823 2 2 5 1 2882 3062 4268
4824 2 2 5 1 1289 1085 3260
4825 2 2 5 1 499 498 500
4826 2 2 5 1 528 529 530
4827 2 2 5 1 701 700 702
4828 2 2 5 1 1771 2001 2002
4829 2 2 5 1 960 961 1051
4830 2 2 5 1 1760 1759 2154
4831 2 2 5 1 2154 4004 4079
4832 2 2 5 1 3156 1638 3158
4833 2 2 5 1 1107 2128 2129
4834 2 2 5 1 1642 1741 3234
4835 2 2 5 1 1399 1403 1547
4836 2 2 5 1 1382 1383 1687
4837 2 2 5 1 1741 2267 3234
4838 2 2 5 1 909 2973 3683
4839 2 2 5 1 3118 718 3279
4840 2 2 5 1 2046 2047 2048
4841 2 2 5 1 615 3139 3643
4842 2 2 5 1 1737 1736 2719
4843 2 2 5 1 1165 1438 3216
4844 2 2 5 1 703 702 704
4845 2 2 5 1 1649 1922 3196
4846 2 2 5 1 791 776 792
4847 2 2 5 1 2205 2204 2565
4848 2 2 5 1 2291 1748 3318
4849 2 2 5 1 702 700 3188
4850 2 2 5 1 1765 1764 1944
4851 2 2 5 1 1327 1362 1561
4852 2 2 5 1 731 704 732
4853 2 2 5 1 2468 2467 4265
4854 2 2 5 1 1574 1595 3248
4855 2 2 5 1 966 945 1045
4856 2 2 5 1 2189 3250 3502
4857 2 2 5 1 522 521 523
4858 2 2 5 1 1218 705 1219
4859 2 2 5 1 1588 2127 3305
4860 2 2 5 1 1687 1688 2204
4861 2 2 5 1 1862 1748 2239
4862 2 2 5 1 1240 1587 1588
4863 2 2 5 1 3284 3286 3791
4864 2 2 5 1 1076 1075 1077
4865 2 2 5 1 1191 1190 1382
4866 2 2 5 1 3538 1269 3892
4867 2 2 5 1 1611 3284 3288
4868 2 2 5 1 1145 1343 1344
4869 2 2 5 1 3178 309 3500
4870 2 2 5 1 771 772 773
4871 2 2 5 1 746 745 821
4872 2 2 5 1 707 706 745
4873 2 2 5 1 1074 1073 1075
4874 2 2 5 1 664 658 706
4875 2 2 5 1 1122 1124 3223
4876 2 2 5 1 1618 1836 4339
4877 2 2 5 1 1817 1462 1818
4878 2 2 5 1 948 947 949
4879 2 2 5 1 577 578 579
4880 2 2 5 1 526 527 528
4881 2 2 5 1 697 3061 3581
4882 2 2 5 1 2643 1914 3012
4883 2 2 5 1 4304 3834 4356
4884 2 2 5 1 1026 1168 3311
4885 2 2 5 1 2108 3143 3144
4886 2 2 5 1 1053 1051 1190
4887 2 2 5 1 823 982 2527
4888 2 2 5 1 3121 3123 3124
4889 2 2 5 1 482 483 484
4890 2 2 5 1 2489 2491 2492
4891 2 2 5 1 3172 306 3487
4892 2 2 5 1 1392 1219 1393
4893 2 2 5 1 2157 2140 2158
4894 2 2 5 1 1159 1319 1635
4895 2 2 5 1 1547 1403 1548
4896 2 2 5 1 620 642 644
4897 2 2 5 1 2332 1753 2334
4898 2 2 5 1 577 576 578
4899 2 2 5 1 709 710 711
4900 2 2 5 1 657 1352 1710
4901 2 2 5 1 4039 1531 4432
4902 2 2 5 1 714 715 716
4903 2 2 5 1 2204 3953 4236
4904 2 2 5 1 494 493 496
4905 2 2 5 1 2471 1856 3807
4906 2 2 5 1 711 712 713
4907 2 2 5 1 1373 2356 3229
4908 2 2 5 1 2535 2534 2536
4909 2 2 5 1 2500 3598 4360
4910 2 2 5 1 795 792 796
4911 2 2 5 1 2263 1277 2264
4912 2 2 5 1 1021 981 3243
4913 2 2 5 1 1106 1105 1281
4914 2 2 5 1 1093 1092 3237
4915 2 2 5 1 930 985 3426
4916 2 2 5 1 4141 3264 4230
4917 2 2 5 1 497 496 498
4918 2 2 5 1 1358 1359 1764
4919 2 2 5 1 769 770 771
4920 2 2 5 1 1710 1711 1974
4921 2 2 5 1 2180 2179 2181
4922 2 2 5 1 780 847 946
4923 2 2 5 1 2088 2992 3800
4924 2 2 5 1 2621 2484 3780
4925 2 2 5 1 1046 1045 1224
4926 2 2 5 1 2324 1809 2325
4927 2 2 5 1 1665 1783 1784
4928 2 2 5 1 655 665 666
4929 2 2 5 1 1354 950 3247
4930 2 2 5 1 754 755 756
4931 2 2 5 1 1282 1281 1581
4932 2 2 5 1 944 778 1614
4933 2 2 5 1 2402 2406 2407
4934 2 2 5 1 948 949 950
4935 2 2 5 1 496 493 659
4936 2 2 5 1 696 3296 3958
4937 2 2 5 1 2623 730 3818
4938 2 2 5 1 771 770 772
4939 2 2 5 1 3128 1573 3248
4940 2 2 5 1 2765 2766 2767
4941 2 2 5 1 1925 1926 3049
4942 2 2 5 1 518 519 520
4943 2 2 5 1 637 630 638
4944 2 2 5 1 3406 2214 3980
4945 2 2 5 1 1757 1849 3440
4946 2 2 5 1 868 840 1261
4947 2 2 5 1 1392 1393 1814
4948 2 2 5 1 1218 1219 1392
4949 2 2 5 1 2137 3003 3953
4950 2 2 5 1 1432 1431 1433
4951 2 2 5 1 1192 1194 1358
4952 2 2 5 1 2150 2971 3272
4953 2 2 5 1 853 836 4475
4954 2 2 5 1 558 559 560
4955 2 2 5 1 946 847 947
4956 2 2 5 1 610 618 619
4957 2 2 5 1 1457 1616 4020
4958 2 2 5 1 1389 1390 1391
4959 2 2 5 1 1290 1259 3359
4960 2 2 5 1 1635 1637 1653
4961 2 2 5 1 403 400 3371
4962 2 2 5 1 606 609 610
4963 2 2 5 1 653 616 3355
4964 2 2 5 1 638 640 641
4965 2 2 5 1 2573 2000 3164
4966 2 2 5 1 522 524 838
4967 2 2 5 1 3002 3003 3870
4968 2 2 5 1 502 705 1218
4969 2 2 5 1 1556 1361 1722
4970 2 2 5 1 3016 3752 4322
4971 2 2 5 1 2823 2815 2858
4972 2 2 5 1 1731 1554 3352
4973 2 2 5 1 2231 1408 2232
4974 2 2 5 1 1160 882 1161
4975 2 2 5 1 2186 1628 3242
4976 2 2 5 1 629 628 630
4977 2 2 5 1 1409 403 3371
4978 2 2 5 1 3206 2196 3380
4979 2 2 5 1 1188 1019 1322
4980 2 2 5 1 265 266 3306
4981 2 2 5 1 2402 2458 4508
4982 2 2 5 1 1734 1731 1985
4983 2 2 5 1 2686 2695 3217
4984 2 2 5 1 651 650 657
4985 2 2 5 1 524 525 526
4986 2 2 5 1 2864 2664 2865
4987 2 2 5 1 2304 2305 2306
4988 2 2 5 1 946 947 948
4989 2 2 5 1 1624 3412 3847
4990 2 2 5 1 467 2793 2794
4991 2 2 5 1 602 607 1023
4992 2 2 5 1 2367 2368 2369
4993 2 2 5 1 1598 1600 3252
4994 2 2 5 1 1465 1463 2095
4995 2 2 5 1 649 654 655
4996 2 2 5 1 1656 1657 1658
4997 2 2 5 1 3176 599 3405
4998 2 2 5 1 560 561 562
4999 2 2 5 1 1126 1129 3246
5000 2 2 5 1 2958 3766 3941
5001 2 2 5 1 1163 1164 1192
5002 2 2 5 1 1554 1552 3352
5003 2 2 5 1 769 722 770
5004 2 2 5 1 1321 1203 1443
5005 2 2 5 1 1735 1380 1736
5006 2 2 5 1 3417 347 4200
5007 2 2 5 1 1971 1180 3785
5008 2 2 5 1 3016 2319 4053
5009 2 2 5 1 1660 1661 1949
5010 2 2 5 1 3092 3902 4181
5011 2 2 5 1 2459 3146 3148
5012 2 2 5 1 515 514 516
5013 2 2 5 1 3157 3307 4153
5014 2 2 5 1 1939 1938 1940
5015 2 2 5 1 562 563 564
5016 2 2 5 1 3250 717 3502
5017 2 2 5 1 1298 1373 3229
5018 2 2 5 1 1996 1840 2626
5019 2 2 5 1 1658 1659 1660
5020 2 2 5 1 1348 1349 1537
5021 2 2 5 1 641 640 650
5022 2 2 5 1 1784 1954 2580
5023 2 2 5 1 3242 1390 3408
5024 2 2 5 1 2170 1856 2471
5025 2 2 5 1 804 1044 3474
5026 2 2 5 1 1617 1298 3229
5027 2 2 5 1 1483 1484 1485
5028 2 2 5 1 1020 1188 1189
5029 2 2 5 1 564 565 566
5030 2 2 5 1 264 390 3439
5031 2 2 5 1 3008 2819 3009
5032 2 2 5 1 1215 1122 3223
5033 2 2 5 1 1335 1655 1656
5034 2 2 5 1 665 654 708
5035 2 2 5 1 1771 1409 2001
5036 2 2 5 1 507 503 3301
5037 2 2 5 1 709 533 710
5038 2 2 5 1 2265 2264 2352
5039 2 2 5 1 2688 2686 3217
5040 2 2 5 1 2149 1641 3234
5041 2 2 5 1 1061 1049 1062
5042 2 2 5 1 624 623 639
5043 2 2 5 1 728 727 729
5044 2 2 5 1 2393 2394 2395
5045 2 2 5 1 2164 1617 3229
5046 2 2 5 1 627 626 628
5047 2 2 5 1 1653 2182 2217
5048 2 2 5 1 1260 1613 2113
5049 2 2 5 1 3469 2461 3885
5050 2 2 5 1 601 605 606
5051 2 2 5 1 2433 3554 3555
5052 2 2 5 1 2185 1674 2747
5053 2 2 5 1 713 712 714
5054 2 2 5 1 489 487 1248
5055 2 2 5 1 711 710 712
5056 2 2 5 1 1246 3206 3380
5057 2 2 5 1 794 793 882
5058 2 2 5 1 3144 3143 3383
5059 2 2 5 1 1124 1128 3223
5060 2 2 5 1 1340 1322 1361
5061 2 2 5 1 1258 1256 3338
5062 2 2 5 1 1970 2645 3239
5063 2 2 5 1 731 732 793
5064 2 2 5 1 703 704 731
5065 2 2 5 1 701 702 703
5066 2 2 5 1 1234 1302 1379
5067 2 2 5 1 1585 1582 3289
5068 2 2 5 1 1537 1620 1957
5069 2 2 5 1 699 700 701
5070 2 2 5 1 635 646 1249
5071 2 2 5 1 1998 1462 3297
5072 2 2 5 1 596 602 3231
5073 2 2 5 1 1102 1028 1103
5074 2 2 5 1 2883 3221 4283
5075 2 2 5 1 1078 1075 3458
5076 2 2 5 1 781 725 782
5077 2 2 5 1 1897 1560 3305
5078 2 2 5 1 1129 1245 3246
5079 2 2 5 1 639 698 699
5080 2 2 5 1 2182 1637 2183
5081 2 2 5 1 2690 2691 3129
5082 2 2 5 1 368 263 3439
5083 2 2 5 1 874 782 876
5084 2 2 5 1 1128 1126 3246
5085 2 2 5 1 1542 1716 1717
5086 2 2 5 1 2228 1798 3236
5087 2 2 5 1 1648 1628 1997
5088 2 2 5 1 724 708 725
5089 2 2 5 1 2586 1753 3289
5090 2 2 5 1 2354 2716 3988
5091 2 2 5 1 1161 1162 1163
5092 2 2 5 1 1267 1342 1685
5093 2 2 5 1 1058 1228 3243
5094 2 2 5 1 933 1019 1020
5095 2 2 5 1 518 520 1632
5096 2 2 5 1 343 350 3511
5097 2 2 5 1 644 648 649
5098 2 2 5 1 1419 1418 1420
5099 2 2 5 1 1743 1742 1916
5100 2 2 5 1 2455 2450 4490
5101 2 2 5 1 899 900 901
5102 2 2 5 1 797 796 798
5103 2 2 5 1 3205 3204 3329
5104 2 2 5 1 1630 1450 1840
5105 2 2 5 1 2414 2400 4508
5106 2 2 5 1 2131 2012 4055
5107 2 2 5 1 2543 3005 4479
5108 2 2 5 1 1595 3157 3248
5109 2 2 5 1 591 589 593
5110 2 2 5 1 2108 1620 3143
5111 2 2 5 1 583 584 585
5112 2 2 5 1 609 605 611
5113 2 2 5 1 875 932 933
5114 2 2 5 1 2486 1898 4500
5115 2 2 5 1 2113 2114 2115
5116 2 2 5 1 2834 3541 3712
5117 2 2 5 1 1342 1225 1439
5118 2 2 5 1 2096 2095 2594
5119 2 2 5 1 1997 2186 2478
5120 2 2 5 1 3054 2824 3227
5121 2 2 5 1 585 586 587
5122 2 2 5 1 1798 2513 3236
5123 2 2 5 1 783 784 824
5124 2 2 5 1 587 588 589
5125 2 2 5 1 619 618 623
5126 2 2 5 1 2328 2717 4395
5127 2 2 5 1 2330 2183 2637
5128 2 2 5 1 608 1263 3355
5129 2 2 5 1 610 609 618
5130 2 2 5 1 758 757 759
5131 2 2 5 1 405 407 3245
5132 2 2 5 1 2000 1999 2323
5133 2 2 5 1 859 860 940
5134 2 2 5 1 502 1218 3301
5135 2 2 5 1 434 437 518
5136 2 2 5 1 2660 3415 4438
5137 2 2 5 1 1027 1026 1028
5138 2 2 5 1 1472 1515 1693
5139 2 2 5 1 1279 822 3297
5140 2 2 5 1 2159 2158 2160
5141 2 2 5 1 1638 1598 3252
5142 2 2 5 1 851 854 855
5143 2 2 5 1 1762 3026 3138
5144 2 2 5 1 2106 1142 3526
5145 2 2 5 1 606 605 609
5146 2 2 5 1 662 413 3145
5147 2 2 5 1 1240 1588 3305
5148 2 2 5 1 1810 2089 2558
5149 2 2 5 1 1981 1979 3277
5150 2 2 5 1 3617 1487 4204
5151 2 2 5 1 1223 3864 3963
5152 2 2 5 1 1602 1604 3288
5153 2 2 5 1 2679 3165 3309
5154 2 2 5 1 1046 1225 1267
5155 2 2 5 1 3302 1777 3304
5156 2 2 5 1 1391 1390 1628
5157 2 2 5 1 2223 3103 3804
5158 2 2 5 1 2884 2825 4182
5159 2 2 5 1 522 523 524
5160 2 2 5 1 819 816 4456
5161 2 2 5 1 3015 3818 4429
5162 2 2 5 1 1651 1439 2517
5163 2 2 5 1 2293 2292 2566
5164 2 2 5 1 1537 1538 1620
5165 2 2 5 1 1749 1720 1999
5166 2 2 5 1 878 1026 1027
5167 2 2 5 1 2364 4057 4472
5168 2 2 5 1 1389 1189 1390
5169 2 2 5 1 3077 1922 3993
5170 2 2 5 1 3042 386 3400
5171 2 2 5 1 1551 713 3250
5172 2 2 5 1 1206 1043 4018
5173 2 2 5 1 1584 1281 3328
5174 2 2 5 1 350 224 3520
5175 2 2 5 1 1701 1634 2097
5176 2 2 5 1 845 844 930
5177 2 2 5 1 3232 3027 3451
5178 2 2 5 1 799 798 844
5179 2 2 5 1 2306 2307 2309
5180 2 2 5 1 2115 2116 2117
5181 2 2 5 1 2501 102 2909
5182 2 2 5 1 3824 3825 4457
5183 2 2 5 1 2161 3171 4188
5184 2 2 5 1 3363 676 3381
5185 2 2 5 1 3075 770 3362
5186 2 2 5 1 3312 2289 4250
5187 2 2 5 1 3529 1116 3695
5188 2 2 5 1 341 393 3491
5189 2 2 5 1 443 2994 3435
5190 2 2 5 1 3052 3341 3790
5191 2 2 5 1 415 662 3264
5192 2 2 5 1 1168 1943 3311
5193 2 2 5 1 2733 1795 4076
5194 2 2 5 1 2038 3647 4074
5195 2 2 5 1 1930 1685 1991
5196 2 2 5 1 3161 3159 3372
5197 2 2 5 1 857 858 859
5198 2 2 5 1 1777 3272 3639
5199 2 2 5 1 941 966 1050
5200 2 2 5 1 2341 1754 4337
5201 2 2 5 1 2200 2298 3901
5202 2 2 5 1 2847 2965 4010
5203 2 2 5 1 3923 3924 3925
5204 2 2 5 1 3034 377 3414
5205 2 2 5 1 367 3491 3802
5206 2 2 5 1 1282 1583 3821
5207 2 2 5 1 1677 1548 3579
5208 2 2 5 1 581 582 583
5209 2 2 5 1 1324 4000 4196
5210 2 2 5 1 2545 4304 4356
5211 2 2 5 1 2311 2657 3762
5212 2 2 5 1 2961 3125 4285
5213 2 2 5 1 2636 2107 3398
5214 2 2 5 1 950 952 3247
5215 2 2 5 1 914 915 941
5216 2 2 5 1 1358 1765 3339
5217 2 2 5 1 2870 1960 3946
5218 2 2 5 1 1606 1608 3282
5219 2 2 5 1 1868 1679 3265
5220 2 2 5 1 3969 1532 4213
5221 2 2 5 1 847 846 3308
5222 2 2 5 1 417 415 3264
5223 2 2 5 1 2617 4414 4442
5224 2 2 5 1 1958 2108 2564
5225 2 2 5 1 760 759 761
5226 2 2 5 1 485 472 3484
5227 2 2 5 1 1611 3282 3283
5228 2 2 5 1 2102 1676 3276
5229 2 2 5 1 869 456 870
5230 2 2 5 1 1439 1225 3413
5231 2 2 5 1 716 719 3279
5232 2 2 5 1 1830 2864 3276
5233 2 2 5 1 1620 1538 3143
5234 2 2 5 1 1924 1789 2227
5235 2 2 5 1 2084 2671 3135
5236 2 2 5 1 2359 2796 3567
5237 2 2 5 1 1421 1422 1423
5238 2 2 5 1 1092 1142 1303
5239 2 2 5 1 1319 1318 1320
5240 2 2 5 1 3157 3156 3259
5241 2 2 5 1 3049 1926 3313
5242 2 2 5 1 1676 1675 3276
5243 2 2 5 1 1102 1103 1334
5244 2 2 5 1 2208 2160 2209
5245 2 2 5 1 493 491 3330
5246 2 2 5 1 1941 1940 2331
5247 2 2 5 1 3920 3825 4282
5248 2 2 5 1 407 1096 3245
5249 2 2 5 1 1672 2226 3010
5250 2 2 5 1 1152 1271 1272
5251 2 2 5 1 579 580 581
5252 2 2 5 1 1761 3302 3303
5253 2 2 5 1 1748 884 3318
5254 2 2 5 1 3177 2248 3843
5255 2 2 5 1 517 536 537
5256 2 2 5 1 1044 1436 3474
5257 2 2 5 1 3784 3548 3815
5258 2 2 5 1 2736 1118 4435
5259 2 2 5 1 1038 3784 3815
5260 2 2 5 1 1435 1715 3376
5261 2 2 5 1 3430 2243 4486
5262 2 2 5 1 1411 1258 1793
5263 2 2 5 1 1926 1927 2191
5264 2 2 5 1 1556 1722 1789
5265 2 2 5 1 2153 2905 3727
5266 2 2 5 1 947 1217 3637
5267 2 2 5 1 2464 2377 4512
5268 2 2 5 1 2770 220 3688
5269 2 2 5 1 1558 1272 1559
5270 2 2 5 1 890 3166 3322
5271 2 2 5 1 1600 1610 3252
5272 2 2 5 1 520 521 522
5273 2 2 5 1 1027 1028 1102
5274 2 2 5 1 1975 533 3377
5275 2 2 5 1 1315 1317 3265
5276 2 2 5 1 1708 1647 1709
5277 2 2 5 1 1389 1391 3290
5278 2 2 5 1 2587 2468 3871
5279 2 2 5 1 719 1723 3279
5280 2 2 5 1 1383 1190 3336
5281 2 2 5 1 1359 1385 3258
5282 2 2 5 1 2940 2948 2951
5283 2 2 5 1 1337 1345 1627
5284 2 2 5 1 855 856 857
5285 2 2 5 1 1138 462 3942
5286 2 2 5 1 1524 3069 3570
5287 2 2 5 1 1951 1950 2697
5288 2 2 5 1 875 874 932
5289 2 2 5 1 2594 2097 4190
5290 2 2 5 1 596 3231 3441
5291 2 2 5 1 1403 1400 3299
5292 2 2 5 1 2797 1217 4312
5293 2 2 5 1 1784 2580 2581
5294 2 2 5 1 1020 1019 1188
5295 2 2 5 1 1400 1402 3299
5296 2 2 5 1 930 844 984
5297 2 2 5 1 1303 1533 1810
5298 2 2 5 1 1063 1062 1064
5299 2 2 5 1 1337 1627 3404
5300 2 2 5 1 556 555 557
5301 2 2 5 1 2659 2448 4247
5302 2 2 5 1 1410 1411 1806
5303 2 2 5 1 584 582 595
5304 2 2 5 1 585 584 586
5305 2 2 5 1 587 586 588
5306 2 2 5 1 1810 2558 3219
5307 2 2 5 1 1159 1064 1318
5308 2 2 5 1 2759 2762 3298
5309 2 2 5 1 2340 3219 4301
5310 2 2 5 1 1092 1303 3237
5311 2 2 5 1 367 340 3491
5312 2 2 5 1 2693 3131 3438
5313 2 2 5 1 2283 1786 2308
5314 2 2 5 1 1329 1231 1544
5315 2 2 5 1 868 1261 1262
5316 2 2 5 1 3129 2691 3130
5317 2 2 5 1 1347 1749 3369
5318 2 2 5 1 1667 1621 1950
5319 2 2 5 1 2048 2051 2052
5320 2 2 5 1 1926 1367 1927
5321 2 2 5 1 1317 2004 3265
5322 2 2 5 1 1105 1107 3328
5323 2 2 5 1 1257 1258 1410
5324 2 2 5 1 1679 1315 3265
5325 2 2 5 1 937 936 1030
5326 2 2 5 1 1031 1030 1229
5327 2 2 5 1 796 792 872
5328 2 2 5 1 2536 3207 3208
5329 2 2 5 1 2251 1764 3258
5330 2 2 5 1 574 572 594
5331 2 2 5 1 941 945 966
5332 2 2 5 1 3510 1106 3821
5333 2 2 5 1 1979 2090 3277
5334 2 2 5 1 335 352 4030
5335 2 2 5 1 655 654 665
5336 2 2 5 1 2691 2688 3217
5337 2 2 5 1 1304 850 1647
5338 2 2 5 1 1340 1361 1556
5339 2 2 5 1 2387 2390 2391
5340 2 2 5 1 1435 1286 1621
5341 2 2 5 1 583 582 584
5342 2 2 5 1 588 586 1253
5343 2 2 5 1 2740 1141 4172
5344 2 2 5 1 1687 2205 3321
5345 2 2 5 1 1834 1584 4060
5346 2 2 5 1 1067 1065 3232
5347 2 2 5 1 338 339 3390
5348 2 2 5 1 914 2879 3691
5349 2 2 5 1 2202 1774 3225
5350 2 2 5 1 1612 1777 3302
5351 2 2 5 1 1610 1602 3288
5352 2 2 5 1 1608 1761 3282
5353 2 2 5 1 1926 2191 3313
5354 2 2 5 1 1347 1331 1622
5355 2 2 5 1 2657 2312 2658
5356 2 2 5 1 1720 1622 1766
5357 2 2 5 1 3156 3158 3259
5358 2 2 5 1 954 953 3266
5359 2 2 5 1 1144 1143 1331
5360 2 2 5 1 1587 954 3266
5361 2 2 5 1 781 782 874
5362 2 2 5 1 1545 1812 3343
5363 2 2 5 1 1086 1151 1152
5364 2 2 5 1 1604 1611 3288
5365 2 2 5 1 2384 2386 2387
5366 2 2 5 1 3052 1663 3341
5367 2 2 5 1 2550 2549 4096
5368 2 2 5 1 617 581 4335
5369 2 2 5 1 1611 1606 3282
5370 2 2 5 1 1079 1085 1086
5371 2 2 5 1 724 725 781
5372 2 2 5 1 1952 3363 3364
5373 2 2 5 1 3287 393 4215
5374 2 2 5 1 3901 476 4047
5375 2 2 5 1 1517 1518 1520
5376 2 2 5 1 2336 1953 3690
5377 2 2 5 1 1651 2518 4233
5378 2 2 5 1 985 984 1143
5379 2 2 5 1 3275 2551 4383
5380 2 2 5 1 1241 1090 3504
5381 2 2 5 1 1755 1757 3440
5382 2 2 5 1 1625 1313 2112
5383 2 2 5 1 857 859 893
5384 2 2 5 1 1031 1231 1232
5385 2 2 5 1 1957 1620 1958
5386 2 2 5 1 642 621 643
5387 2 2 5 1 953 962 3266
5388 2 2 5 1 649 648 654
5389 2 2 5 1 3674 3475 4075
5390 2 2 5 1 718 716 3279
5391 2 2 5 1 2015 2014 3999
5392 2 2 5 1 3341 2581 3790
5393 2 2 5 1 714 717 3250
5394 2 2 5 1 678 681 683
5395 2 2 5 1 1767 2200 2547
5396 2 2 5 1 703 731 3622
5397 2 2 5 1 1403 3299 3579
5398 2 2 5 1 896 1256 1257
5399 2 2 5 1 1077 1078 1079
5400 2 2 5 1 1092 1014 1142
5401 2 2 5 1 2473 2302 4117
5402 2 2 5 1 1221 1093 3237
5403 2 2 5 1 1619 1337 3404
5404 2 2 5 1 2706 2705 4313
5405 2 2 5 1 1179 1184 3785
5406 2 2 5 1 891 879 3848
5407 2 2 5 1 1188 1322 1340
5408 2 2 5 1 3121 2851 3123
5409 2 2 5 1 602 1023 3231
5410 2 2 5 1 2264 3194 4257
5411 2 2 5 1 393 342 3511
5412 2 2 5 1 394 261 3528
5413 2 2 5 1 2852 1792 3751
5414 2 2 5 1 1107 2129 3328
5415 2 2 5 1 1364 2179 2180
5416 2 2 5 1 1840 1450 2287
5417 2 2 5 1 1163 1193 3358
5418 2 2 5 1 1653 1637 2182
5419 2 2 5 1 1028 1026 3311
5420 2 2 5 1 2000 2323 3164
5421 2 2 5 1 1667 1950 1951
5422 2 2 5 1 558 557 559
5423 2 2 5 1 1065 1064 1159
5424 2 2 5 1 1284 1283 1286
5425 2 2 5 1 474 473 475
5426 2 2 5 1 4218 3703 4240
5427 2 2 5 1 1940 1938 2350
5428 2 2 5 1 2322 1527 4016
5429 2 2 5 1 1733 1732 3480
5430 2 2 5 1 1675 1830 3276
5431 2 2 5 1 1350 1578 3316
5432 2 2 5 1 1184 1321 3785
5433 2 2 5 1 933 932 1019
5434 2 2 5 1 1051 1052 3336
5435 2 2 5 1 773 774 3268
5436 2 2 5 1 1635 1319 1637
5437 2 2 5 1 665 708 724
5438 2 2 5 1 1761 1612 3302
5439 2 2 5 1 1681 1449 1767
5440 2 2 5 1 1985 1731 3352
5441 2 2 5 1 2854 2367 3688
5442 2 2 5 1 2174 1981 3277
5443 2 2 5 1 966 1045 1046
5444 2 2 5 1 3152 3889 3890
5445 2 2 5 1 579 578 580
5446 2 2 5 1 4376 4377 4378
5447 2 2 5 1 1266 417 3264
5448 2 2 5 1 1759 1384 3321
5449 2 2 5 1 448 450 1550
5450 2 2 5 1 778 773 3268
5451 2 2 5 1 2145 1770 4053
5452 2 2 5 1 560 559 561
5453 2 2 5 1 2001 1409 3371
5454 2 2 5 1 1773 1458 1774
5455 2 2 5 1 566 565 596
5456 2 2 5 1 1347 1622 1720
5457 2 2 5 1 2713 3551 4229
5458 2 2 5 1 2933 2940 3494
5459 2 2 5 1 1305 1246 3380
5460 2 2 5 1 1423 1426 1427
5461 2 2 5 1 470 468 3281
5462 2 2 5 1 562 561 563
5463 2 2 5 1 638 630 640
5464 2 2 5 1 505 507 3356
5465 2 2 5 1 564 563 565
5466 2 2 5 1 1764 1359 3258
5467 2 2 5 1 1144 1331 1347
5468 2 2 5 1 1435 1621 1667
5469 2 2 5 1 755 892 4454
5470 2 2 5 1 325 326 3859
5471 2 2 5 1 482 481 483
5472 2 2 5 1 3283 3282 3519
5473 2 2 5 1 3004 1287 3772
5474 2 2 5 1 620 621 642
5475 2 2 5 1 1384 1382 3321
5476 2 2 5 1 3115 3324 3325
5477 2 2 5 1 1867 1868 3323
5478 2 2 5 1 896 870 897
5479 2 2 5 1 1152 1151 1271
5480 2 2 5 1 3111 3126 3588
5481 2 2 5 1 1868 3265 3542
5482 2 2 5 1 2345 3174 3872
5483 2 2 5 1 601 600 605
5484 2 2 5 1 1284 1286 1435
5485 2 2 5 1 2556 1955 3515
5486 2 2 5 1 3112 2349 4094
5487 2 2 5 1 985 1143 1144
5488 2 2 5 1 1672 2133 2226
5489 2 2 5 1 2189 1551 3250
5490 2 2 5 1 363 3077 4496
5491 2 2 5 1 313 314 3416
5492 2 2 5 1 2256 1974 3402
5493 2 2 5 1 3146 3147 3148
5494 2 2 5 1 2264 1277 3194
5495 2 2 5 1 1193 1192 3339
5496 2 2 5 1 260 394 3520
5497 2 2 5 1 445 443 3435
5498 2 2 5 1 2692 2693 3879
5499 2 2 5 1 1056 841 3516
5500 2 2 5 1 1753 1585 3289
5501 2 2 5 1 2301 2665 3730
5502 2 2 5 1 822 821 3322
5503 2 2 5 1 901 902 903
5504 2 2 5 1 3105 3057 3394
5505 2 2 5 1 1027 1837 3361
5506 2 2 5 1 1040 1037 1041
5507 2 2 5 1 3265 2004 3542
5508 2 2 5 1 2138 3720 3755
5509 2 2 5 1 1845 2303 2880
5510 2 2 5 1 1936 3927 3937
5511 2 2 5 1 1046 1224 1225
5512 2 2 5 1 1391 1648 3482
5513 2 2 5 1 1207 1205 3316
5514 2 2 5 1 1961 1944 3400
5515 2 2 5 1 930 984 985
5516 2 2 5 1 3096 359 4343
5517 2 2 5 1 375 247 3506
5518 2 2 5 1 3163 1630 3271
5519 2 2 5 1 1849 2153 2792
5520 2 2 5 1 1810 1533 2089
5521 2 2 5 1 480 479 481
5522 2 2 5 1 581 580 582
5523 2 2 5 1 1303 1142 1533
5524 2 2 5 1 2182 2183 2330
5525 2 2 5 1 1462 1279 3297
5526 2 2 5 1 2901 1512 4364
5527 2 2 5 1 221 243 4379
5528 2 2 5 1 1120 1118 3987
5529 2 2 5 1 713 714 3250
5530 2 2 5 1 842 883 3314
5531 2 2 5 1 1849 2792 3440
5532 2 2 5 1 476 475 477
5533 2 2 5 1 1232 1329 1330
5534 2 2 5 1 1833 2618 3332
5535 2 2 5 1 531 635 3377
5536 2 2 5 1 262 368 3528
5537 2 2 5 1 525 744 4106
5538 2 2 5 1 3805 2148 4418
5539 2 2 5 1 2258 1700 3326
5540 2 2 5 1 3113 2339 4218
5541 2 2 5 1 3153 3654 3655
5542 2 2 5 1 3175 618 3396
5543 2 2 5 1 1448 1378 1449
5544 2 2 5 1 512 510 3337
5545 2 2 5 1 633 601 4266
5546 2 2 5 1 1294 1633 1672
5547 2 2 5 1 1406 2231 3299
5548 2 2 5 1 4201 2699 4456
5549 2 2 5 1 903 904 905
5550 2 2 5 1 3442 2978 4036
5551 2 2 5 1 729 748 3222
5552 2 2 5 1 1337 1252 1345
5553 2 2 5 1 1330 1413 1414
5554 2 2 5 1 2356 2358 3389
5555 2 2 5 1 2354 2995 4518
5556 2 2 5 1 644 642 648
5557 2 2 5 1 1385 1865 3258
5558 2 2 5 1 360 3097 3912
5559 2 2 5 1 1236 2629 4054
5560 2 2 5 1 2561 1814 3310
5561 2 2 5 1 905 906 907
5562 2 2 5 1 722 645 3362
5563 2 2 5 1 1159 1318 1319
5564 2 2 5 1 1237 1278 3955
5565 2 2 5 1 1660 1949 2343
5566 2 2 5 1 2339 3113 4008
5567 2 2 5 1 530 709 3315
5568 2 2 5 1 826 937 1739
5569 2 2 5 1 3747 1150 3776
5570 2 2 5 1 997 998 999
5571 2 2 5 1 907 908 942
5572 2 2 5 1 1205 1350 3316
5573 2 2 5 1 1402 1406 3299
5574 2 2 5 1 1356 1261 1707
5575 2 2 5 1 1086 1085 1151
5576 2 2 5 1 2869 2508 3395
5577 2 2 5 1 776 656 1631
5578 2 2 5 1 2263 2264 2265
5579 2 2 5 1 2041 2043 2044
5580 2 2 5 1 1374 2104 3348
5581 2 2 5 1 561 559 895
5582 2 2 5 1 570 568 1629
5583 2 2 5 1 881 666 1624
5584 2 2 5 1 1710 2256 3347
5585 2 2 5 1 715 712 3368
5586 2 2 5 1 1265 1283 1284
5587 2 2 5 1 263 264 3439
5588 2 2 5 1 2119 2117 2229
5589 2 2 5 1 1265 1264 1283
5590 2 2 5 1 1861 1643 3346
5591 2 2 5 1 533 531 3377
5592 2 2 5 1 2665 2473 2666
5593 2 2 5 1 578 576 1268
5594 2 2 5 1 2796 3564 3567
5595 2 2 5 1 876 878 3361
5596 2 2 5 1 706 658 3347
5597 2 2 5 1 2102 3276 3557
5598 2 2 5 1 484 483 514
5599 2 2 5 1 2006 1754 2255
5600 2 2 5 1 1651 2517 2518
5601 2 2 5 1 1828 2574 3596
5602 2 2 5 1 2142 2112 3060
5603 2 2 5 1 2114 1613 2126
5604 2 2 5 1 1582 1581 3332
5605 2 2 5 1 3614 2141 3819
5606 2 2 5 1 2199 1339 3358
5607 2 2 5 1 1485 1489 1492
5608 2 2 5 1 83 3470 4103
5609 2 2 5 1 1267 1225 1342
5610 2 2 5 1 1005 1006 1007
5611 2 2 5 1 1448 1449 1681
5612 2 2 5 1 1362 1374 3348
5613 2 2 5 1 1453 1900 3843
5614 2 2 5 1 3022 1991 3867
5615 2 2 5 1 724 3167 3412
5616 2 2 5 1 1766 2537 3427
5617 2 2 5 1 1900 3177 3843
5618 2 2 5 1 1832 1144 3369
5619 2 2 5 1 3269 3529 3695
5620 2 2 5 1 2914 2943 4122
5621 2 2 5 1 4110 2257 4140
5622 2 2 5 1 620 616 621
5623 2 2 5 1 454 456 869
5624 2 2 5 1 849 842 3314
5625 2 2 5 1 3219 3220 4301
5626 2 2 5 1 615 616 620
5627 2 2 5 1 2115 2118 3605
5628 2 2 5 1 1851 1909 1910
5629 2 2 5 1 2876 2546 4385
5630 2 2 5 1 1342 1439 1651
5631 2 2 5 1 1098 1314 3350
5632 2 2 5 1 1434 1433 1441
5633 2 2 5 1 2991 2889 4317
5634 2 2 5 1 1357 1356 1378
5635 2 2 5 1 513 4158 4234
5636 2 2 5 1 1079 1078 1085
5637 2 2 5 1 1339 1161 3358
5638 2 2 5 1 1159 1635 3232
5639 2 2 5 1 1393 1395 3310
5640 2 2 5 1 1155 3917 4209
5641 2 2 5 1 3233 1735 4231
5642 2 2 5 1 1084 1274 1275
5643 2 2 5 1 1037 3012 3928
5644 2 2 5 1 1681 1767 3327
5645 2 2 5 1 478 477 479
5646 2 2 5 1 883 1862 3314
5647 2 2 5 1 2247 1557 3678
5648 2 2 5 1 1656 1658 1871
5649 2 2 5 1 2383 2381 3918
5650 2 2 5 1 1410 1258 1411
5651 2 2 5 1 3369 2572 4284
5652 2 2 5 1 844 798 3382
5653 2 2 5 1 526 1948 3379
5654 2 2 5 1 1948 528 3315
5655 2 2 5 1 2616 3624 3652
5656 2 2 5 1 1998 3828 4091
5657 2 2 5 1 3189 932 3403
5658 2 2 5 1 2301 2302 2473
5659 2 2 5 1 3297 822 3322
5660 2 2 5 1 1814 1393 3310
5661 2 2 5 1 1021 3243 3504
5662 2 2 5 1 508 505 3356
5663 2 2 5 1 1295 1702 1801
5664 2 2 5 1 1562 1441 1855
5665 2 2 5 1 658 657 3347
5666 2 2 5 1 1654 2236 3873
5667 2 2 5 1 1627 1700 2007
5668 2 2 5 1 1285 1284 3376
5669 2 2 5 1 2524 2268 4477
5670 2 2 5 1 2197 1250 4003
5671 2 2 5 1 1416 1414 1424
5672 2 2 5 1 487 423 3319
5673 2 2 5 1 1096 1098 3350
5674 2 2 5 1 2059 2060 2062
5675 2 2 5 1 4194 2772 4270
5676 2 2 5 1 1492 1493 1497
5677 2 2 5 1 1714 1713 2135
5678 2 2 5 1 3861 1976 4386
5679 2 2 5 1 3412 3167 3847
5680 2 2 5 1 423 421 3319
5681 2 2 5 1 2135 2136 3841
5682 2 2 5 1 2760 2759 3298
5683 2 2 5 1 1077 1075 1078
5684 2 2 5 1 839 3056 3729
5685 2 2 5 1 1615 1775 3262
5686 2 2 5 1 919 922 935
5687 2 2 5 1 1071 1069 1204
5688 2 2 5 1 539 537 613
5689 2 2 5 1 985 1832 3426
5690 2 2 5 1 306 307 3487
5691 2 2 5 1 1535 2663 3477
5692 2 2 5 1 2207 3501 3794
5693 2 2 5 1 1614 3268 3269
5694 2 2 5 1 2180 2181 2275
5695 2 2 5 1 517 516 536
5696 2 2 5 1 2762 2765 3298
5697 2 2 5 1 528 530 3315
5698 2 2 5 1 3126 793 3588
5699 2 2 5 1 3289 1582 3332
5700 2 2 5 1 2588 2514 4467
5701 2 2 5 1 2373 3849 4264
5702 2 2 5 1 2506 2165 4009
5703 2 2 5 1 2562 1867 3323
5704 2 2 5 1 1436 1754 2006
5705 2 2 5 1 3282 1761 3519
5706 2 2 5 1 879 745 3677
5707 2 2 5 1 2010 1512 2901
5708 2 2 5 1 510 1255 3337
5709 2 2 5 1 942 967 1047
5710 2 2 5 1 2995 2354 3988
5711 2 2 5 1 821 890 3322
5712 2 2 5 1 1426 1422 1713
5713 2 2 5 1 2113 1613 2114
5714 2 2 5 1 3272 2333 3639
5715 2 2 5 1 1984 1983 4031
5716 2 2 5 1 1614 778 3268
5717 2 2 5 1 1382 1687 3321
5718 2 2 5 1 309 310 3500
5719 2 2 5 1 1771 3016 4053
5720 2 2 5 1 1663 1665 3341
5721 2 2 5 1 2304 1752 2305
5722 2 2 5 1 1793 1258 3338
5723 2 2 5 1 3260 1078 3458
5724 2 2 5 1 1967 2954 4185
5725 2 2 5 1 1262 1261 1356
5726 2 2 5 1 631 512 3337
5727 2 2 5 1 1254 1264 1265
5728 2 2 5 1 2946 201 3798
5729 2 2 5 1 1395 1963 3310
5730 2 2 5 1 1497 1498 1499
5731 2 2 5 1 659 493 3330
5732 2 2 5 1 1192 1358 3339
5733 2 2 5 1 2068 2069 2070
5734 2 2 5 1 1190 1051 3336
5735 2 2 5 1 1397 1399 3344
5736 2 2 5 1 2552 2554 4481
5737 2 2 5 1 942 1047 1291
5738 2 2 5 1 2500 2916 3598
5739 2 2 5 1 468 1680 3281
5740 2 2 5 1 426 428 3454
5741 2 2 5 1 1399 1547 3344
5742 2 2 5 1 1708 2187 2188
5743 2 2 5 1 826 824 936
5744 2 2 5 1 998 996 4222
5745 2 2 5 1 536 516 652
5746 2 2 5 1 1281 1105 3328
5747 2 2 5 1 3138 1697 4279
5748 2 2 5 1 2207 3203 3501
5749 2 2 5 1 959 2300 2301
5750 2 2 5 1 2818 2820 3587
5751 2 2 5 1 1150 3746 3914
5752 2 2 5 1 2213 2467 2468
5753 2 2 5 1 2610 2135 2611
5754 2 2 5 1 1520 1521 1530
5755 2 2 5 1 2680 1758 2839
5756 2 2 5 1 2265 2352 2546
5757 2 2 5 1 2282 1997 3373
5758 2 2 5 1 596 565 599
5759 2 2 5 1 1696 1695 1698
5760 2 2 5 1 1103 1234 3317
5761 2 2 5 1 1581 1833 3332
5762 2 2 5 1 3929 4321 4377
5763 2 2 5 1 3176 3405 3406
5764 2 2 5 1 3276 2864 3557
5765 2 2 5 1 285 286 4374
5766 2 2 5 1 1018 668 3743
5767 2 2 5 1 340 341 3491
5768 2 2 5 1 1565 1566 1850
5769 2 2 5 1 1254 1253 1264
5770 2 2 5 1 1301 3689 4000
5771 2 2 5 1 3312 1016 3793
5772 2 2 5 1 976 975 977
5773 2 2 5 1 3299 2231 3579
5774 2 2 5 1 2115 2114 2116
5775 2 2 5 1 1138 3942 4381
5776 2 2 5 1 1643 3187 3346
5777 2 2 5 1 1031 1229 1231
5778 2 2 5 1 1561 1362 3348
5779 2 2 5 1 1293 1294 1450
5780 2 2 5 1 1357 1378 1448
5781 2 2 5 1 2273 1971 3773
5782 2 2 5 1 1724 2339 4008
5783 2 2 5 1 2117 2116 3295
5784 2 2 5 1 1898 1734 3367
5785 2 2 5 1 3406 3405 3507
5786 2 2 5 1 1421 1420 1422
5787 2 2 5 1 756 757 758
5788 2 2 5 1 1963 1397 3344
5789 2 2 5 1 3659 2533 3931
5790 2 2 5 1 607 608 615
5791 2 2 5 1 1291 1292 1293
5792 2 2 5 1 1151 1289 3384
5793 2 2 5 1 1257 1256 1258
5794 2 2 5 1 2482 2483 3962
5795 2 2 5 1 1575 1971 1972
5796 2 2 5 1 628 626 1636
5797 2 2 5 1 937 1030 1031
5798 2 2 5 1 1809 944 3360
5799 2 2 5 1 2966 888 3786
5800 2 2 5 1 602 603 607
5801 2 2 5 1 1171 1041 1172
5802 2 2 5 1 869 870 896
5803 2 2 5 1 1150 1149 3776
5804 2 2 5 1 1351 2709 3561
5805 2 2 5 1 1806 1411 1807
5806 2 2 5 1 1255 508 3356
5807 2 2 5 1 1796 1923 3228
5808 2 2 5 1 3208 3679 4407
5809 2 2 5 1 227 392 3522
5810 2 2 5 1 391 258 3523
5811 2 2 5 1 3215 2241 3257
5812 2 2 5 1 1457 1615 1616
5813 2 2 5 1 1042 1207 3571
5814 2 2 5 1 657 1710 3347
5815 2 2 5 1 2835 1271 3839
5816 2 2 5 1 1420 1418 1425
5817 2 2 5 1 2166 1774 2202
5818 2 2 5 1 2248 1564 4095
5819 2 2 5 1 615 608 616
5820 2 2 5 1 3154 372 3986
5821 2 2 5 1 1801 1803 3312
5822 2 2 5 1 2066 4192 4208
5823 2 2 5 1 899 901 909
5824 2 2 5 1 1708 1709 2187
5825 2 2 5 1 3243 2247 3504
5826 2 2 5 1 959 957 2299
5827 2 2 5 1 1260 652 1335
5828 2 2 5 1 2062 2063 2092
5829 2 2 5 1 2909 2910 2913
5830 2 2 5 1 588 1253 1254
5831 2 2 5 1 1647 850 2952
5832 2 2 5 1 2183 3407 3906
5833 2 2 5 1 2240 3516 3763
5834 2 2 5 1 2123 2121 3098
5835 2 2 5 1 2269 2270 3794
5836 2 2 5 1 2377 2381 2382
5837 2 2 5 1 856 2364 4472
5838 2 2 5 1 2092 2093 2488
5839 2 2 5 1 3013 1993 3694
5840 2 2 5 1 758 759 760
5841 2 2 5 1 2849 577 3354
5842 2 2 5 1 607 603 608
5843 2 2 5 1 1110 1116 3529
5844 2 2 5 1 3514 1018 3743
5845 2 2 5 1 2298 3484 3901
5846 2 2 5 1 1216 1454 1796
5847 2 2 5 1 2211 2212 2213
5848 2 2 5 1 646 780 3374
5849 2 2 5 1 3411 3537 4052
5850 2 2 5 1 2325 1809 3360
5851 2 2 5 1 1178 1179 1180
5852 2 2 5 1 905 907 956
5853 2 2 5 1 1429 1427 1686
5854 2 2 5 1 1007 1008 1009
5855 2 2 5 1 458 3050 3675
5856 2 2 5 1 2091 3039 3847
5857 2 2 5 1 3143 1540 3383
5858 2 2 5 1 2910 1519 2911
5859 2 2 5 1 2203 3533 4139
5860 2 2 5 1 3011 2588 4467
5861 2 2 5 1 1345 1252 2240
5862 2 2 5 1 896 897 1256
5863 2 2 5 1 2291 3510 3821
5864 2 2 5 1 3260 3458 3459
5865 2 2 5 1 809 3845 3975
5866 2 2 5 1 710 1975 3368
5867 2 2 5 1 2625 916 3938
5868 2 2 5 1 547 545 612
5869 2 2 5 1 1765 1961 3488
5870 2 2 5 1 770 722 3362
5871 2 2 5 1 2938 2935 2939
5872 2 2 5 1 2298 3514 3743
5873 2 2 5 1 1065 1159 3232
5874 2 2 5 1 1262 1356 1357
5875 2 2 5 1 1414 1413 3340
5876 2 2 5 1 428 1088 3454
5877 2 2 5 1 1232 1231 1329
5878 2 2 5 1 2798 1861 3493
5879 2 2 5 1 2851 2849 3354
5880 2 2 5 1 944 1614 3360
5881 2 2 5 1 1499 1500 1501
5882 2 2 5 1 1161 1163 3358
5883 2 2 5 1 1248 487 3319
5884 2 2 5 1 1750 1640 2195
5885 2 2 5 1 3271 1996 4136
5886 2 2 5 1 1330 1329 1413
5887 2 2 5 1 1148 1288 1380
5888 2 2 5 1 3057 1813 4046
5889 2 2 5 1 2288 3266 3571
5890 2 2 5 1 3668 2227 3859
5891 2 2 5 1 979 1106 3510
5892 2 2 5 1 3890 2414 4508
5893 2 2 5 1 602 599 603
5894 2 2 5 1 1275 1277 2262
5895 2 2 5 1 2517 1439 3863
5896 2 2 5 1 342 343 3511
5897 2 2 5 1 1293 1292 1294
5898 2 2 5 1 2365 2076 4318
5899 2 2 5 1 1616 2867 4020
5900 2 2 5 1 2383 2384 4451
5901 2 2 5 1 3779 2328 4395
5902 2 2 5 1 1344 1343 1640
5903 2 2 5 1 3757 2783 4444
5904 2 2 5 1 726 785 3779
5905 2 2 5 1 706 3347 3677
5906 2 2 5 1 1334 1103 3317
5907 2 2 5 1 261 262 3528
5908 2 2 5 1 826 936 937
5909 2 2 5 1 760 761 3274
5910 2 2 5 1 1260 1335 1613
5911 2 2 5 1 1291 1047 1292
5912 2 2 5 1 1872 2857 4237
5913 2 2 5 1 232 362 4157
5914 2 2 5 1 2977 2975 3758
5915 2 2 5 1 3725 647 4385
5916 2 2 5 1 3287 3283 3519
5917 2 2 5 1 2301 2300 2302
5918 2 2 5 1 2353 3357 3954
5919 2 2 5 1 600 597 1300
5920 2 2 5 1 712 710 3368
5921 2 2 5 1 986 1054 1148
5922 2 2 5 1 596 599 602
5923 2 2 5 1 483 481 742
5924 2 2 5 1 1011 1010 1012
5925 2 2 5 1 1288 1054 1670
5926 2 2 5 1 1185 1156 4161
5927 2 2 5 1 3278 1062 3553
5928 2 2 5 1 2484 2225 3945
5929 2 2 5 1 2209 2210 2211
5930 2 2 5 1 2894 648 3976
5931 2 2 5 1 2700 4434 4495
5932 2 2 5 1 2213 2212 2467
5933 2 2 5 1 1759 3321 3661
5934 2 2 5 1 595 3165 4001
5935 2 2 5 1 635 1249 3377
5936 2 2 5 1 3017 3637 4214
5937 2 2 5 1 1760 3112 4094
5938 2 2 5 1 838 524 3379
5939 2 2 5 1 464 467 3942
5940 2 2 5 1 3694 3326 3701
5941 2 2 5 1 2339 2189 3703
5942 2 2 5 1 223 302 4242
5943 2 2 5 1 301 222 4243
5944 2 2 5 1 669 670 671
5945 2 2 5 1 3245 1096 3350
5946 2 2 5 1 1910 1994 3596
5947 2 2 5 1 2195 2673 4221
5948 2 2 5 1 622 2850 3603
5949 2 2 5 1 780 946 3374
5950 2 2 5 1 2327 3972 4498
5951 2 2 5 1 2326 2202 2327
5952 2 2 5 1 2052 2053 2054
5953 2 2 5 1 524 526 3379
5954 2 2 5 1 801 839 3729
5955 2 2 5 1 1090 1021 3504
5956 2 2 5 1 866 913 914
5957 2 2 5 1 656 445 3435
5958 2 2 5 1 1734 1985 3367
5959 2 2 5 1 1275 1276 1277
5960 2 2 5 1 259 223 4242
5961 2 2 5 1 222 226 4243
5962 2 2 5 1 224 260 3520
5963 2 2 5 1 401 3903 4073
5964 2 2 5 1 1277 1276 3194
5965 2 2 5 1 2188 2187 3241
5966 2 2 5 1 2306 2305 2307
5967 2 2 5 1 1436 2006 3474
5968 2 2 5 1 3992 2898 4275
5969 2 2 5 1 2185 2748 3852
5970 2 2 5 1 2133 3681 4409
5971 2 2 5 1 829 831 833
5972 2 2 5 1 1665 1784 3341
5973 2 2 5 1 543 541 1297
5974 2 2 5 1 683 684 685
5975 2 2 5 1 2196 2197 3455
5976 2 2 5 1 834 2342 4516
5977 2 2 5 1 2224 2996 3945
5978 2 2 5 1 3296 1644 3378
5979 2 2 5 1 1767 2547 3327
5980 2 2 5 1 2694 3486 3891
5981 2 2 5 1 2198 2908 3676
5982 2 2 5 1 921 2625 4126
5983 2 2 5 1 1540 1542 3383
5984 2 2 5 1 2860 1508 4497
5985 2 2 5 1 2262 1277 2263
5986 2 2 5 1 4030 352 4424
5987 2 2 5 1 2127 1590 3873
5988 2 2 5 1 2158 2140 2516
5989 2 2 5 1 2925 2921 2926
5990 2 2 5 1 3130 3760 4363
5991 2 2 5 1 555 553 604
5992 2 2 5 1 2846 2848 3916
5993 2 2 5 1 455 458 3675
5994 2 2 5 1 1997 2478 3373
5995 2 2 5 1 3439 390 4133
5996 2 2 5 1 1234 1379 3317
5997 2 2 5 1 2604 2455 3041
5998 2 2 5 1 1250 1137 3914
5999 2 2 5 1 593 589 3460
6000 2 2 5 1 2097 1634 4190
6001 2 2 5 1 3791 3286 4069
6002 2 2 5 1 2546 2352 4385
6003 2 2 5 1 835 850 1304
6004 2 2 5 1 783 824 826
6005 2 2 5 1 761 763 765
6006 2 2 5 1 1778 3113 4218
6007 2 2 5 1 1977 1976 3861
6008 2 2 5 1 685 686 687
6009 2 2 5 1 1774 3224 3225
6010 2 2 5 1 1865 1387 3644
6011 2 2 5 1 1897 3305 3545
6012 2 2 5 1 1535 3477 4078
6013 2 2 5 1 3268 774 3529
6014 2 2 5 1 2654 1964 3720
6015 2 2 5 1 1813 3099 4144
6016 2 2 5 1 717 740 3502
6017 2 2 5 1 869 3117 3959
6018 2 2 5 1 793 732 3588
6019 2 2 5 1 3345 2699 4201
6020 2 2 5 1 1210 3230 3501
6021 2 2 5 1 862 1669 3702
6022 2 2 5 1 687 688 690
6023 2 2 5 1 1033 1034 1036
6024 2 2 5 1 1266 3264 4141
6025 2 2 5 1 551 549 1287
6026 2 2 5 1 1827 2529 2970
6027 2 2 5 1 878 1027 3361
6028 2 2 5 1 1169 3782 4113
6029 2 2 5 1 1633 1292 3865
6030 2 2 5 1 690 691 692
6031 2 2 5 1 984 844 3382
6032 2 2 5 1 1390 1189 3408
6033 2 2 5 1 2233 1740 4474
6034 2 2 5 1 522 838 3434
6035 2 2 5 1 2564 2108 3809
6036 2 2 5 1 3338 1256 3479
6037 2 2 5 1 1563 1241 3530
6038 2 2 5 1 3886 2190 3887
6039 2 2 5 1 2183 1637 3407
6040 2 2 5 1 2211 2210 2212
6041 2 2 5 1 692 693 695
6042 2 2 5 1 2691 3217 3505
6043 2 2 5 1 1650 3380 3455
6044 2 2 5 1 2209 2160 2210
6045 2 2 5 1 1958 2564 3423
6046 2 2 5 1 1869 3018 4474
6047 2 2 5 1 2933 2921 4104
6048 2 2 5 1 1262 1639 3763
6049 2 2 5 1 364 296 4154
6050 2 2 5 1 2007 1700 2258
6051 2 2 5 1 2270 2621 3589
6052 2 2 5 1 2077 4115 4228
6053 2 2 5 1 2134 3998 4310
6054 2 2 5 1 1224 1364 3413
6055 2 2 5 1 695 696 726
6056 2 2 5 1 666 665 3412
6057 2 2 5 1 987 989 3365
6058 2 2 5 1 860 862 3702
6059 2 2 5 1 1189 1188 3408
6060 2 2 5 1 534 631 3648
6061 2 2 5 1 1304 1647 1708
6062 2 2 5 1 1865 3087 4155
6063 2 2 5 1 1423 1422 1426
6064 2 2 5 1 2711 2021 3853
6065 2 2 5 1 3321 2205 3661
6066 2 2 5 1 2029 2030 2031
6067 2 2 5 1 2710 633 3841
6068 2 2 5 1 1144 1347 3369
6069 2 2 5 1 3347 2256 3677
6070 2 2 5 1 1249 646 3374
6071 2 2 5 1 1426 1713 1714
6072 2 2 5 1 1049 931 3553
6073 2 2 5 1 3994 2540 4180
6074 2 2 5 1 1530 1531 1689
6075 2 2 5 1 1285 3062 4061
6076 2 2 5 1 572 570 3433
6077 2 2 5 1 1699 1698 1719
6078 2 2 5 1 3147 2465 4292
6079 2 2 5 1 2512 1838 4026
6080 2 2 5 1 3130 2691 3505
6081 2 2 5 1 2005 1843 3857
6082 2 2 5 1 1284 1435 3376
6083 2 2 5 1 536 652 1260
6084 2 2 5 1 774 1110 3529
6085 2 2 5 1 1627 1345 1700
6086 2 2 5 1 559 557 3424
6087 2 2 5 1 1449 1378 3478
6088 2 2 5 1 618 609 3396
6089 2 2 5 1 3255 2661 4017
6090 2 2 5 1 1252 1056 3516
6091 2 2 5 1 432 434 3660
6092 2 2 5 1 1143 984 3471
6093 2 2 5 1 589 588 3460
6094 2 2 5 1 2557 2632 3751
6095 2 2 5 1 3488 1961 3732
6096 2 2 5 1 2111 1666 4094
6097 2 2 5 1 568 566 3441
6098 2 2 5 1 2488 2489 2663
6099 2 2 5 1 1304 3059 3830
6100 2 2 5 1 2929 3920 3982
6101 2 2 5 1 874 876 3403
6102 2 2 5 1 2112 1313 3680
6103 2 2 5 1 3122 1544 4137
6104 2 2 5 1 593 3460 4283
6105 2 2 5 1 1861 3346 3493
6106 2 2 5 1 760 3274 3275
6107 2 2 5 1 2675 2284 3782
6108 2 2 5 1 3269 3268 3529
6109 2 2 5 1 1714 2135 2610
6110 2 2 5 1 1556 1924 3811
6111 2 2 5 1 46 47 852
6112 2 2 5 1 2229 2117 3295
6113 2 2 5 1 1260 2113 3540
6114 2 2 5 1 1743 1916 3813
6115 2 2 5 1 2958 2972 3766
6116 2 2 5 1 2195 1640 3186
6117 2 2 5 1 3305 2127 3545
6118 2 2 5 1 1501 1504 1506
6119 2 2 5 1 1986 1712 2192
6120 2 2 5 1 2997 2603 3846
6121 2 2 5 1 3086 355 3876
6122 2 2 5 1 2369 2371 2372
6123 2 2 5 1 385 3036 4206
6124 2 2 5 1 3637 2798 4214
6125 2 2 5 1 3203 1210 3501
6126 2 2 5 1 3018 3019 4474
6127 2 2 5 1 1271 1151 3384
6128 2 2 5 1 477 475 1059
6129 2 2 5 1 1624 666 3412
6130 2 2 5 1 1726 1911 4026
6131 2 2 5 1 1319 1320 3407
6132 2 2 5 1 3065 2234 4308
6133 2 2 5 1 518 1632 3660
6134 2 2 5 1 3158 3160 3806
6135 2 2 5 1 2218 2220 3741
6136 2 2 5 1 671 672 673
6137 2 2 5 1 1219 705 4307
6138 2 2 5 1 2599 2598 4368
6139 2 2 5 1 1046 1267 3473
6140 2 2 5 1 1225 1224 3413
6141 2 2 5 1 705 500 3846
6142 2 2 5 1 1786 1558 3421
6143 2 2 5 1 2998 1975 3836
6144 2 2 5 1 1335 1656 3375
6145 2 2 5 1 2004 2315 3542
6146 2 2 5 1 609 611 3396
6147 2 2 5 1 2223 3804 4046
6148 2 2 5 1 1761 3303 3519
6149 2 2 5 1 3266 962 3571
6150 2 2 5 1 959 2299 2300
6151 2 2 5 1 2672 1897 3545
6152 2 2 5 1 1069 1067 3451
6153 2 2 5 1 3165 2681 4001
6154 2 2 5 1 862 864 1669
6155 2 2 5 1 1062 1049 3553
6156 2 2 5 1 926 959 3730
6157 2 2 5 1 2559 2102 3557
6158 2 2 5 1 616 608 3355
6159 2 2 5 1 926 957 959
6160 2 2 5 1 1000 1003 3388
6161 2 2 5 1 1273 1083 4367
6162 2 2 5 1 3527 1505 4179
6163 2 2 5 1 732 734 3588
6164 2 2 5 1 2170 2471 2723
6165 2 2 5 1 566 596 3441
6166 2 2 5 1 1796 1797 1923
6167 2 2 5 1 2737 2528 3549
6168 2 2 5 1 151 150 689
6169 2 2 5 1 1265 1285 4061
6170 2 2 5 1 1784 2581 3341
6171 2 2 5 1 473 470 3281
6172 2 2 5 1 4004 2969 4079
6173 2 2 5 1 973 3770 3835
6174 2 2 5 1 982 970 983
6175 2 2 5 1 2381 3293 3918
6176 2 2 5 1 2594 2095 3940
6177 2 2 5 1 2304 2306 4381
6178 2 2 5 1 2651 2652 3936
6179 2 2 5 1 673 674 675
6180 2 2 5 1 1542 1717 3383
6181 2 2 5 1 2310 2075 4033
6182 2 2 5 1 1855 1856 1973
6183 2 2 5 1 624 639 3728
6184 2 2 5 1 809 811 3845
6185 2 2 5 1 1261 840 3401
6186 2 2 5 1 2206 2257 4110
6187 2 2 5 1 4109 2276 4503
6188 2 2 5 1 962 1042 3571
6189 2 2 5 1 3314 4370 4402
6190 2 2 5 1 2939 3461 3462
6191 2 2 5 1 1625 2112 2142
6192 2 2 5 1 1424 1414 3340
6193 2 2 5 1 3950 1513 4165
6194 2 2 5 1 2214 3263 3980
6195 2 2 5 1 1989 3530 3678
6196 2 2 5 1 1295 1801 3844
6197 2 2 5 1 3013 1639 4189
6198 2 2 5 1 1182 3586 4289
6199 2 2 5 1 1632 520 3434
6200 2 2 5 1 3237 2340 3450
6201 2 2 5 1 2728 1158 4448
6202 2 2 5 1 3380 2196 3455
6203 2 2 5 1 3123 2851 3354
6204 2 2 5 1 175 174 679
6205 2 2 5 1 1803 1804 1946
6206 2 2 5 1 759 757 4492
6207 2 2 5 1 1387 1569 3644
6208 2 2 5 1 3530 2247 3678
6209 2 2 5 1 3054 3396 4419
6210 2 2 5 1 876 3361 3403
6211 2 2 5 1 1047 3453 3865
6212 2 2 5 1 2031 2032 2033
6213 2 2 5 1 1188 1340 3408
6214 2 2 5 1 3953 3003 4236
6215 2 2 5 1 3108 3746 3747
6216 2 2 5 1 1323 2792 4369
6217 2 2 5 1 976 3233 3831
6218 2 2 5 1 3304 1777 3639
6219 2 2 5 1 931 3426 3553
6220 2 2 5 1 897 899 3479
6221 2 2 5 1 3195 3960 4183
6222 2 2 5 1 4227 3044 4277
6223 2 2 5 1 2261 2968 4262
6224 2 2 5 1 1680 465 3581
6225 2 2 5 1 1131 3018 4295
6226 2 2 5 1 1565 1850 1852
6227 2 2 5 1 1672 3010 3490
6228 2 2 5 1 4069 3894 4331
6229 2 2 5 1 3060 2112 3472
6230 2 2 5 1 662 3145 4173
6231 2 2 5 1 1475 3921 4009
6232 2 2 5 1 1801 1802 1803
6233 2 2 5 1 1145 983 1220
6234 2 2 5 1 64 65 828
6235 2 2 5 1 2975 1842 3758
6236 2 2 5 1 2189 3502 3703
6237 2 2 5 1 3182 789 4288
6238 2 2 5 1 1776 2193 4136
6239 2 2 5 1 1443 1634 1701
6240 2 2 5 1 366 3668 3859
6241 2 2 5 1 576 574 3425
6242 2 2 5 1 3502 928 3703
6243 2 2 5 1 3034 3414 3457
6244 2 2 5 1 1894 3813 3881
6245 2 2 5 1 840 803 3401
6246 2 2 5 1 1548 1403 3579
6247 2 2 5 1 982 983 1145
6248 2 2 5 1 2672 1156 4326
6249 2 2 5 1 3077 3993 4496
6250 2 2 5 1 1367 1221 3450
6251 2 2 5 1 986 977 987
6252 2 2 5 1 645 534 3648
6253 2 2 5 1 932 874 3403
6254 2 2 5 1 1558 1559 3421
6255 2 2 5 1 928 800 4514
6256 2 2 5 1 2372 2374 2375
6257 2 2 5 1 2287 1450 3490
6258 2 2 5 1 2308 1786 3421
6259 2 2 5 1 3176 3406 3980
6260 2 2 5 1 726 727 728
6261 2 2 5 1 2152 4043 4502
6262 2 2 5 1 2331 1940 3476
6263 2 2 5 1 4268 3376 4431
6264 2 2 5 1 1089 3255 3415
6265 2 2 5 1 1953 2479 3690
6266 2 2 5 1 520 522 3434
6267 2 2 5 1 1670 1054 3365
6268 2 2 5 1 2681 2680 3575
6269 2 2 5 1 1637 1319 3407
6270 2 2 5 1 3362 645 3648
6271 2 2 5 1 1703 1336 1712
6272 2 2 5 1 731 794 3622
6273 2 2 5 1 3081 1536 3896
6274 2 2 5 1 1433 1431 1824
6275 2 2 5 1 1936 1933 3927
6276 2 2 5 1 665 724 3412
6277 2 2 5 1 1852 1850 2525
6278 2 2 5 1 344 2898 4446
6279 2 2 5 1 2126 1613 3375
6280 2 2 5 1 1924 2227 3668
6281 2 2 5 1 4046 1813 4144
6282 2 2 5 1 1994 2328 3778
6283 2 2 5 1 1145 1220 1343
6284 2 2 5 1 949 947 3637
6285 2 2 5 1 1525 3069 3569
6286 2 2 5 1 3225 3224 4305
6287 2 2 5 1 355 3042 3748
6288 2 2 5 1 3092 2421 3995
6289 2 2 5 1 1343 1220 1565
6290 2 2 5 1 1845 1719 2303
6291 2 2 5 1 2645 2644 4040
6292 2 2 5 1 1973 2170 2171
6293 2 2 5 1 1872 4237 4373
6294 2 2 5 1 938 979 3510
6295 2 2 5 1 2622 401 4073
6296 2 2 5 1 2193 3271 4136
6297 2 2 5 1 4050 3257 4100
6298 2 2 5 1 2942 2234 3735
6299 2 2 5 1 2333 2476 3639
6300 2 2 5 1 2837 1835 4035
6301 2 2 5 1 1172 1174 1312
6302 2 2 5 1 1050 966 3473
6303 2 2 5 1 1922 1873 3993
6304 2 2 5 1 2585 2584 3744
6305 2 2 5 1 47 48 3420
6306 2 2 5 1 849 3037 4333
6307 2 2 5 1 2866 1140 3961
6308 2 2 5 1 2388 3592 4247
6309 2 2 5 1 1852 2525 2526
6310 2 2 5 1 1047 967 3453
6311 2 2 5 1 958 975 976
6312 2 2 5 1 1334 3045 3913
6313 2 2 5 1 1927 1367 3450
6314 2 2 5 1 763 766 3546
6315 2 2 5 1 3069 1524 3569
6316 2 2 5 1 3468 3212 4062
6317 2 2 5 1 1707 1261 3401
6318 2 2 5 1 2757 2760 3812
6319 2 2 5 1 2006 2255 4029
6320 2 2 5 1 4371 2327 4498
6321 2 2 5 1 1031 1232 3512
6322 2 2 5 1 3304 3639 3826
6323 2 2 5 1 1966 1671 2555
6324 2 2 5 1 3318 938 3510
6325 2 2 5 1 1613 1335 3375
6326 2 2 5 1 419 1266 4023
6327 2 2 5 1 3116 1550 3984
6328 2 2 5 1 2137 1905 3866
6329 2 2 5 1 1960 1684 3946
6330 2 2 5 1 588 1254 3460
6331 2 2 5 1 84 85 837
6332 2 2 5 1 2491 3025 3066
6333 2 2 5 1 2319 3016 4322
6334 2 2 5 1 3251 2006 4029
6335 2 2 5 1 1826 1576 2362
6336 2 2 5 1 1652 2746 4132
6337 2 2 5 1 594 572 3433
6338 2 2 5 1 1878 1718 3797
6339 2 2 5 1 1855 1441 1856
6340 2 2 5 1 1845 2880 4463
6341 2 2 5 1 3166 3051 3898
6342 2 2 5 1 2423 2417 2424
6343 2 2 5 1 761 765 3274
6344 2 2 5 1 1533 2106 3631
6345 2 2 5 1 1940 2350 3476
6346 2 2 5 1 3091 2421 3092
6347 2 2 5 1 1253 586 3432
6348 2 2 5 1 823 970 982
6349 2 2 5 1 1766 3427 3710
6350 2 2 5 1 872 792 3485
6351 2 2 5 1 792 776 3485
6352 2 2 5 1 586 584 3432
6353 2 2 5 1 2172 1470 4344
6354 2 2 5 1 1999 1720 3710
6355 2 2 5 1 3485 1631 3486
6356 2 2 5 1 676 678 3381
6357 2 2 5 1 756 758 790
6358 2 2 5 1 4371 4498 4516
6359 2 2 5 1 2121 2119 3513
6360 2 2 5 1 1043 965 3739
6361 2 2 5 1 2274 3938 4509
6362 2 2 5 1 2954 353 4185
6363 2 2 5 1 3921 2506 4009
6364 2 2 5 1 3646 1300 4182
6365 2 2 5 1 2089 1533 3631
6366 2 2 5 1 1631 656 3435
6367 2 2 5 1 3221 1300 4252
6368 2 2 5 1 2204 1688 3953
6369 2 2 5 1 1993 3326 3694
6370 2 2 5 1 1972 2273 2274
6371 2 2 5 1 1839 2511 4327
6372 2 2 5 1 967 1084 3453
6373 2 2 5 1 1364 2180 3413
6374 2 2 5 1 2068 2056 2069
6375 2 2 5 1 3478 1378 3716
6376 2 2 5 1 4192 2834 4208
6377 2 2 5 1 3290 1391 3482
6378 2 2 5 1 1750 2195 3483
6379 2 2 5 1 1067 3232 3451
6380 2 2 5 1 3016 2002 3752
6381 2 2 5 1 611 605 3646
6382 2 2 5 1 63 64 3443
6383 2 2 5 1 1973 1856 2170
6384 2 2 5 1 1947 1797 2277
6385 2 2 5 1 2539 2271 3949
6386 2 2 5 1 3405 563 3507
6387 2 2 5 1 820 807 3975
6388 2 2 5 1 3459 3458 3742
6389 2 2 5 1 3138 3026 3971
6390 2 2 5 1 333 334 3738
6391 2 2 5 1 3098 2633 3538
6392 2 2 5 1 1142 1014 3526
6393 2 2 5 1 3400 1944 3748
6394 2 2 5 1 2265 2546 3681
6395 2 2 5 1 2154 1759 3661
6396 2 2 5 1 1121 1237 4210
6397 2 2 5 1 728 729 788
6398 2 2 5 1 1024 2519 4449
6399 2 2 5 1 1221 3237 3450
6400 2 2 5 1 1014 881 3526
6401 2 2 5 1 924 926 3730
6402 2 2 5 1 3267 4093 4181
6403 2 2 5 1 434 518 3660
6404 2 2 5 1 1256 897 3479
6405 2 2 5 1 640 630 3543
6406 2 2 5 1 1691 4150 4440
6407 2 2 5 1 823 675 970
6408 2 2 5 1 3099 1839 4246
6409 2 2 5 1 584 595 3432
6410 2 2 5 1 2745 1652 4511
6411 2 2 5 1 3843 2248 4095
6412 2 2 5 1 750 752 789
6413 2 2 5 1 859 940 3452
6414 2 2 5 1 2530 4217 4505
6415 2 2 5 1 1825 2317 3572
6416 2 2 5 1 1464 1467 2519
6417 2 2 5 1 1656 1871 3375
6418 2 2 5 1 2287 3490 3875
6419 2 2 5 1 574 594 3425
6420 2 2 5 1 2940 2932 3862
6421 2 2 5 1 1380 1288 1705
6422 2 2 5 1 3398 928 4514
6423 2 2 5 1 1670 3365 3669
6424 2 2 5 1 1204 1069 3451
6425 2 2 5 1 895 559 3424
6426 2 2 5 1 361 3002 3870
6427 2 2 5 1 3639 2476 3826
6428 2 2 5 1 1957 1958 3603
6429 2 2 5 1 966 1046 3473
6430 2 2 5 1 893 859 3452
6431 2 2 5 1 2607 3768 4167
6432 2 2 5 1 3373 385 4206
6433 2 2 5 1 1974 1711 3994
6434 2 2 5 1 1988 2161 4188
6435 2 2 5 1 2991 4317 4455
6436 2 2 5 1 4144 3099 4246
6437 2 2 5 1 2022 2023 2024
6438 2 2 5 1 736 871 3956
6439 2 2 5 1 1285 3376 4268
6440 2 2 5 1 3527 2348 3983
6441 2 2 5 1 1187 1576 1825
6442 2 2 5 1 1903 2137 3953
6443 2 2 5 1 2830 667 3850
6444 2 2 5 1 2242 3215 4248
6445 2 2 5 1 1941 2331 3755
6446 2 2 5 1 2291 3318 3510
6447 2 2 5 1 1991 1685 3867
6448 2 2 5 1 3302 3304 3600
6449 2 2 5 1 3182 3704 4096
6450 2 2 5 1 3481 3469 4515
6451 2 2 5 1 2282 2708 4398
6452 2 2 5 1 1629 568 3441
6453 2 2 5 1 4095 1564 4227
6454 2 2 5 1 2268 3981 4477
6455 2 2 5 1 3260 3459 3665
6456 2 2 5 1 3287 3519 3802
6457 2 2 5 1 1752 1750 3483
6458 2 2 5 1 899 909 3479
6459 2 2 5 1 1040 1041 1171
6460 2 2 5 1 1478 1476 1479
6461 2 2 5 1 745 706 3677
6462 2 2 5 1 2075 2081 4033
6463 2 2 5 1 2250 4361 4496
6464 2 2 5 1 3108 2100 3746
6465 2 2 5 1 1879 3492 4054
6466 2 2 5 1 2240 1252 3516
6467 2 2 5 1 570 1629 3433
6468 2 2 5 1 1117 1131 4295
6469 2 2 5 1 537 536 3540
6470 2 2 5 1 152 151 3428
6471 2 2 5 1 3303 3302 3600
6472 2 2 5 1 150 149 3595
6473 2 2 5 1 1148 1054 1288
6474 2 2 5 1 975 1024 3810
6475 2 2 5 1 3010 1870 3875
6476 2 2 5 1 3942 2731 4381
6477 2 2 5 1 1450 1294 3490
6478 2 2 5 1 1171 1172 3680
6479 2 2 5 1 2802 3334 3775
6480 2 2 5 1 2483 2778 3962
6481 2 2 5 1 2275 2181 3604
6482 2 2 5 1 1658 1660 3508
6483 2 2 5 1 3712 4074 4208
6484 2 2 5 1 788 729 3222
6485 2 2 5 1 3681 1534 4409
6486 2 2 5 1 1660 2343 3508
6487 2 2 5 1 1720 1766 3710
6488 2 2 5 1 1958 3423 3603
6489 2 2 5 1 1825 1826 2317
6490 2 2 5 1 1187 1180 1575
6491 2 2 5 1 1268 576 3425
6492 2 2 5 1 887 801 3729
6493 2 2 5 1 1040 1171 1216
6494 2 2 5 1 1023 607 3643
6495 2 2 5 1 2197 4003 4160
6496 2 2 5 1 3127 3128 3714
6497 2 2 5 1 1216 1796 3740
6498 2 2 5 1 2353 3954 4219
6499 2 2 5 1 62 63 3560
6500 2 2 5 1 3608 2869 4323
6501 2 2 5 1 2617 2708 4414
6502 2 2 5 1 3490 3010 3875
6503 2 2 5 1 684 3251 4029
6504 2 2 5 1 976 977 986
6505 2 2 5 1 1294 1672 3490
6506 2 2 5 1 607 615 3643
6507 2 2 5 1 2290 1946 3378
6508 2 2 5 1 2952 855 3601
6509 2 2 5 1 545 543 3539
6510 2 2 5 1 3242 3408 3811
6511 2 2 5 1 1773 1774 2166
6512 2 2 5 1 1968 1967 4185
6513 2 2 5 1 3519 3303 3802
6514 2 2 5 1 1910 3333 4013
6515 2 2 5 1 154 153 1491
6516 2 2 5 1 1804 1802 3168
6517 2 2 5 1 1036 1037 1040
6518 2 2 5 1 1739 937 3512
6519 2 2 5 1 3603 2850 4123
6520 2 2 5 1 1625 2142 2143
6521 2 2 5 1 3326 1700 3701
6522 2 2 5 1 3227 2826 3917
6523 2 2 5 1 3005 1153 4479
6524 2 2 5 1 2329 2285 3948
6525 2 2 5 1 776 1631 3485
6526 2 2 5 1 1880 1881 1882
6527 2 2 5 1 1943 3201 3689
6528 2 2 5 1 1796 1454 1797
6529 2 2 5 1 112 111 1002
6530 2 2 5 1 1448 3014 4189
6531 2 2 5 1 2941 2939 3463
6532 2 2 5 1 48 49 2404
6533 2 2 5 1 1623 2111 3828
6534 2 2 5 1 2156 2979 3140
6535 2 2 5 1 628 1636 3543
6536 2 2 5 1 2993 2322 3576
6537 2 2 5 1 873 2732 4184
6538 2 2 5 1 613 537 3540
6539 2 2 5 1 405 3245 3903
6540 2 2 5 1 1680 3006 4177
6541 2 2 5 1 1701 2097 2098
6542 2 2 5 1 2335 2261 4129
6543 2 2 5 1 2119 2229 3513
6544 2 2 5 1 3391 2369 3392
6545 2 2 5 1 2549 3182 4096
6546 2 2 5 1 1368 1652 4132
6547 2 2 5 1 1564 3044 4227
6548 2 2 5 1 2125 2123 3538
6549 2 2 5 1 2220 2221 3665
6550 2 2 5 1 3485 3486 3879
6551 2 2 5 1 1944 2251 3748
6552 2 2 5 1 1715 3587 4431
6553 2 2 5 1 174 173 3436
6554 2 2 5 1 984 3382 3471
6555 2 2 5 1 3195 2288 3960
6556 2 2 5 1 1378 1356 3716
6557 2 2 5 1 498 2997 3846
6558 2 2 5 1 2339 3703 4218
6559 2 2 5 1 3422 1707 4352
6560 2 2 5 1 216 214 4320
6561 2 2 5 1 3456 3066 4348
6562 2 2 5 1 3577 3578 4042
6563 2 2 5 1 1526 3921 4445
6564 2 2 5 1 3568 2470 4146
6565 2 2 5 1 3895 2797 4312
6566 2 2 5 1 742 2777 4219
6567 2 2 5 1 2580 3385 4373
6568 2 2 5 1 1707 3422 3716
6569 2 2 5 1 678 683 3381
6570 2 2 5 1 630 628 3543
6571 2 2 5 1 230 231 4143
6572 2 2 5 1 1289 3260 3665
6573 2 2 5 1 111 110 3456
6574 2 2 5 1 326 366 3859
6575 2 2 5 1 1864 3713 4118
6576 2 2 5 1 832 2700 4495
6577 2 2 5 1 1372 3364 3904
6578 2 2 5 1 1871 1658 3508
6579 2 2 5 1 1677 3579 3788
6580 2 2 5 1 541 539 3590
6581 2 2 5 1 3254 1984 3952
6582 2 2 5 1 3431 2554 4205
6583 2 2 5 1 1184 1203 1321
6584 2 2 5 1 1356 1707 3716
6585 2 2 5 1 3249 1425 3964
6586 2 2 5 1 2155 3296 3378
6587 2 2 5 1 40 41 1202
6588 2 2 5 1 3329 1325 4351
6589 2 2 5 1 2156 3140 3939
6590 2 2 5 1 977 975 3810
6591 2 2 5 1 2584 2007 3693
6592 2 2 5 1 3244 389 3826
6593 2 2 5 1 2992 2322 2993
6594 2 2 5 1 3204 2959 4134
6595 2 2 5 1 986 987 1054
6596 2 2 5 1 857 893 3601
6597 2 2 5 1 2942 3735 3824
6598 2 2 5 1 3134 817 4349
6599 2 2 5 1 3083 1894 3881
6600 2 2 5 1 940 860 3702
6601 2 2 5 1 1009 1010 1011
6602 2 2 5 1 881 1624 3526
6603 2 2 5 1 65 66 3447
6604 2 2 5 1 563 561 3507
6605 2 2 5 1 3155 395 3780
6606 2 2 5 1 2257 2207 3794
6607 2 2 5 1 2166 2202 2326
6608 2 2 5 1 2027 3620 4294
6609 2 2 5 1 3768 2606 4074
6610 2 2 5 1 3300 1860 3895
6611 2 2 5 1 855 857 3601
6612 2 2 5 1 178 177 2039
6613 2 2 5 1 2278 2174 4048
6614 2 2 5 1 3006 2482 3979
6615 2 2 5 1 1454 1313 1625
6616 2 2 5 1 3133 3090 4482
6617 2 2 5 1 1102 1334 3913
6618 2 2 5 1 1923 1797 1947
6619 2 2 5 1 2857 2581 4237
6620 2 2 5 1 1084 1275 3453
6621 2 2 5 1 1216 1313 1454
6622 2 2 5 1 913 912 3744
6623 2 2 5 1 2792 2153 3727
6624 2 2 5 1 1216 1171 1313
6625 2 2 5 1 27 28 1035
6626 2 2 5 1 4083 1845 4463
6627 2 2 5 1 893 3011 4467
6628 2 2 5 1 2273 3773 3899
6629 2 2 5 1 177 176 3558
6630 2 2 5 1 1050 2726 4510
6631 2 2 5 1 197 196 3753
6632 2 2 5 1 766 783 3574
6633 2 2 5 1 3960 3179 4183
6634 2 2 5 1 825 3240 4459
6635 2 2 5 1 2239 2771 4384
6636 2 2 5 1 2007 2258 3693
6637 2 2 5 1 146 145 1488
6638 2 2 5 1 3188 3227 3917
6639 2 2 5 1 3435 2994 3891
6640 2 2 5 1 2284 2283 3782
6641 2 2 5 1 3115 2443 4269
6642 2 2 5 1 362 3690 4157
6643 2 2 5 1 3453 2262 3865
6644 2 2 5 1 2476 2332 4424
6645 2 2 5 1 3777 2935 4213
6646 2 2 5 1 176 175 3437
6647 2 2 5 1 3459 2220 3665
6648 2 2 5 1 2409 2407 2410
6649 2 2 5 1 3906 3164 4458
6650 2 2 5 1 669 671 1381
6651 2 2 5 1 3194 1377 3840
6652 2 2 5 1 937 1031 3512
6653 2 2 5 1 3705 3275 4383
6654 2 2 5 1 45 46 3418
6655 2 2 5 1 1275 2262 3453
6656 2 2 5 1 553 551 3562
6657 2 2 5 1 61 62 2398
6658 2 2 5 1 3492 1236 4054
6659 2 2 5 1 2959 2958 3941
6660 2 2 5 1 539 613 3590
6661 2 2 5 1 1689 1531 1690
6662 2 2 5 1 3087 3086 3876
6663 2 2 5 1 561 895 3507
6664 2 2 5 1 1149 3033 4386
6665 2 2 5 1 3125 1789 4285
6666 2 2 5 1 1831 3261 3760
6667 2 2 5 1 3395 2057 4453
6668 2 2 5 1 2228 3236 4147
6669 2 2 5 1 549 547 3772
6670 2 2 5 1 2423 2444 4278
6671 2 2 5 1 605 600 3646
6672 2 2 5 1 942 1291 3599
6673 2 2 5 1 2326 2327 2571
6674 2 2 5 1 787 820 4455
6675 2 2 5 1 2856 1619 4117
6676 2 2 5 1 163 162 992
6677 2 2 5 1 867 2338 4198
6678 2 2 5 1 41 42 3534
6679 2 2 5 1 1325 1327 4351
6680 2 2 5 1 872 3485 3879
6681 2 2 5 1 2088 1527 2322
6682 2 2 5 1 1178 1180 1187
6683 2 2 5 1 3098 2121 3513
6684 2 2 5 1 818 849 4333
6685 2 2 5 1 2704 1704 3974
6686 2 2 5 1 3111 3588 3956
6687 2 2 5 1 4246 1839 4327
6688 2 2 5 1 3074 3072 3952
6689 2 2 5 1 1131 1119 4210
6690 2 2 5 1 1536 3196 3896
6691 2 2 5 1 2136 3666 4102
6692 2 2 5 1 49 50 3524
6693 2 2 5 1 3647 3768 4074
6694 2 2 5 1 2555 1671 4164
6695 2 2 5 1 993 995 1016
6696 2 2 5 1 963 2757 3812
6697 2 2 5 1 2560 2145 3966
6698 2 2 5 1 3669 3365 3816
6699 2 2 5 1 2074 2075 2076
6700 2 2 5 1 1472 1469 1515
6701 2 2 5 1 173 172 3625
6702 2 2 5 1 2636 3398 4514
6703 2 2 5 1 1713 1422 3666
6704 2 2 5 1 74 75 1183
6705 2 2 5 1 155 154 3521
6706 2 2 5 1 3033 3861 4386
6707 2 2 5 1 2515 2185 3852
6708 2 2 5 1 2951 2949 4412
6709 2 2 5 1 826 1739 3574
6710 2 2 5 1 1544 1231 4137
6711 2 2 5 1 673 675 823
6712 2 2 5 1 870 456 3754
6713 2 2 5 1 94 95 1182
6714 2 2 5 1 357 2969 4004
6715 2 2 5 1 116 115 3569
6716 2 2 5 1 879 3677 3848
6717 2 2 5 1 2992 2132 3800
6718 2 2 5 1 145 144 3550
6719 2 2 5 1 2099 2098 3399
6720 2 2 5 1 3020 1131 4210
6721 2 2 5 1 1233 3311 3689
6722 2 2 5 1 1076 1080 3947
6723 2 2 5 1 67 68 2388
6724 2 2 5 1 2305 1752 3483
6725 2 2 5 1 2492 2494 2495
6726 2 2 5 1 3309 580 4015
6727 2 2 5 1 85 86 3481
6728 2 2 5 1 1408 2319 4322
6729 2 2 5 1 4361 3035 4496
6730 2 2 5 1 697 2995 3988
6731 2 2 5 1 1949 3052 3789
6732 2 2 5 1 2308 2807 4375
6733 2 2 5 1 2163 3300 3895
6734 2 2 5 1 2969 382 4079
6735 2 2 5 1 1703 1986 2510
6736 2 2 5 1 858 856 4472
6737 2 2 5 1 593 3221 4252
6738 2 2 5 1 2520 2774 4105
6739 2 2 5 1 2554 3750 4481
6740 2 2 5 1 3015 2623 3818
6741 2 2 5 1 1250 3914 4003
6742 2 2 5 1 149 148 2243
6743 2 2 5 1 1946 1804 2155
6744 2 2 5 1 3498 3496 4376
6745 2 2 5 1 4212 1697 4425
6746 2 2 5 1 179 178 3552
6747 2 2 5 1 999 1000 1055
6748 2 2 5 1 3311 1943 3689
6749 2 2 5 1 1116 1112 4128
6750 2 2 5 1 3469 3468 4515
6751 2 2 5 1 1832 3369 4284
6752 2 2 5 1 462 464 3942
6753 2 2 5 1 162 161 3564
6754 2 2 5 1 36 37 1200
6755 2 2 5 1 536 1260 3540
6756 2 2 5 1 120 119 3573
6757 2 2 5 1 900 898 3957
6758 2 2 5 1 612 545 3539
6759 2 2 5 1 1948 2902 4380
6760 2 2 5 1 4370 1862 4384
6761 2 2 5 1 60 61 3653
6762 2 2 5 1 156 155 3580
6763 2 2 5 1 122 121 3597
6764 2 2 5 1 959 2301 3730
6765 2 2 5 1 118 117 3591
6766 2 2 5 1 3113 1460 4224
6767 2 2 5 1 2350 1938 3937
6768 2 2 5 1 2351 3921 3922
6769 2 2 5 1 2341 2719 4429
6770 2 2 5 1 2344 3568 4146
6771 2 2 5 1 39 40 3674
6772 2 2 5 1 297 2996 4154
6773 2 2 5 1 44 45 3664
6774 2 2 5 1 2123 3098 3538
6775 2 2 5 1 3374 3185 4019
6776 2 2 5 1 2622 4073 4223
6777 2 2 5 1 3046 2197 4160
6778 2 2 5 1 3245 2286 3903
6779 2 2 5 1 1507 1509 1510
6780 2 2 5 1 999 1055 1295
6781 2 2 5 1 478 495 4120
6782 2 2 5 1 104 103 3409
6783 2 2 5 1 2771 2239 4489
6784 2 2 5 1 115 114 1525
6785 2 2 5 1 2143 2142 2505
6786 2 2 5 1 32 33 1201
6787 2 2 5 1 1431 1429 3662
6788 2 2 5 1 3408 1340 3811
6789 2 2 5 1 1187 1575 1576
6790 2 2 5 1 1071 1204 3742
6791 2 2 5 1 2891 2199 4328
6792 2 2 5 1 2400 2395 2401
6793 2 2 5 1 1801 1702 1802
6794 2 2 5 1 1723 3294 4049
6795 2 2 5 1 166 165 1482
6796 2 2 5 1 144 143 3621
6797 2 2 5 1 121 120 991
6798 2 2 5 1 3511 350 4006
6799 2 2 5 1 1295 1336 1702
6800 2 2 5 1 1701 2098 2099
6801 2 2 5 1 42 43 3577
6802 2 2 5 1 1073 1071 3742
6803 2 2 5 1 3570 2134 3897
6804 2 2 5 1 2231 2232 3788
6805 2 2 5 1 817 813 4349
6806 2 2 5 1 1054 987 3365
6807 2 2 5 1 157 156 1490
6808 2 2 5 1 171 170 3624
6809 2 2 5 1 1342 1651 3867
6810 2 2 5 1 3548 3774 3815
6811 2 2 5 1 956 907 3599
6812 2 2 5 1 1172 1312 3680
6813 2 2 5 1 1866 3532 3533
6814 2 2 5 1 127 126 3608
6815 2 2 5 1 2505 4475 4495
6816 2 2 5 1 2448 3448 4247
6817 2 2 5 1 2164 3389 3912
6818 2 2 5 1 158 157 3610
6819 2 2 5 1 2155 3837 3958
6820 2 2 5 1 160 159 2027
6821 2 2 5 1 2995 1746 4518
6822 2 2 5 1 73 74 3582
6823 2 2 5 1 3289 3332 3817
6824 2 2 5 1 159 158 3620
6825 2 2 5 1 167 166 3606
6826 2 2 5 1 172 171 2037
6827 2 2 5 1 3209 3210 3211
6828 2 2 5 1 3384 1289 4340
6829 2 2 5 1 765 763 3546
6830 2 2 5 1 1106 1282 3821
6831 2 2 5 1 124 123 3626
6832 2 2 5 1 3458 1073 3742
6833 2 2 5 1 1986 2192 2480
6834 2 2 5 1 543 1297 3539
6835 2 2 5 1 75 76 3585
6836 2 2 5 1 117 116 1524
6837 2 2 5 1 126 125 3609
6838 2 2 5 1 1286 1283 4491
6839 2 2 5 1 685 687 1372
6840 2 2 5 1 143 142 1486
6841 2 2 5 1 1964 1941 3755
6842 2 2 5 1 519 437 3864
6843 2 2 5 1 626 624 3728
6844 2 2 5 1 2108 3144 3809
6845 2 2 5 1 109 108 3536
6846 2 2 5 1 3957 898 4493
6847 2 2 5 1 917 919 4225
6848 2 2 5 1 547 612 3772
6849 2 2 5 1 3864 2543 3963
6850 2 2 5 1 1639 1357 4189
6851 2 2 5 1 3944 1509 4389
6852 2 2 5 1 3065 1884 4346
6853 2 2 5 1 648 642 3976
6854 2 2 5 1 2212 2210 3905
6855 2 2 5 1 72 73 3659
6856 2 2 5 1 81 82 2379
6857 2 2 5 1 56 57 3636
6858 2 2 5 1 3349 2122 3658
6859 2 2 5 1 1887 1892 1894
6860 2 2 5 1 3801 2420 4451
6861 2 2 5 1 2338 4057 4198
6862 2 2 5 1 1636 626 3728
6863 2 2 5 1 1803 1802 1804
6864 2 2 5 1 3423 622 3603
6865 2 2 5 1 3562 1287 3563
6866 2 2 5 1 824 825 4459
6867 2 2 5 1 2144 3235 3963
6868 2 2 5 1 55 56 1198
6869 2 2 5 1 168 167 3623
6870 2 2 5 1 2160 2158 3611
6871 2 2 5 1 2916 2917 3598
6872 2 2 5 1 68 69 3592
6873 2 2 5 1 170 169 3652
6874 2 2 5 1 123 122 2083
6875 2 2 5 1 119 118 2085
6876 2 2 5 1 1004 3162 4365
6877 2 2 5 1 3319 421 4023
6878 2 2 5 1 1615 1458 1773
6879 2 2 5 1 138 137 2313
6880 2 2 5 1 180 179 2036
6881 2 2 5 1 3571 1207 3960
6882 2 2 5 1 53 54 3650
6883 2 2 5 1 3211 2420 3801
6884 2 2 5 1 3619 2658 3630
6885 2 2 5 1 58 59 3649
6886 2 2 5 1 2750 2751 4503
6887 2 2 5 1 128 127 1494
6888 2 2 5 1 51 52 3651
6889 2 2 5 1 2425 2424 2426
6890 2 2 5 1 907 942 3599
6891 2 2 5 1 2427 2426 2431
6892 2 2 5 1 142 141 3615
6893 2 2 5 1 833 831 3830
6894 2 2 5 1 2109 3920 4282
6895 2 2 5 1 2923 4392 4393
6896 2 2 5 1 57 58 2397
6897 2 2 5 1 1229 1348 4137
6898 2 2 5 1 169 168 1481
6899 2 2 5 1 3332 2618 3817
6900 2 2 5 1 811 817 3845
6901 2 2 5 1 3890 2458 4415
6902 2 2 5 1 1348 1537 4401
6903 2 2 5 1 3320 1670 4041
6904 2 2 5 1 1789 1722 4285
6905 2 2 5 1 1985 4008 4224
6906 2 2 5 1 54 55 3632
6907 2 2 5 1 37 38 3673
6908 2 2 5 1 1429 1686 3662
6909 2 2 5 1 3821 1583 3842
6910 2 2 5 1 134 133 2295
6911 2 2 5 1 643 621 4345
6912 2 2 5 1 52 53 2405
6913 2 2 5 1 187 186 2049
6914 2 2 5 1 59 60 2396
6915 2 2 5 1 3668 366 4119
6916 2 2 5 1 50 51 2403
6917 2 2 5 1 1217 3308 4312
6918 2 2 5 1 110 109 2493
6919 2 2 5 1 3185 2999 4019
6920 2 2 5 1 1686 1427 3911
6921 2 2 5 1 71 72 2389
6922 2 2 5 1 76 77 3638
6923 2 2 5 1 866 914 3691
6924 2 2 5 1 2299 957 3831
6925 2 2 5 1 3288 3284 3791
6926 2 2 5 1 3923 3925 4425
6927 2 2 5 1 1297 541 3590
6928 2 2 5 1 2941 2528 4263
6929 2 2 5 1 2215 2242 3853
6930 2 2 5 1 3357 514 3954
6931 2 2 5 1 754 756 3704
6932 2 2 5 1 2003 1453 3843
6933 2 2 5 1 125 124 1495
6934 2 2 5 1 133 132 3633
6935 2 2 5 1 820 3975 4010
6936 2 2 5 1 3845 2848 3975
6937 2 2 5 1 35 36 3583
6938 2 2 5 1 2913 2910 2916
6939 2 2 5 1 28 29 3718
6940 2 2 5 1 1248 3319 4439
6941 2 2 5 1 3372 1610 3791
6942 2 2 5 1 868 1262 3763
6943 2 2 5 1 1972 2274 2477
6944 2 2 5 1 871 738 4316
6945 2 2 5 1 1313 1171 3680
6946 2 2 5 1 1123 3987 4011
6947 2 2 5 1 4251 838 4430
6948 2 2 5 1 3562 3563 3977
6949 2 2 5 1 3499 2951 4392
6950 2 2 5 1 3042 3400 3748
6951 2 2 5 1 3019 3020 4059
6952 2 2 5 1 1669 864 3691
6953 2 2 5 1 1329 1544 3996
6954 2 2 5 1 1287 549 3772
6955 2 2 5 1 3129 3130 4092
6956 2 2 5 1 33 34 3686
6957 2 2 5 1 2467 2212 4176
6958 2 2 5 1 905 956 3932
6959 2 2 5 1 1439 3413 3863
6960 2 2 5 1 604 553 3562
6961 2 2 5 1 2927 3824 4457
6962 2 2 5 1 1420 1425 3666
6963 2 2 5 1 1128 3394 3804
6964 2 2 5 1 3259 3158 3806
6965 2 2 5 1 1745 3060 4156
6966 2 2 5 1 1134 2866 4135
6967 2 2 5 1 1717 1716 4444
6968 2 2 5 1 1991 3022 4441
6969 2 2 5 1 2869 3609 4145
6970 2 2 5 1 1703 1712 1986
6971 2 2 5 1 500 498 3846
6972 2 2 5 1 3579 2231 3788
6973 2 2 5 1 43 44 2416
6974 2 2 5 1 3602 1852 4027
6975 2 2 5 1 1886 1887 3083
6976 2 2 5 1 70 71 3687
6977 2 2 5 1 129 128 3612
6978 2 2 5 1 10 11 1452
6979 2 2 5 1 3334 1550 3775
6980 2 2 5 1 3039 2106 4085
6981 2 2 5 1 2280 3527 4179
6982 2 2 5 1 3149 3151 3152
6983 2 2 5 1 139 138 3628
6984 2 2 5 1 3297 3322 3898
6985 2 2 5 1 130 129 3684
6986 2 2 5 1 1340 1556 3811
6987 2 2 5 1 2210 2160 3611
6988 2 2 5 1 600 1300 3646
6989 2 2 5 1 909 901 3682
6990 2 2 5 1 1590 1654 3873
6991 2 2 5 1 186 185 3656
6992 2 2 5 1 1889 3707 3708
6993 2 2 5 1 3273 643 4345
6994 2 2 5 1 132 131 3663
6995 2 2 5 1 1565 1852 3602
6996 2 2 5 1 2154 3661 4004
6997 2 2 5 1 1905 1907 3866
6998 2 2 5 1 105 104 1502
6999 2 2 5 1 3382 798 4111
7000 2 2 5 1 726 728 785
7001 2 2 5 1 634 3038 3915
7002 2 2 5 1 2641 2640 4411
7003 2 2 5 1 3918 2152 4083
7004 2 2 5 1 1883 1885 1886
7005 2 2 5 1 551 1287 3562
7006 2 2 5 1 141 140 3685
7007 2 2 5 1 2920 2921 2925
7008 2 2 5 1 1894 2244 3813
7009 2 2 5 1 1345 2240 3701
7010 2 2 5 1 1825 1576 1826
7011 2 2 5 1 3970 3498 4376
7012 2 2 5 1 2787 2538 4439
7013 2 2 5 1 181 180 3647
7014 2 2 5 1 2090 1977 3861
7015 2 2 5 1 4414 356 4442
7016 2 2 5 1 77 78 2380
7017 2 2 5 1 80 81 3726
7018 2 2 5 1 969 3789 3790
7019 2 2 5 1 3100 2655 4488
7020 2 2 5 1 3518 2503 4360
7021 2 2 5 1 1425 1418 3964
7022 2 2 5 1 2158 2516 3611
7023 2 2 5 1 1924 3668 4051
7024 2 2 5 1 2963 2962 4400
7025 2 2 5 1 3186 1640 3602
7026 2 2 5 1 4025 2444 4042
7027 2 2 5 1 690 692 694
7028 2 2 5 1 3621 1486 4229
7029 2 2 5 1 2586 3289 3817
7030 2 2 5 1 1851 1910 4013
7031 2 2 5 1 3679 2378 4407
7032 2 2 5 1 402 405 3903
7033 2 2 5 1 3135 3573 4416
7034 2 2 5 1 4051 3668 4119
7035 2 2 5 1 3223 1128 3804
7036 2 2 5 1 364 3193 4188
7037 2 2 5 1 454 869 3959
7038 2 2 5 1 137 136 3627
7039 2 2 5 1 2604 3041 4293
7040 2 2 5 1 38 39 2442
7041 2 2 5 1 31 32 3594
7042 2 2 5 1 591 593 4252
7043 2 2 5 1 2578 2575 4352
7044 2 2 5 1 994 3855 4116
7045 2 2 5 1 69 70 2385
7046 2 2 5 1 957 958 3831
7047 2 2 5 1 788 3222 3431
7048 2 2 5 1 2887 2890 4151
7049 2 2 5 1 2611 2135 3841
7050 2 2 5 1 3183 3432 4001
7051 2 2 5 1 3186 3602 4027
7052 2 2 5 1 135 134 3731
7053 2 2 5 1 1321 1443 3893
7054 2 2 5 1 1457 1456 1458
7055 2 2 5 1 1469 1466 4121
7056 2 2 5 1 11 12 3544
7057 2 2 5 1 2161 2230 4343
7058 2 2 5 1 2182 2330 4088
7059 2 2 5 1 1640 1343 3602
7060 2 2 5 1 3509 2950 4412
7061 2 2 5 1 3038 1932 4473
7062 2 2 5 1 2046 2044 2047
7063 2 2 5 1 2566 2292 3218
7064 2 2 5 1 1422 1420 3666
7065 2 2 5 1 164 3566 4064
7066 2 2 5 1 1550 450 3984
7067 2 2 5 1 3738 334 4030
7068 2 2 5 1 2432 2431 2449
7069 2 2 5 1 2930 3967 3968
7070 2 2 5 1 193 192 3696
7071 2 2 5 1 3588 734 3956
7072 2 2 5 1 2832 1776 4136
7073 2 2 5 1 580 578 4015
7074 2 2 5 1 2954 1967 4186
7075 2 2 5 1 3999 2014 4406
7076 2 2 5 1 1012 1033 1039
7077 2 2 5 1 3464 3466 3547
7078 2 2 5 1 3170 2161 4343
7079 2 2 5 1 783 826 3574
7080 2 2 5 1 2134 3070 3998
7081 2 2 5 1 1416 1424 3964
7082 2 2 5 1 140 139 1487
7083 2 2 5 1 3587 1715 4358
7084 2 2 5 1 93 94 3584
7085 2 2 5 1 1278 1618 3955
7086 2 2 5 1 26 27 3531
7087 2 2 5 1 901 903 3682
7088 2 2 5 1 2110 2557 3884
7089 2 2 5 1 3697 2321 4175
7090 2 2 5 1 1207 3179 3960
7091 2 2 5 1 2673 1333 4221
7092 2 2 5 1 2239 2291 3842
7093 2 2 5 1 831 835 3830
7094 2 2 5 1 194 193 2321
7095 2 2 5 1 604 3562 3977
7096 2 2 5 1 2147 2346 3256
7097 2 2 5 1 3552 2039 4167
7098 2 2 5 1 2393 2391 2394
7099 2 2 5 1 872 3438 4111
7100 2 2 5 1 416 963 3919
7101 2 2 5 1 1631 3435 3891
7102 2 2 5 1 2986 2984 4068
7103 2 2 5 1 1610 3288 3791
7104 2 2 5 1 78 79 3679
7105 2 2 5 1 3214 2103 3838
7106 2 2 5 1 2162 2163 3895
7107 2 2 5 1 34 35 2441
7108 2 2 5 1 2366 2367 4318
7109 2 2 5 1 131 130 1496
7110 2 2 5 1 1516 1511 1517
7111 2 2 5 1 1081 2993 3854
7112 2 2 5 1 4083 2152 4502
7113 2 2 5 1 3066 3025 4348
7114 2 2 5 1 864 866 3691
7115 2 2 5 1 3816 1016 4250
7116 2 2 5 1 1916 2190 3667
7117 2 2 5 1 2081 3922 3923
7118 2 2 5 1 1887 1894 3083
7119 2 2 5 1 4054 2629 4272
7120 2 2 5 1 1477 3698 3699
7121 2 2 5 1 3048 3189 4108
7122 2 2 5 1 380 2906 4447
7123 2 2 5 1 3461 2935 3777
7124 2 2 5 1 2434 2436 3717
7125 2 2 5 1 2516 2140 3892
7126 2 2 5 1 2825 3053 4163
7127 2 2 5 1 1615 1773 1775
7128 2 2 5 1 3103 3223 3804
7129 2 2 5 1 3677 2256 3848
7130 2 2 5 1 2978 2977 4036
7131 2 2 5 1 3014 3013 4189
7132 2 2 5 1 4010 2965 4291
7133 2 2 5 1 1343 1565 3602
7134 2 2 5 1 1824 1431 3662
7135 2 2 5 1 365 4045 4338
7136 2 2 5 1 1529 1965 3878
7137 2 2 5 1 514 483 3954
7138 2 2 5 1 1534 720 4086
7139 2 2 5 1 3545 2127 4152
7140 2 2 5 1 1685 1342 3867
7141 2 2 5 1 3464 3547 3549
7142 2 2 5 1 3044 2336 4277
7143 2 2 5 1 647 2876 4385
7144 2 2 5 1 3484 474 3901
7145 2 2 5 1 796 872 4111
7146 2 2 5 1 1295 1055 1336
7147 2 2 5 1 3811 1924 4051
7148 2 2 5 1 1702 1336 1703
7149 2 2 5 1 849 3314 4402
7150 2 2 5 1 1005 1007 1154
7151 2 2 5 1 1457 1458 1615
7152 2 2 5 1 2953 2954 3997
7153 2 2 5 1 182 181 2038
7154 2 2 5 1 2709 1206 4018
7155 2 2 5 1 1946 2155 3378
7156 2 2 5 1 835 1304 3830
7157 2 2 5 1 30 31 3671
7158 2 2 5 1 1700 1345 3701
7159 2 2 5 1 1123 1120 3987
7160 2 2 5 1 1487 3628 4204
7161 2 2 5 1 1871 3255 4017
7162 2 2 5 1 1890 3708 3709
7163 2 2 5 1 3495 3494 3496
7164 2 2 5 1 1137 1150 3914
7165 2 2 5 1 87 88 3721
7166 2 2 5 1 2536 3208 3209
7167 2 2 5 1 2848 2847 4010
7168 2 2 5 1 108 107 1503
7169 2 2 5 1 92 93 3745
7170 2 2 5 1 25 26 3672
7171 2 2 5 1 3676 1723 4049
7172 2 2 5 1 86 87 2461
7173 2 2 5 1 1933 1932 3927
7174 2 2 5 1 4149 2475 4454
7175 2 2 5 1 2979 2359 4294
7176 2 2 5 1 2654 3720 3797
7177 2 2 5 1 760 3275 3705
7178 2 2 5 1 2637 2183 3906
7179 2 2 5 1 88 89 3724
7180 2 2 5 1 3921 1475 4445
7181 2 2 5 1 3167 2091 3847
7182 2 2 5 1 1518 3517 4354
7183 2 2 5 1 95 96 3586
7184 2 2 5 1 1009 1011 1455
7185 2 2 5 1 188 187 3657
7186 2 2 5 1 1690 1531 4039
7187 2 2 5 1 3546 766 3574
7188 2 2 5 1 185 184 3759
7189 2 2 5 1 1059 475 3737
7190 2 2 5 1 79 80 2378
7191 2 2 5 1 1947 2277 3792
7192 2 2 5 1 2915 200 2944
7193 2 2 5 1 3413 2180 3863
7194 2 2 5 1 2289 2290 4041
7195 2 2 5 1 2463 2534 2535
7196 2 2 5 1 2017 2059 4055
7197 2 2 5 1 3751 1792 3884
7198 2 2 5 1 2177 4027 4072
7199 2 2 5 1 1249 3374 4019
7200 2 2 5 1 758 760 3705
7201 2 2 5 1 2219 2217 3874
7202 2 2 5 1 3927 2613 3937
7203 2 2 5 1 2041 2035 2043
7204 2 2 5 1 1930 1991 4473
7205 2 2 5 1 1125 1123 4011
7206 2 2 5 1 3734 2464 4483
7207 2 2 5 1 2996 2724 4154
7208 2 2 5 1 3980 3263 4405
7209 2 2 5 1 2360 2064 3386
7210 2 2 5 1 195 194 3697
7211 2 2 5 1 906 2177 4072
7212 2 2 5 1 2752 3136 4372
7213 2 2 5 1 2177 3186 4027
7214 2 2 5 1 2472 2164 3912
7215 2 2 5 1 1041 1037 3928
7216 2 2 5 1 2225 2224 3945
7217 2 2 5 1 475 473 3737
7218 2 2 5 1 29 30 2454
7219 2 2 5 1 3240 825 4207
7220 2 2 5 1 2614 2551 3974
7221 2 2 5 1 2411 2410 2412
7222 2 2 5 1 2714 4370 4384
7223 2 2 5 1 89 90 1846
7224 2 2 5 1 1468 1471 3342
7225 2 2 5 1 1534 4086 4409
7226 2 2 5 1 4231 1737 4353
7227 2 2 5 1 3144 3383 3965
7228 2 2 5 1 1180 1179 3785
7229 2 2 5 1 945 915 4253
7230 2 2 5 1 2387 2386 2390
7231 2 2 5 1 2848 3845 3916
7232 2 2 5 1 24 25 1891
7233 2 2 5 1 1736 3015 4429
7234 2 2 5 1 2098 2097 3820
7235 2 2 5 1 3903 2286 4073
7236 2 2 5 1 90 91 3733
7237 2 2 5 1 3690 2479 4157
7238 2 2 5 1 3127 3714 4138
7239 2 2 5 1 2362 1576 3645
7240 2 2 5 1 3644 1569 4138
7241 2 2 5 1 1426 1714 3911
7242 2 2 5 1 2208 3270 4112
7243 2 2 5 1 2256 3402 3848
7244 2 2 5 1 3599 3163 4099
7245 2 2 5 1 2238 2786 4141
7246 2 2 5 1 2348 2347 3854
7247 2 2 5 1 3379 4380 4430
7248 2 2 5 1 183 182 3711
7249 2 2 5 1 2302 2300 4353
7250 2 2 5 1 535 723 4158
7251 2 2 5 1 278 279 3973
7252 2 2 5 1 136 135 978
7253 2 2 5 1 3419 2609 4325
7254 2 2 5 1 3804 3394 4046
7255 2 2 5 1 1108 569 4174
7256 2 2 5 1 1985 3352 4008
7257 2 2 5 1 2402 2401 2406
7258 2 2 5 1 1039 3228 4305
7259 2 2 5 1 2319 1407 3966
7260 2 2 5 1 3322 3166 3898
7261 2 2 5 1 3533 3532 4139
7262 2 2 5 1 2526 2525 4367
7263 2 2 5 1 91 92 2419
7264 2 2 5 1 2367 2366 2368
7265 2 2 5 1 2334 4030 4424
7266 2 2 5 1 2238 4141 4230
7267 2 2 5 1 3062 2883 4283
7268 2 2 5 1 3460 1254 4061
7269 2 2 5 1 3894 3520 4331
7270 2 2 5 1 3429 2755 4248
7271 2 2 5 1 2140 2125 3892
7272 2 2 5 1 3213 3468 3469
7273 2 2 5 1 2763 2831 4426
7274 2 2 5 1 1837 1102 3913
7275 2 2 5 1 370 4110 4140
7276 2 2 5 1 3196 1922 3896
7277 2 2 5 1 2544 2542 4131
7278 2 2 5 1 1966 2727 3162
7279 2 2 5 1 3003 384 4236
7280 2 2 5 1 3875 1769 4199
7281 2 2 5 1 1695 1693 4118
7282 2 2 5 1 4081 2456 4490
7283 2 2 5 1 2288 3571 3960
7284 2 2 5 1 372 3173 3986
7285 2 2 5 1 3171 364 4188
7286 2 2 5 1 2916 2910 2917
7287 2 2 5 1 1036 1040 3740
7288 2 2 5 1 1889 3706 3707
7289 2 2 5 1 3760 3261 4363
7290 2 2 5 1 3877 1039 4305
7291 2 2 5 1 2974 3188 3917
7292 2 2 5 1 3372 3791 4069
7293 2 2 5 1 1999 3710 4172
7294 2 2 5 1 1195 3017 4214
7295 2 2 5 1 3512 2707 4423
7296 2 2 5 1 4258 1844 4469
7297 2 2 5 1 3882 4114 4296
7298 2 2 5 1 196 195 1477
7299 2 2 5 1 4131 2542 4479
7300 2 2 5 1 1998 3297 3898
7301 2 2 5 1 3714 3128 3781
7302 2 2 5 1 2437 3525 4422
7303 2 2 5 1 103 102 2501
7304 2 2 5 1 3328 2129 4060
7305 2 2 5 1 2450 2449 2451
7306 2 2 5 1 3224 3877 4305
7307 2 2 5 1 2180 2275 3863
7308 2 2 5 1 3554 2412 3555
7309 2 2 5 1 3631 2005 3857
7310 2 2 5 1 958 976 3831
7311 2 2 5 1 2074 2073 2075
7312 2 2 5 1 2927 2942 3824
7313 2 2 5 1 1966 2555 2727
7314 2 2 5 1 1688 1903 3953
7315 2 2 5 1 3190 2440 3397
7316 2 2 5 1 2906 3236 4447
7317 2 2 5 1 1055 1000 3388
7318 2 2 5 1 3963 3235 4372
7319 2 2 5 1 1477 3699 3753
7320 2 2 5 1 184 183 974
7321 2 2 5 1 2495 2496 2497
7322 2 2 5 1 3248 3157 4153
7323 2 2 5 1 1561 3205 4351
7324 2 2 5 1 744 3136 4420
7325 2 2 5 1 3120 3122 4123
7326 2 2 5 1 2171 2170 3725
7327 2 2 5 1 963 3812 3919
7328 2 2 5 1 3383 1717 3965
7329 2 2 5 1 1973 2171 3840
7330 2 2 5 1 661 511 4410
7331 2 2 5 1 3222 748 3750
7332 2 2 5 1 1455 1011 1456
7333 2 2 5 1 2277 1797 3771
7334 2 2 5 1 1187 1825 3832
7335 2 2 5 1 971 4201 4456
7336 2 2 5 1 1975 3377 3836
7337 2 2 5 1 2615 3046 3992
7338 2 2 5 1 3114 3384 4340
7339 2 2 5 1 153 152 4050
7340 2 2 5 1 3296 2155 3958
7341 2 2 5 1 23 24 3706
7342 2 2 5 1 3533 2203 4162
7343 2 2 5 1 1292 1047 3865
7344 2 2 5 1 3236 2513 4447
7345 2 2 5 1 1746 2754 4518
7346 2 2 5 1 3146 2459 3489
7347 2 2 5 1 3618 3617 3619
7348 2 2 5 1 2384 2383 2386
7349 2 2 5 1 2591 4082 4304
7350 2 2 5 1 2048 2047 2051
7351 2 2 5 1 1575 1972 3645
7352 2 2 5 1 2167 3048 4427
7353 2 2 5 1 748 750 3750
7354 2 2 5 1 3553 3426 4087
7355 2 2 5 1 2221 3114 4340
7356 2 2 5 1 2362 3645 4197
7357 2 2 5 1 3048 4108 4427
7358 2 2 5 1 2948 2945 3799
7359 2 2 5 1 2613 1139 4332
7360 2 2 5 1 2265 3681 4178
7361 2 2 5 1 1455 1456 1457
7362 2 2 5 1 2125 3538 3892
7363 2 2 5 1 114 113 4012
7364 2 2 5 1 3399 2485 4362
7365 2 2 5 1 1427 1426 3911
7366 2 2 5 1 1684 2199 3946
7367 2 2 5 1 1856 1441 3807
7368 2 2 5 1 2003 3843 4095
7369 2 2 5 1 1080 3238 4176
7370 2 2 5 1 2029 2026 2030
7371 2 2 5 1 667 669 3850
7372 2 2 5 1 1735 1737 4231
7373 2 2 5 1 2547 2200 4047
7374 2 2 5 1 734 736 3956
7375 2 2 5 1 1300 597 4252
7376 2 2 5 1 2525 1850 4013
7377 2 2 5 1 189 188 2050
7378 2 2 5 1 3720 1964 3755
7379 2 2 5 1 3669 3816 4250
7380 2 2 5 1 2391 2390 3902
7381 2 2 5 1 3378 1644 4080
7382 2 2 5 1 473 3281 3737
7383 2 2 5 1 3781 3128 4153
7384 2 2 5 1 3000 378 4168
7385 2 2 5 1 935 922 3943
7386 2 2 5 1 2316 4227 4277
7387 2 2 5 1 1080 3905 3947
7388 2 2 5 1 334 335 4030
7389 2 2 5 1 3434 838 4251
7390 2 2 5 1 3365 989 3816
7391 2 2 5 1 3068 3067 4464
7392 2 2 5 1 3424 557 4238
7393 2 2 5 1 3393 2254 3856
7394 2 2 5 1 3207 2534 4021
7395 2 2 5 1 3226 4218 4240
7396 2 2 5 1 1693 1515 1864
7397 2 2 5 1 3090 3714 4482
7398 2 2 5 1 3689 3201 4000
7399 2 2 5 1 2181 2179 4022
7400 2 2 5 1 2563 2481 4465
7401 2 2 5 1 284 285 4040
7402 2 2 5 1 2589 2590 4366
7403 2 2 5 1 971 2863 4201
7404 2 2 5 1 852 47 3420
7405 2 2 5 1 2109 3518 3920
7406 2 2 5 1 2412 2469 3555
7407 2 2 5 1 370 230 4143
7408 2 2 5 1 1983 2235 4031
7409 2 2 5 1 12 13 3764
7410 2 2 5 1 3392 2541 3991
7411 2 2 5 1 3591 3570 3897
7412 2 2 5 1 2012 2017 4055
7413 2 2 5 1 1938 1936 3937
7414 2 2 5 1 4152 1369 4161
7415 2 2 5 1 3789 3052 3790
7416 2 2 5 1 756 790 3704
7417 2 2 5 1 3620 2979 4294
7418 2 2 5 1 807 809 3975
7419 2 2 5 1 3352 1724 4008
7420 2 2 5 1 2541 3063 4289
7421 2 2 5 1 3486 1631 3891
7422 2 2 5 1 2170 2723 3725
7423 2 2 5 1 2820 2882 4268
7424 2 2 5 1 1443 1701 3893
7425 2 2 5 1 1016 3312 4250
7426 2 2 5 1 1681 3327 4022
7427 2 2 5 1 3645 2477 4197
7428 2 2 5 1 4088 2330 4158
7429 2 2 5 1 192 191 3835
7430 2 2 5 1 22 23 1889
7431 2 2 5 1 854 1745 4450
7432 2 2 5 1 2271 2901 4364
7433 2 2 5 1 1873 2250 3993
7434 2 2 5 1 350 3520 3894
7435 2 2 5 1 1510 1511 1516
7436 2 2 5 1 1711 2110 3994
7437 2 2 5 1 2286 2194 4073
7438 2 2 5 1 3533 1444 4399
7439 2 2 5 1 1529 1671 1965
7440 2 2 5 1 2312 2293 2566
7441 2 2 5 1 3136 1223 4372
7442 2 2 5 1 3053 3054 4419
7443 2 2 5 1 2089 3631 3857
7444 2 2 5 1 2881 1323 4369
7445 2 2 5 1 2587 3355 4405
7446 2 2 5 1 452 454 3959
7447 2 2 5 1 2229 3197 4506
7448 2 2 5 1 2539 3999 4406
7449 2 2 5 1 2110 3884 3994
7450 2 2 5 1 2505 2142 3934
7451 2 2 5 1 790 758 3705
7452 2 2 5 1 1271 3384 3839
7453 2 2 5 1 1263 3176 3980
7454 2 2 5 1 3714 3090 4138
7455 2 2 5 1 3463 3464 3549
7456 2 2 5 1 2452 2451 2567
7457 2 2 5 1 3616 3615 3617
7458 2 2 5 1 1040 1216 3740
7459 2 2 5 1 2557 3751 3884
7460 2 2 5 1 421 419 4023
7461 2 2 5 1 2205 2565 4130
7462 2 2 5 1 3735 1580 3824
7463 2 2 5 1 3612 3613 3614
7464 2 2 5 1 995 997 3793
7465 2 2 5 1 3285 3287 4215
7466 2 2 5 1 2947 2945 3862
7467 2 2 5 1 2543 2144 3963
7468 2 2 5 1 1418 1416 3964
7469 2 2 5 1 1965 3722 4391
7470 2 2 5 1 1770 1771 4053
7471 2 2 5 1 2198 3676 4049
7472 2 2 5 1 2422 4025 4485
7473 2 2 5 1 2707 2706 4423
7474 2 2 5 1 1838 1726 4026
7475 2 2 5 1 3286 3285 4006
7476 2 2 5 1 2535 2536 4089
7477 2 2 5 1 3709 3736 3784
7478 2 2 5 1 4225 935 4226
7479 2 2 5 1 3377 1249 3836
7480 2 2 5 1 3036 356 4414
7481 2 2 5 1 2480 2192 3985
7482 2 2 5 1 2825 4163 4182
7483 2 2 5 1 903 905 3932
7484 2 2 5 1 9 10 3535
7485 2 2 5 1 1115 1214 4435
7486 2 2 5 1 107 106 4052
7487 2 2 5 1 3849 3700 4264
7488 2 2 5 1 2096 2594 4190
7489 2 2 5 1 2826 3007 4209
7490 2 2 5 1 2531 2079 3939
7491 2 2 5 1 2297 3214 4003
7492 2 2 5 1 2344 3091 4093
7493 2 2 5 1 3444 828 3446
7494 2 2 5 1 3837 2337 3958
7495 2 2 5 1 365 3178 4045
7496 2 2 5 1 3390 3600 4507
7497 2 2 5 1 1441 1433 3807
7498 2 2 5 1 3164 661 4458
7499 2 2 5 1 1023 2904 4433
7500 2 2 5 1 2501 2913 2914
7501 2 2 5 1 825 829 4207
7502 2 2 5 1 2142 3060 3934
7503 2 2 5 1 4082 3834 4304
7504 2 2 5 1 642 643 3976
7505 2 2 5 1 3634 3633 3635
7506 2 2 5 1 3136 2752 4420
7507 2 2 5 1 64 828 3443
7508 2 2 5 1 1433 1824 3807
7509 2 2 5 1 1451 3667 3886
7510 2 2 5 1 3520 394 4331
7511 2 2 5 1 450 452 3984
7512 2 2 5 1 2382 2381 2383
7513 2 2 5 1 2067 3805 4418
7514 2 2 5 1 13 14 2569
7515 2 2 5 1 21 22 3767
7516 2 2 5 1 151 689 3428
7517 2 2 5 1 689 150 3595
7518 2 2 5 1 1263 3980 4405
7519 2 2 5 1 2430 2438 3353
7520 2 2 5 1 96 97 2370
7521 2 2 5 1 3667 1451 4067
7522 2 2 5 1 1625 2143 3771
7523 2 2 5 1 4031 2235 4216
7524 2 2 5 1 1889 3708 3767
7525 2 2 5 1 2022 2020 2023
7526 2 2 5 1 3278 3553 4087
7527 2 2 5 1 2377 2375 2381
7528 2 2 5 1 2627 1369 4152
7529 2 2 5 1 1965 1671 1966
7530 2 2 5 1 3257 2241 4100
7531 2 2 5 1 3168 1802 3823
7532 2 2 5 1 205 203 2912
7533 2 2 5 1 2031 2030 2032
7534 2 2 5 1 2251 3258 4155
7535 2 2 5 1 3443 3444 3445
7536 2 2 5 1 4370 2715 4402
7537 2 2 5 1 3277 2090 3961
7538 2 2 5 1 2438 3146 3489
7539 2 2 5 1 2501 2909 2913
7540 2 2 5 1 3477 2663 4256
7541 2 2 5 1 286 380 4374
7542 2 2 5 1 2714 2715 4370
7543 2 2 5 1 1949 3789 4035
7544 2 2 5 1 2907 3102 4200
7545 2 2 5 1 1369 1185 4161
7546 2 2 5 1 190 189 3769
7547 2 2 5 1 1312 1174 4037
7548 2 2 5 1 390 3307 4133
7549 2 2 5 1 3242 3811 4051
7550 2 2 5 1 1474 1476 1478
7551 2 2 5 1 3634 2311 4355
7552 2 2 5 1 2897 376 4275
7553 2 2 5 1 3541 3656 3759
7554 2 2 5 1 3022 2593 4441
7555 2 2 5 1 97 98 3803
7556 2 2 5 1 3838 2103 4446
7557 2 2 5 1 3730 2665 3943
7558 2 2 5 1 750 789 3750
7559 2 2 5 1 2088 2322 2992
7560 2 2 5 1 3795 3254 3952
7561 2 2 5 1 2014 2010 2901
7562 2 2 5 1 555 604 4238
7563 2 2 5 1 2850 3120 4123
7564 2 2 5 1 2223 4046 4144
7565 2 2 5 1 2564 3809 4174
7566 2 2 5 1 1529 3878 3989
7567 2 2 5 1 1011 1012 3877
7568 2 2 5 1 3199 2518 4469
7569 2 2 5 1 2033 2032 2042
7570 2 2 5 1 3782 2283 4113
7571 2 2 5 1 1817 1818 4311
7572 2 2 5 1 3682 903 3932
7573 2 2 5 1 1666 1760 4094
7574 2 2 5 1 147 146 4065
7575 2 2 5 1 2521 2216 3908
7576 2 2 5 1 3874 2217 4088
7577 2 2 5 1 3286 3894 4069
7578 2 2 5 1 356 3055 4442
7579 2 2 5 1 2496 3410 4122
7580 2 2 5 1 376 3035 4361
7581 2 2 5 1 1576 1575 3645
7582 2 2 5 1 373 221 4379
7583 2 2 5 1 3085 370 4140
7584 2 2 5 1 3292 1557 4132
7585 2 2 5 1 20 21 1890
7586 2 2 5 1 989 993 3816
7587 2 2 5 1 477 1059 4127
7588 2 2 5 1 1499 1501 1505
7589 2 2 5 1 3058 3509 4412
7590 2 2 5 1 1737 2720 4353
7591 2 2 5 1 2928 2930 2931
7592 2 2 5 1 1413 1329 3996
7593 2 2 5 1 2444 3475 4042
7594 2 2 5 1 2715 2841 4402
7595 2 2 5 1 679 174 3436
7596 2 2 5 1 483 742 3954
7597 2 2 5 1 46 852 3418
7598 2 2 5 1 3317 1379 3941
7599 2 2 5 1 207 201 2946
7600 2 2 5 1 1454 1625 3771
7601 2 2 5 1 1703 2510 3823
7602 2 2 5 1 1158 2727 4448
7603 2 2 5 1 3220 1927 4301
7604 2 2 5 1 14 15 3808
7605 2 2 5 1 2609 2428 4325
7606 2 2 5 1 98 99 1763
7607 2 2 5 1 2099 3399 3899
7608 2 2 5 1 3847 3039 4085
7609 2 2 5 1 3403 3361 4108
7610 2 2 5 1 1850 1851 4013
7611 2 2 5 1 2307 2305 4202
7612 2 2 5 1 2518 2517 4469
7613 2 2 5 1 4027 2526 4072
7614 2 2 5 1 1797 1454 3771
7615 2 2 5 1 2579 2238 4230
7616 2 2 5 1 527 525 4106
7617 2 2 5 1 2501 2914 3409
7618 2 2 5 1 1012 1039 3877
7619 2 2 5 1 2764 2763 4203
7620 2 2 5 1 3777 1532 3787
7621 2 2 5 1 379 3416 4477
7622 2 2 5 1 3511 4006 4215
7623 2 2 5 1 3201 2324 4000
7624 2 2 5 1 2192 2563 3985
7625 2 2 5 1 816 971 4456
7626 2 2 5 1 2336 3457 4277
7627 2 2 5 1 486 412 4297
7628 2 2 5 1 218 216 4319
7629 2 2 5 1 3256 2346 4192
7630 2 2 5 1 2479 2206 4110
7631 2 2 5 1 1506 1507 3989
7632 2 2 5 1 2726 2335 4510
7633 2 2 5 1 175 679 3437
7634 2 2 5 1 3708 1890 3767
7635 2 2 5 1 48 2404 3420
7636 2 2 5 1 4008 3113 4224
7637 2 2 5 1 1483 1485 1528
7638 2 2 5 1 2411 2412 3554
7639 2 2 5 1 828 65 3447
7640 2 2 5 1 2222 2223 4144
7641 2 2 5 1 2203 1695 4118
7642 2 2 5 1 2314 2003 4095
7643 2 2 5 1 2893 486 4500
7644 2 2 5 1 2618 2617 4442
7645 2 2 5 1 1118 1115 4435
7646 2 2 5 1 226 3522 4243
7647 2 2 5 1 3523 259 4242
7648 2 2 5 1 2052 2051 2053
7649 2 2 5 1 3720 1878 3797
7650 2 2 5 1 296 297 4154
7651 2 2 5 1 2199 3358 4328
7652 2 2 5 1 2592 2464 4512
7653 2 2 5 1 1701 2099 3893
7654 2 2 5 1 2131 4055 4302
7655 2 2 5 1 2024 2023 2246
7656 2 2 5 1 1916 3667 3881
7657 2 2 5 1 1254 1265 4061
7658 2 2 5 1 231 232 4157
7659 2 2 5 1 1883 1886 4002
7660 2 2 5 1 1478 1479 1527
7661 2 2 5 1 3154 3986 4462
7662 2 2 5 1 63 3443 3560
7663 2 2 5 1 1492 1497 1555
7664 2 2 5 1 3833 2042 4356
7665 2 2 5 1 2320 1817 4311
7666 2 2 5 1 1507 1510 3989
7667 2 2 5 1 2540 2988 4180
7668 2 2 5 1 2401 2395 3995
7669 2 2 5 1 15 16 3467
7670 2 2 5 1 2099 3773 3893
7671 2 2 5 1 3486 2692 3879
7672 2 2 5 1 2820 4268 4431
7673 2 2 5 1 2126 3375 4017
7674 2 2 5 1 3072 3795 3952
7675 2 2 5 1 3572 1312 4037
7676 2 2 5 1 1156 2198 4326
7677 2 2 5 1 2889 2888 4317
7678 2 2 5 1 2410 2407 4034
7679 2 2 5 1 1864 1515 2721
7680 2 2 5 1 1176 1178 3832
7681 2 2 5 1 2655 1514 4488
7682 2 2 5 1 3375 1871 4017
7683 2 2 5 1 2771 2714 4384
7684 2 2 5 1 669 1381 3850
7685 2 2 5 1 1557 1368 4132
7686 2 2 5 1 165 164 4064
7687 2 2 5 1 2363 2154 4079
7688 2 2 5 1 1928 2963 4217
7689 2 2 5 1 2219 3874 4076
7690 2 2 5 1 3889 2429 4476
7691 2 2 5 1 3912 3389 4397
7692 2 2 5 1 978 3731 3762
7693 2 2 5 1 1898 3367 4480
7694 2 2 5 1 1957 4123 4401
7695 2 2 5 1 3205 3329 4351
7696 2 2 5 1 1584 3328 4060
7697 2 2 5 1 16 17 3814
7698 2 2 5 1 578 1268 4015
7699 2 2 5 1 17 18 1038
7700 2 2 5 1 2369 2368 2371
7701 2 2 5 1 3264 662 4230
7702 2 2 5 1 1914 1882 1915
7703 2 2 5 1 3213 2460 4077
7704 2 2 5 1 3131 3129 4092
7705 2 2 5 1 191 190 973
7706 2 2 5 1 2746 3292 4132
7707 2 2 5 1 1517 1520 1692
7708 2 2 5 1 161 160 4170
7709 2 2 5 1 1223 3963 4372
7710 2 2 5 1 673 823 3869
7711 2 2 5 1 3651 2405 4292
7712 2 2 5 1 2246 2023 2539
7713 2 2 5 1 3462 3642 4341
7714 2 2 5 1 1530 1689 1691
7715 2 2 5 1 2937 3777 3787
7716 2 2 5 1 2898 3838 4446
7717 2 2 5 1 1325 3329 4504
7718 2 2 5 1 2719 1736 4429
7719 2 2 5 1 1652 2627 4511
7720 2 2 5 1 82 83 4103
7721 2 2 5 1 1916 1742 2190
7722 2 2 5 1 2582 3278 4087
7723 2 2 5 1 1181 3887 4125
7724 2 2 5 1 3838 2898 3992
7725 2 2 5 1 351 3133 4482
7726 2 2 5 1 2419 3745 4245
7727 2 2 5 1 3800 2253 4056
7728 2 2 5 1 1972 2477 3645
7729 2 2 5 1 2202 3225 3972
7730 2 2 5 1 3 4 1532
7731 2 2 5 1 3119 2287 4199
7732 2 2 5 1 3069 3068 3070
7733 2 2 5 1 1510 1516 1529
7734 2 2 5 1 3834 3833 4356
7735 2 2 5 1 2291 3821 3842
7736 2 2 5 1 2919 2918 2920
7737 2 2 5 1 4380 2768 4430
7738 2 2 5 1 2616 3652 4296
7739 2 2 5 1 1698 1695 2203
7740 2 2 5 1 1633 3865 4028
7741 2 2 5 1 3667 2190 3886
7742 2 2 5 1 3961 2090 4135
7743 2 2 5 1 2568 2567 2737
7744 2 2 5 1 2106 3526 4085
7745 2 2 5 1 2879 2335 4403
7746 2 2 5 1 4073 2194 4223
7747 2 2 5 1 1394 1219 4307
7748 2 2 5 1 2296 2713 4115
7749 2 2 5 1 2072 3849 4428
7750 2 2 5 1 4108 1837 4427
7751 2 2 5 1 2694 3891 4261
7752 2 2 5 1 3710 2740 4172
7753 2 2 5 1 1529 1516 1671
7754 2 2 5 1 2764 4203 4251
7755 2 2 5 1 2365 2854 2855
7756 2 2 5 1 3619 3617 4204
7757 2 2 5 1 3628 3629 4204
7758 2 2 5 1 2221 2219 4076
7759 2 2 5 1 3261 1332 4363
7760 2 2 5 1 1804 3168 3837
7761 2 2 5 1 1486 3616 4229
7762 2 2 5 1 2708 1834 4398
7763 2 2 5 1 3655 3445 3888
7764 2 2 5 1 3225 1923 3972
7765 2 2 5 1 2186 4051 4119
7766 2 2 5 1 997 999 3844
7767 2 2 5 1 2070 2069 2351
7768 2 2 5 1 3226 1778 4218
7769 2 2 5 1 2253 988 4443
7770 2 2 5 1 302 396 4242
7771 2 2 5 1 395 301 4243
7772 2 2 5 1 389 3390 4507
7773 2 2 5 1 2343 1949 4035
7774 2 2 5 1 2390 2446 2447
7775 2 2 5 1 392 3085 4298
7776 2 2 5 1 2266 2233 4191
7777 2 2 5 1 3661 2205 4130
7778 2 2 5 1 837 85 3481
7779 2 2 5 1 2235 2736 4216
7780 2 2 5 1 2002 3442 4036
7781 2 2 5 1 3433 1629 3948
7782 2 2 5 1 2375 2374 3293
7783 2 2 5 1 2262 2263 4028
7784 2 2 5 1 452 3959 3984
7785 2 2 5 1 1478 1527 2087
7786 2 2 5 1 3914 2297 4003
7787 2 2 5 1 2766 2764 4251
7788 2 2 5 1 4093 3267 4382
7789 2 2 5 1 495 3604 4303
7790 2 2 5 1 2766 4251 4430
7791 2 2 5 1 999 1295 3844
7792 2 2 5 1 2087 2088 2252
7793 2 2 5 1 3656 3541 4388
7794 2 2 5 1 1016 995 3793
7795 2 2 5 1 2909 1519 2910
7796 2 2 5 1 2290 3378 4080
7797 2 2 5 1 2032 2030 2523
7798 2 2 5 1 1639 3694 4166
7799 2 2 5 1 2755 2711 4248
7800 2 2 5 1 2210 3611 3905
7801 2 2 5 1 3698 3697 4175
7802 2 2 5 1 3722 2260 4391
7803 2 2 5 1 2039 3559 4167
7804 2 2 5 1 2904 2329 4433
7805 2 2 5 1 2314 4095 4227
7806 2 2 5 1 993 1016 3816
7807 2 2 5 1 2174 3277 4048
7808 2 2 5 1 1002 111 3456
7809 2 2 5 1 3894 3286 4006
7810 2 2 5 1 2222 4144 4246
7811 2 2 5 1 1444 3533 4162
7812 2 2 5 1 3446 828 3447
7813 2 2 5 1 2217 2182 4088
7814 2 2 5 1 2471 3807 4359
7815 2 2 5 1 2130 3022 4233
7816 2 2 5 1 2054 2053 2165
7817 2 2 5 1 2352 2264 4257
7818 2 2 5 1 2372 2371 2374
7819 2 2 5 1 3443 3445 3560
7820 2 2 5 1 1174 1176 4037
7821 2 2 5 1 2394 2391 3902
7822 2 2 5 1 1569 3127 4138
7823 2 2 5 1 1112 1114 4128
7824 2 2 5 1 8 9 3715
7825 2 2 5 1 695 3779 4044
7826 2 2 5 1 2059 2062 2078
7827 2 2 5 1 1799 4183 4299
7828 2 2 5 1 2398 62 3560
7829 2 2 5 1 2237 2228 4147
7830 2 2 5 1 1879 1690 1880
7831 2 2 5 1 2186 3242 4051
7832 2 2 5 1 2076 2075 2310
7833 2 2 5 1 3432 595 4001
7834 2 2 5 1 3763 1639 4166
7835 2 2 5 1 3441 3231 4169
7836 2 2 5 1 4183 2630 4299
7837 2 2 5 1 789 752 4288
7838 2 2 5 1 3189 3403 4108
7839 2 2 5 1 1178 1187 3832
7840 2 2 5 1 3169 1952 4404
7841 2 2 5 1 2092 2488 2628
7842 2 2 5 1 2072 197 3753
7843 2 2 5 1 1802 1702 3823
7844 2 2 5 1 3270 3406 4357
7845 2 2 5 1 3161 4069 4331
7846 2 2 5 1 149 2243 3595
7847 2 2 5 1 4286 4032 4359
7848 2 2 5 1 2936 3642 3829
7849 2 2 5 1 1852 2526 4027
7850 2 2 5 1 3035 363 4496
7851 2 2 5 1 154 1491 3521
7852 2 2 5 1 3975 2848 4010
7853 2 2 5 1 1421 1423 4394
7854 2 2 5 1 2554 2553 4205
7855 2 2 5 1 2404 49 3524
7856 2 2 5 1 1381 671 3869
7857 2 2 5 1 3388 1003 4267
7858 2 2 5 1 1884 2941 4263
7859 2 2 5 1 2054 2165 4324
7860 2 2 5 1 2511 2512 4338
7861 2 2 5 1 2944 2912 2945
7862 2 2 5 1 2039 177 3558
7863 2 2 5 1 671 673 3869
7864 2 2 5 1 2478 2186 4119
7865 2 2 5 1 2149 3417 4200
7866 2 2 5 1 4062 2379 4103
7867 2 2 5 1 2392 3717 3761
7868 2 2 5 1 3669 2289 4041
7869 2 2 5 1 915 3693 4253
7870 2 2 5 1 19 3783 4195
7871 2 2 5 1 3394 3057 4046
7872 2 2 5 1 922 924 3943
7873 2 2 5 1 66 67 4239
7874 2 2 5 1 2879 1050 4510
7875 2 2 5 1 798 796 4111
7876 2 2 5 1 1302 1325 4504
7877 2 2 5 1 1202 41 3534
7878 2 2 5 1 1991 3915 4473
7879 2 2 5 1 3954 742 4219
7880 2 2 5 1 3436 173 3625
7881 2 2 5 1 176 3437 3558
7882 2 2 5 1 2283 2308 4113
7883 2 2 5 1 2395 2394 3995
7884 2 2 5 1 601 606 4266
7885 2 2 5 1 2644 1968 4185
7886 2 2 5 1 486 4297 4500
7887 2 2 5 1 1481 3623 3882
7888 2 2 5 1 1561 3348 4068
7889 2 2 5 1 211 213 2924
7890 2 2 5 1 2303 1719 3532
7891 2 2 5 1 2051 2047 2591
7892 2 2 5 1 3617 3615 3685
7893 2 2 5 1 3085 4140 4298
7894 2 2 5 1 1505 4005 4179
7895 2 2 5 1 3845 817 3916
7896 2 2 5 1 3635 3633 3663
7897 2 2 5 1 1702 1703 3823
7898 2 2 5 1 2406 2421 2466
7899 2 2 5 1 685 1372 3904
7900 2 2 5 1 4000 2324 4196
7901 2 2 5 1 2246 2539 3949
7902 2 2 5 1 2047 2044 4082
7903 2 2 5 1 4118 3713 4162
7904 2 2 5 1 394 3528 4232
7905 2 2 5 1 2775 2521 3907
7906 2 2 5 1 1740 1869 4474
7907 2 2 5 1 2412 2413 2469
7908 2 2 5 1 2931 2935 2938
7909 2 2 5 1 3361 1837 4108
7910 2 2 5 1 3161 3372 4069
7911 2 2 5 1 350 3894 4006
7912 2 2 5 1 3586 3991 4289
7913 2 2 5 1 3805 3698 4175
7914 2 2 5 1 2316 2314 4227
7915 2 2 5 1 2074 2373 4264
7916 2 2 5 1 3694 3701 4166
7917 2 2 5 1 2436 2463 3761
7918 2 2 5 1 2111 3561 4091
7919 2 2 5 1 2504 3517 3944
7920 2 2 5 1 2200 3901 4047
7921 2 2 5 1 2977 3752 4036
7922 2 2 5 1 1670 3669 4041
7923 2 2 5 1 1715 3345 4358
7924 2 2 5 1 2212 3905 4176
7925 2 2 5 1 683 685 3904
7926 2 2 5 1 4140 3589 4298
7927 2 2 5 1 2155 1804 3837
7928 2 2 5 1 3612 3614 3684
7929 2 2 5 1 3897 2134 4309
7930 2 2 5 1 2718 3169 4404
7931 2 2 5 1 2355 2222 4246
7932 2 2 5 1 2768 2766 4430
7933 2 2 5 1 1890 3709 3783
7934 2 2 5 1 2335 2879 4510
7935 2 2 5 1 1488 145 3550
7936 2 2 5 1 40 1202 3674
7937 2 2 5 1 2406 2401 2421
7938 2 2 5 1 178 2039 3552
7939 2 2 5 1 3487 365 4338
7940 2 2 5 1 3616 3617 3618
7941 2 2 5 1 1754 1437 4337
7942 2 2 5 1 3137 1762 4043
7943 2 2 5 1 2033 2042 3833
7944 2 2 5 1 3789 2837 4035
7945 2 2 5 1 2162 3895 4312
7946 2 2 5 1 3193 1988 4188
7947 2 2 5 1 2236 2745 4511
7948 2 2 5 1 2629 2169 4084
7949 2 2 5 1 3500 360 4397
7950 2 2 5 1 2086 3181 4462
7951 2 2 5 1 2517 3863 4258
7952 2 2 5 1 1059 3737 3979
7953 2 2 5 1 3179 2630 4183
7954 2 2 5 1 3376 1715 4431
7955 2 2 5 1 3736 3548 3784
7956 2 2 5 1 3555 2469 3556
7957 2 2 5 1 2530 3431 4205
7958 2 2 5 1 2725 3424 4238
7959 2 2 5 1 152 3428 4050
7960 2 2 5 1 723 3874 4088
7961 2 2 5 1 3160 3161 4232
7962 2 2 5 1 4003 3214 4160
7963 2 2 5 1 3998 2063 4310
7964 2 2 5 1 3367 2509 4480
7965 2 2 5 1 838 3379 4430
7966 2 2 5 1 2059 2078 4055
7967 2 2 5 1 3475 2439 4075
7968 2 2 5 1 1886 3083 3084
7969 2 2 5 1 1119 1121 4210
7970 2 2 5 1 61 2398 3653
7971 2 2 5 1 4028 2263 4178
7972 2 2 5 1 2936 3641 3642
7973 2 2 5 1 2866 3961 4135
7974 2 2 5 1 3277 3961 4048
7975 2 2 5 1 45 3418 3664
7976 2 2 5 1 3153 3888 3889
7977 2 2 5 1 2087 1527 2088
7978 2 2 5 1 1515 1469 4121
7979 2 2 5 1 2731 2304 4381
7980 2 2 5 1 992 162 3564
7981 2 2 5 1 924 3730 3943
7982 2 2 5 1 1231 1229 4137
7983 2 2 5 1 1379 1302 4504
7984 2 2 5 1 1826 2362 4057
7985 2 2 5 1 1491 153 4050
7986 2 2 5 1 928 3398 4240
7987 2 2 5 1 3874 2733 4076
7988 2 2 5 1 2466 2421 3091
7989 2 2 5 1 3381 683 3904
7990 2 2 5 1 2834 3712 4208
7991 2 2 5 1 1799 3195 4183
7992 2 2 5 1 3329 3204 4134
7993 2 2 5 1 2165 2053 2655
7994 2 2 5 1 101 1519 2909
7995 2 2 5 1 155 3521 3580
7996 2 2 5 1 581 583 4335
7997 2 2 5 1 110 2493 3456
7998 2 2 5 1 1456 1011 3877
7999 2 2 5 1 4078 1522 4499
8000 2 2 5 1 3025 2490 4464
8001 2 2 5 1 2355 4246 4327
8002 2 2 5 1 2194 2562 4223
8003 2 2 5 1 2076 2366 4318
8004 2 2 5 1 2324 2325 4196
8005 2 2 5 1 3563 2157 3977
8006 2 2 5 1 115 1525 3569
8007 2 2 5 1 2513 1799 4299
8008 2 2 5 1 3102 2149 4200
8009 2 2 5 1 3128 3248 4153
8010 2 2 5 1 113 112 4271
8011 2 2 5 1 3534 42 3577
8012 2 2 5 1 3446 3447 3448
8013 2 2 5 1 2044 2043 4082
8014 2 2 5 1 3601 893 4467
8015 2 2 5 1 2165 2655 3100
8016 2 2 5 1 2390 2386 2446
8017 2 2 5 1 3717 2436 3761
8018 2 2 5 1 1035 28 3718
8019 2 2 5 1 1007 1009 3900
8020 2 2 5 1 1914 1915 3012
8021 2 2 5 1 3550 144 3621
8022 2 2 5 1 172 2037 3625
8023 2 2 5 1 2357 2355 4327
8024 2 2 5 1 74 1183 3582
8025 2 2 5 1 3925 2172 3926
8026 2 2 5 1 479 477 4127
8027 2 2 5 1 611 4163 4419
8028 2 2 5 1 2863 3587 4358
8029 2 2 5 1 2498 3477 4256
8030 2 2 5 1 3683 2276 4109
8031 2 2 5 1 3826 389 4507
8032 2 2 5 1 3662 1686 3990
8033 2 2 5 1 359 3170 4343
8034 2 2 5 1 2035 2033 3833
8035 2 2 5 1 1183 75 3585
8036 2 2 5 1 2323 1999 4172
8037 2 2 5 1 2597 4032 4286
8038 2 2 5 1 1524 116 3569
8039 2 2 5 1 991 120 3573
8040 2 2 5 1 3876 2251 4155
8041 2 2 5 1 121 991 3597
8042 2 2 5 1 2630 3239 4299
8043 2 2 5 1 1490 156 3580
8044 2 2 5 1 4128 1114 4295
8045 2 2 5 1 2565 2204 4236
8046 2 2 5 1 2504 2503 3517
8047 2 2 5 1 2407 2406 4034
8048 2 2 5 1 3810 1024 4449
8049 2 2 5 1 3961 1140 4048
8050 2 2 5 1 2514 3601 4467
8051 2 2 5 1 3091 3092 4093
8052 2 2 5 1 2510 3723 4098
8053 2 2 5 1 4163 3053 4419
8054 2 2 5 1 1881 4346 4347
8055 2 2 5 1 1844 3199 4469
8056 2 2 5 1 754 3704 4288
8057 2 2 5 1 3968 3969 4213
8058 2 2 5 1 1357 1448 4189
8059 2 2 5 1 2388 68 3592
8060 2 2 5 1 2662 2282 4398
8061 2 2 5 1 117 1524 3591
8062 2 2 5 1 3774 3466 3827
8063 2 2 5 1 1880 1882 1914
8064 2 2 5 1 1212 4382 4519
8065 2 2 5 1 50 2403 3524
8066 2 2 5 1 7 8 2936
8067 2 2 5 1 2498 2497 2499
8068 2 2 5 1 692 695 4044
8069 2 2 5 1 3314 1862 4370
8070 2 2 5 1 119 2085 3573
8071 2 2 5 1 2347 2279 4116
8072 2 2 5 1 166 1482 3606
8073 2 2 5 1 2268 2266 4339
8074 2 2 5 1 2036 179 3552
8075 2 2 5 1 2502 2499 2503
8076 2 2 5 1 2083 122 3597
8077 2 2 5 1 2085 118 3591
8078 2 2 5 1 157 1490 3610
8079 2 2 5 1 3749 1482 4064
8080 2 2 5 1 3824 1580 3825
8081 2 2 5 1 143 1486 3621
8082 2 2 5 1 1200 37 3673
8083 2 2 5 1 2045 3907 3908
8084 2 2 5 1 2615 4275 4361
8085 2 2 5 1 2542 2543 4479
8086 2 2 5 1 1455 1457 4020
8087 2 2 5 1 3567 3564 4170
8088 2 2 5 1 4 5 3787
8089 2 2 5 1 2390 2447 3902
8090 2 2 5 1 1882 1883 4002
8091 2 2 5 1 158 3610 3620
8092 2 2 5 1 3891 2994 4261
8093 2 2 5 1 2027 159 3620
8094 2 2 5 1 2469 2413 2470
8095 2 2 5 1 2994 1029 4261
8096 2 2 5 1 2037 171 3624
8097 2 2 5 1 2250 2615 4361
8098 2 2 5 1 4390 1775 4468
8099 2 2 5 1 27 1035 3531
8100 2 2 5 1 1669 3691 4403
8101 2 2 5 1 36 1200 3583
8102 2 2 5 1 2294 3635 3819
8103 2 2 5 1 2502 2503 2504
8104 2 2 5 1 2263 2265 4178
8105 2 2 5 1 3402 1974 4180
8106 2 2 5 1 1114 1117 4295
8107 2 2 5 1 2255 3860 4029
8108 2 2 5 1 2396 60 3653
8109 2 2 5 1 2027 3567 4170
8110 2 2 5 1 73 3582 3659
8111 2 2 5 1 167 3606 3623
8112 2 2 5 1 2498 2502 3477
8113 2 2 5 1 3624 170 3652
8114 2 2 5 1 3691 2879 4403
8115 2 2 5 1 2945 2912 3799
8116 2 2 5 1 2638 2672 4326
8117 2 2 5 1 3608 126 3609
8118 2 2 5 1 123 2083 3626
8119 2 2 5 1 1494 127 3608
8120 2 2 5 1 3258 1865 4155
8121 2 2 5 1 1923 1947 3972
8122 2 2 5 1 2412 2410 2413
8123 2 2 5 1 1201 33 3686
8124 2 2 5 1 3426 1832 4087
8125 2 2 5 1 2384 3801 4451
8126 2 2 5 1 3406 3507 4357
8127 2 2 5 1 3917 2826 4209
8128 2 2 5 1 1689 1690 1879
8129 2 2 5 1 1198 56 3636
8130 2 2 5 1 2203 4118 4162
8131 2 2 5 1 378 3291 4168
8132 2 2 5 1 728 788 4281
8133 2 2 5 1 2416 44 3664
8134 2 2 5 1 1486 142 3615
8135 2 2 5 1 800 887 4514
8136 2 2 5 1 1537 1957 4401
8137 2 2 5 1 2075 2073 2081
8138 2 2 5 1 1793 3338 4109
8139 2 2 5 1 1510 1529 3989
8140 2 2 5 1 2232 1408 4322
8141 2 2 5 1 1481 168 3623
8142 2 2 5 1 2663 2492 4256
8143 2 2 5 1 55 1198 3632
8144 2 2 5 1 57 2397 3636
8145 2 2 5 1 169 1481 3652
8146 2 2 5 1 2493 109 3536
8147 2 2 5 1 1327 1561 4351
8148 2 2 5 1 1495 124 3626
8149 2 2 5 1 3948 1629 4169
8150 2 2 5 1 1722 2168 4285
8151 2 2 5 1 738 786 4316
8152 2 2 5 1 2330 2637 4234
8153 2 2 5 1 2461 3721 3885
8154 2 2 5 1 146 1488 4065
8155 2 2 5 1 2946 3798 3799
8156 2 2 5 1 3443 828 3444
8157 2 2 5 1 1502 104 3409
8158 2 2 5 1 3585 76 3638
8159 2 2 5 1 18 19 4195
8160 2 2 5 1 43 2416 3577
8161 2 2 5 1 3281 1680 4177
8162 2 2 5 1 125 1495 3609
8163 2 2 5 1 3752 2002 4036
8164 2 2 5 1 3771 2143 4434
8165 2 2 5 1 94 1182 3584
8166 2 2 5 1 2389 72 3659
8167 2 2 5 1 3149 3152 4415
8168 2 2 5 1 597 591 4252
8169 2 2 5 1 557 555 4238
8170 2 2 5 1 2397 58 3649
8171 2 2 5 1 3304 3826 4507
8172 2 2 5 1 3997 2954 4186
8173 2 2 5 1 54 3632 3650
8174 2 2 5 1 815 818 4333
8175 2 2 5 1 2358 3500 4397
8176 2 2 5 1 2405 53 3650
8177 2 2 5 1 52 2405 3651
8178 2 2 5 1 936 824 4459
8179 2 2 5 1 2024 2246 3910
8180 2 2 5 1 59 2396 3649
8181 2 2 5 1 2403 51 3651
8182 2 2 5 1 32 1201 3594
8183 2 2 5 1 2442 39 3674
8184 2 2 5 1 1525 114 4012
8185 2 2 5 1 4035 1835 4438
8186 2 2 5 1 690 694 4484
8187 2 2 5 1 128 1494 3612
8188 2 2 5 1 694 692 4044
8189 2 2 5 1 3607 1482 3749
8190 2 2 5 1 2536 3209 4089
8191 2 2 5 1 3828 2111 4091
8192 2 2 5 1 2722 2096 4190
8193 2 2 5 1 4004 3661 4130
8194 2 2 5 1 1059 3962 4127
8195 2 2 5 1 3389 2358 4397
8196 2 2 5 1 138 2313 3628
8197 2 2 5 1 2295 133 3633
8198 2 2 5 1 6 7 3829
8199 2 2 5 1 2381 2375 3293
8200 2 2 5 1 3555 3556 4255
8201 2 2 5 1 2938 2939 2941
8202 2 2 5 1 3419 2457 4273
8203 2 2 5 1 3267 1226 4382
8204 2 2 5 1 112 1002 4271
8205 2 2 5 1 3308 2162 4312
8206 2 2 5 1 3448 3447 4239
8207 2 2 5 1 2950 4393 4412
8208 2 2 5 1 813 815 4349
8209 2 2 5 1 621 653 4345
8210 2 2 5 1 3522 392 4517
8211 2 2 5 1 2277 3771 4434
8212 2 2 5 1 3750 789 4481
8213 2 2 5 1 81 2379 3726
8214 2 2 5 1 2927 2926 2928
8215 2 2 5 1 1009 1455 3900
8216 2 2 5 1 4275 376 4361
8217 2 2 5 1 919 935 4225
8218 2 2 5 1 2581 2580 4237
8219 2 2 5 1 180 2036 3647
8220 2 2 5 1 71 2389 3687
8221 2 2 5 1 3925 4212 4425
8222 2 2 5 1 5 6 2937
8223 2 2 5 1 3836 1249 4019
8224 2 2 5 1 2257 3589 4140
8225 2 2 5 1 2498 2499 2502
8226 2 2 5 1 3615 141 3685
8227 2 2 5 1 86 2461 3481
8228 2 2 5 1 3939 3140 4024
8229 2 2 5 1 2049 186 3656
8230 2 2 5 1 2359 3567 4294
8231 2 2 5 1 2566 3218 3978
8232 2 2 5 1 3263 2587 4405
8233 2 2 5 1 1182 95 3586
8234 2 2 5 1 3522 395 4243
8235 2 2 5 1 396 3523 4242
8236 2 2 5 1 2266 4191 4339
8237 2 2 5 1 3447 66 4239
8238 2 2 5 1 3793 997 3844
8239 2 2 5 1 3262 4149 4193
8240 2 2 5 1 2313 137 3627
8241 2 2 5 1 69 2385 3592
8242 2 2 5 1 3541 2833 4388
8243 2 2 5 1 723 4088 4158
8244 2 2 5 1 38 2442 3673
8245 2 2 5 1 956 3599 4099
8246 2 2 5 1 2043 3833 3834
8247 2 2 5 1 2026 2024 3910
8248 2 2 5 1 3418 852 3419
8249 2 2 5 1 77 2380 3638
8250 2 2 5 1 2495 2497 2498
8251 2 2 5 1 2463 2535 3761
8252 2 2 5 1 1775 1773 4468
8253 2 2 5 1 2528 2737 4187
8254 2 2 5 1 129 3612 3684
8255 2 2 5 1 3633 132 3663
8256 2 2 5 1 2388 3448 4239
8257 2 2 5 1 2084 3135 4309
8258 2 2 5 1 134 2295 3731
8259 2 2 5 1 3355 1263 4405
8260 2 2 5 1 3137 4043 4244
8261 2 2 5 1 1154 1007 3900
8262 2 2 5 1 2103 2559 4446
8263 2 2 5 1 196 1477 3753
8264 2 2 5 1 393 3511 4215
8265 2 2 5 1 895 3424 4112
8266 2 2 5 1 2457 3419 4325
8267 2 2 5 1 2069 2056 4324
8268 2 2 5 1 4158 2330 4234
8269 2 2 5 1 360 3912 4397
8270 2 2 5 1 3338 3683 4109
8271 2 2 5 1 3006 3979 4177
8272 2 2 5 1 2081 3923 4033
8273 2 2 5 1 2512 3487 4338
8274 2 2 5 1 4269 2443 4478
8275 2 2 5 1 4071 3651 4292
8276 2 2 5 1 4498 3792 4516
8277 2 2 5 1 3865 2262 4028
8278 2 2 5 1 108 1503 3536
8279 2 2 5 1 2460 2592 4512
8280 2 2 5 1 2441 35 3583
8281 2 2 5 1 4055 2078 4302
8282 2 2 5 1 2385 70 3687
8283 2 2 5 1 2431 2426 2433
8284 2 2 5 1 611 3646 4163
8285 2 2 5 1 2925 2926 2927
8286 2 2 5 1 34 2441 3686
8287 2 2 5 1 815 4333 4349
8288 2 2 5 1 1176 3832 4037
8289 2 2 5 1 4169 3231 4433
8290 2 2 5 1 3564 161 4170
8291 2 2 5 1 3416 2524 4477
8292 2 2 5 1 1487 139 3628
8293 2 2 5 1 67 2388 4239
8294 2 2 5 1 1452 11 3544
8295 2 2 5 1 3792 2277 4290
8296 2 2 5 1 3358 1193 4328
8297 2 2 5 1 829 833 4207
8298 2 2 5 1 1482 165 4064
8299 2 2 5 1 4113 2308 4375
8300 2 2 5 1 2798 3493 4214
8301 2 2 5 1 103 2501 3409
8302 2 2 5 1 1488 3550 3551
8303 2 2 5 1 3526 1624 4085
8304 2 2 5 1 140 1487 3685
8305 2 2 5 1 1862 2239 4384
8306 2 2 5 1 2332 2334 4424
8307 2 2 5 1 2505 3934 4475
8308 2 2 5 1 2392 3761 4090
8309 2 2 5 1 4281 788 4505
8310 2 2 5 1 106 105 4396
8311 2 2 5 1 3702 1669 4129
8312 2 2 5 1 4067 1451 4101
8313 2 2 5 1 2039 3558 3559
8314 2 2 5 1 1496 130 3684
8315 2 2 5 1 3924 2172 3925
8316 2 2 5 1 160 2027 4170
8317 2 2 5 1 3666 1425 4102
8318 2 2 5 1 131 1496 3663
8319 2 2 5 1 3887 2190 4125
8320 2 2 5 1 1372 687 4484
8321 2 2 5 1 187 2049 3657
8322 2 2 5 1 1976 2561 4386
8323 2 2 5 1 2380 78 3679
8324 2 2 5 1 786 787 4455
8325 2 2 5 1 215 217 2950
8326 2 2 5 1 2085 3591 3897
8327 2 2 5 1 3262 1775 4149
8328 2 2 5 1 2933 3494 3495
8329 2 2 5 1 29 2454 3718
8330 2 2 5 1 2917 2918 2919
8331 2 2 5 1 2531 3939 4024
8332 2 2 5 1 3231 1023 4433
8333 2 2 5 1 2038 181 3647
8334 2 2 5 1 3642 3461 4494
8335 2 2 5 1 1716 1877 4444
8336 2 2 5 1 4317 786 4455
8337 2 2 5 1 1527 1479 4016
8338 2 2 5 1 2321 193 3696
8339 2 2 5 1 31 3594 3671
8340 2 2 5 1 2056 2054 4324
8341 2 2 5 1 2351 2069 2506
8342 2 2 5 1 2374 2371 3137
8343 2 2 5 1 2389 3659 3931
8344 2 2 5 1 1036 3740 4058
8345 2 2 5 1 213 215 3509
8346 2 2 5 1 2658 2312 3933
8347 2 2 5 1 2913 2916 2943
8348 2 2 5 1 3921 1526 3922
8349 2 2 5 1 2252 3800 4056
8350 2 2 5 1 3367 1985 4224
8351 2 2 5 1 2408 3353 3489
8352 2 2 5 1 3641 2936 3715
8353 2 2 5 1 2432 3115 4269
8354 2 2 5 1 1497 1499 4007
8355 2 2 5 1 3656 185 3759
8356 2 2 5 1 2274 2273 4126
8357 2 2 5 1 3483 2195 4221
8358 2 2 5 1 2379 82 4103
8359 2 2 5 1 26 3531 3672
8360 2 2 5 1 2404 3524 3525
8361 2 2 5 1 3809 1108 4174
8362 2 2 5 1 2243 148 4486
8363 2 2 5 1 208 199 2934
8364 2 2 5 1 2226 2133 4409
8365 2 2 5 1 1283 1682 4491
8366 2 2 5 1 3606 1482 3607
8367 2 2 5 1 2378 80 3726
8368 2 2 5 1 3625 2037 4105
8369 2 2 5 1 2585 4225 4226
8370 2 2 5 1 2920 2925 2929
8371 2 2 5 1 2591 2047 4082
8372 2 2 5 1 1213 3513 4506
8373 2 2 5 1 2287 3875 4199
8374 2 2 5 1 4063 3210 4407
8375 2 2 5 1 93 3584 3745
8376 2 2 5 1 2721 1515 4121
8377 2 2 5 1 2520 4105 4421
8378 2 2 5 1 2421 2401 3995
8379 2 2 5 1 4382 1226 4519
8380 2 2 5 1 3020 3955 4059
8381 2 2 5 1 1486 3615 3616
8382 2 2 5 1 2503 3518 4249
8383 2 2 5 1 1915 1882 4002
8384 2 2 5 1 3737 3281 4177
8385 2 2 5 1 3934 853 4475
8386 2 2 5 1 1 218 2923
8387 2 2 5 1 3626 2083 3796
8388 2 2 5 1 1629 3441 4169
8389 2 2 5 1 2497 2496 4122
8390 2 2 5 1 1501 1506 4005
8391 2 2 5 1 3612 1494 3613
8392 2 2 5 1 752 754 4288
8393 2 2 5 1 2503 2499 4360
8394 2 2 5 1 4006 3285 4215
8395 2 2 5 1 148 147 4486
8396 2 2 5 1 79 2378 3679
8397 2 2 5 1 1624 3847 4085
8398 2 2 5 1 194 2321 3697
8399 2 2 5 1 2368 2366 3026
8400 2 2 5 1 2279 2259 4222
8401 2 2 5 1 2396 3653 3654
8402 2 2 5 1 136 978 3627
8403 2 2 5 1 2043 2035 3833
8404 2 2 5 1 1039 1033 4058
8405 2 2 5 1 2466 3091 4146
8406 2 2 5 1 2867 1616 4465
8407 2 2 5 1 978 135 3731
8408 2 2 5 1 1886 3084 4002
8409 2 2 5 1 2461 87 3721
8410 2 2 5 1 2020 2015 3999
8411 2 2 5 1 3628 2313 3629
8412 2 2 5 1 2949 3058 4412
8413 2 2 5 1 1183 3585 4021
8414 2 2 5 1 3032 3388 3883
8415 2 2 5 1 594 3433 4194
8416 2 2 5 1 2454 30 3671
8417 2 2 5 1 3353 2438 3489
8418 2 2 5 1 2240 3763 4166
8419 2 2 5 1 3574 1739 4314
8420 2 2 5 1 2420 3213 4077
8421 2 2 5 1 1485 1492 4038
8422 2 2 5 1 3721 88 3724
8423 2 2 5 1 2914 2913 2943
8424 2 2 5 1 1891 25 3672
8425 2 2 5 1 2535 4089 4090
8426 2 2 5 1 2 3969 3970
8427 2 2 5 1 3734 2419 4245
8428 2 2 5 1 3448 2388 4247
8429 2 2 5 1 3907 2521 3908
8430 2 2 5 1 1226 4211 4519
8431 2 2 5 1 2539 2023 3999
8432 2 2 5 1 3822 1372 4484
8433 2 2 5 1 3632 1198 3692
8434 2 2 5 1 2397 3649 3858
8435 2 2 5 1 182 2038 3711
8436 2 2 5 1 3647 2036 3768
8437 2 2 5 1 2295 3633 3634
8438 2 2 5 1 895 4112 4357
8439 2 2 5 1 2403 3651 4071
8440 2 2 5 1 3415 2343 4438
8441 2 2 5 1 1479 1483 4016
8442 2 2 5 1 3922 2081 4413
8443 2 2 5 1 89 1846 3724
8444 2 2 5 1 1033 1036 4058
8445 2 2 5 1 2962 3778 4400
8446 2 2 5 1 2949 2948 3799
8447 2 2 5 1 1503 107 4052
8448 2 2 5 1 4115 2713 4228
8449 2 2 5 1 2727 2555 4448
8450 2 2 5 1 3379 1948 4380
8451 2 2 5 1 3577 2416 3578
8452 2 2 5 1 2419 92 3745
8453 2 2 5 1 4123 3122 4401
8454 2 2 5 1 977 3810 4443
8455 2 2 5 1 214 212 3497
8456 2 2 5 1 1932 1930 4473
8457 2 2 5 1 1693 1864 4118
8458 2 2 5 1 10 1452 3535
8459 2 2 5 1 3701 2240 4166
8460 2 2 5 1 2346 2834 4192
8461 2 2 5 1 2305 3483 4202
8462 2 2 5 1 1846 90 3733
8463 2 2 5 1 594 4194 4270
8464 2 2 5 1 2312 2566 3933
8465 2 2 5 1 3535 3640 3641
8466 2 2 5 1 2413 2410 4034
8467 2 2 5 1 1739 3512 4423
8468 2 2 5 1 1005 1154 4267
8469 2 2 5 1 3905 1080 4176
8470 2 2 5 1 3587 2820 4431
8471 2 2 5 1 1763 99 2770
8472 2 2 5 1 91 2419 3733
8473 2 2 5 1 2563 3262 4193
8474 2 2 5 1 1477 195 3697
8475 2 2 5 1 3693 2258 4253
8476 2 2 5 1 2166 2326 4184
8477 2 2 5 1 105 1502 4396
8478 2 2 5 1 184 974 3759
8479 2 2 5 1 2073 2070 4413
8480 2 2 5 1 4012 113 4271
8481 2 2 5 1 2917 2919 3598
8482 2 2 5 1 3327 2547 4303
8483 2 2 5 1 3778 785 4400
8484 2 2 5 1 3544 12 3764
8485 2 2 5 1 3546 3574 4314
8486 2 2 5 1 1003 1005 4267
8487 2 2 5 1 2481 2867 4465
8488 2 2 5 1 2499 2500 4360
8489 2 2 5 1 3704 790 4096
8490 2 2 5 1 24 1891 3706
8491 2 2 5 1 1477 3697 3698
8492 2 2 5 1 2343 4035 4438
8493 2 2 5 1 3 1532 3969
8494 2 2 5 1 3696 192 3835
8495 2 2 5 1 3878 1965 4391
8496 2 2 5 1 3470 4062 4103
8497 2 2 5 1 3888 2429 3889
8498 2 2 5 1 974 183 3711
8499 2 2 5 1 1478 2087 4124
8500 2 2 5 1 2090 3861 4135
8501 2 2 5 1 2945 2948 3862
8502 2 2 5 1 2350 3937 4332
8503 2 2 5 1 3704 3182 4288
8504 2 2 5 1 3433 3948 4194
8505 2 2 5 1 2050 188 3657
8506 2 2 5 1 3214 3838 4160
8507 2 2 5 1 4018 2320 4311
8508 2 2 5 1 3535 3641 3715
8509 2 2 5 1 214 3497 4320
8510 2 2 5 1 3783 3709 3784
8511 2 2 5 1 820 4010 4291
8512 2 2 5 1 3854 2347 3855
8513 2 2 5 1 974 3711 3712
8514 2 2 5 1 3589 2621 4298
8515 2 2 5 1 3425 594 4270
8516 2 2 5 1 2062 2092 4070
8517 2 2 5 1 3567 2027 4294
8518 2 2 5 1 1035 3718 3719
8519 2 2 5 1 4235 1268 4417
8520 2 2 5 1 1952 3364 4404
8521 2 2 5 1 3979 3737 4177
8522 2 2 5 1 3235 2752 4372
8523 2 2 5 1 2547 4120 4303
8524 2 2 5 1 4084 2728 4150
8525 2 2 5 1 2773 4235 4417
8526 2 2 5 1 4092 3130 4363
8527 2 2 5 1 2523 2030 3910
8528 2 2 5 1 3813 1916 3881
8529 2 2 5 1 1742 1199 4125
8530 2 2 5 1 3477 2502 4078
8531 2 2 5 1 3714 3781 4482
8532 2 2 5 1 3566 3749 4064
8533 2 2 5 1 3801 2384 4471
8534 2 2 5 1 3925 3926 4212
8535 2 2 5 1 2309 2307 4493
8536 2 2 5 1 4410 2637 4458
8537 2 2 5 1 3153 3655 3888
8538 2 2 5 1 2351 2506 3921
8539 2 2 5 1 2030 2026 3910
8540 2 2 5 1 2567 2451 4014
8541 2 2 5 1 2329 3948 4169
8542 2 2 5 1 2071 3700 4097
8543 2 2 5 1 785 728 4281
8544 2 2 5 1 3630 2658 3933
8545 2 2 5 1 3342 1471 4124
8546 2 2 5 1 2239 3842 4489
8547 2 2 5 1 3754 2309 4493
8548 2 2 5 1 2406 2466 4034
8549 2 2 5 1 2571 2327 4371
8550 2 2 5 1 694 3822 4484
8551 2 2 5 1 2329 4169 4433
8552 2 2 5 1 3700 2071 4264
8553 2 2 5 1 3703 928 4240
8554 2 2 5 1 3624 2616 4421
8555 2 2 5 1 3041 2455 4171
8556 2 2 5 1 4110 370 4143
8557 2 2 5 1 1214 4216 4435
8558 2 2 5 1 2737 1888 4187
8559 2 2 5 1 1927 3450 4301
8560 2 2 5 1 3889 2414 3890
8561 2 2 5 1 96 2370 3586
8562 2 2 5 1 1289 3665 4340
8563 2 2 5 1 3660 1632 4426
8564 2 2 5 1 2087 3342 4124
8565 2 2 5 1 2629 4084 4150
8566 2 2 5 1 1889 23 3706
8567 2 2 5 1 2351 3922 4413
8568 2 2 5 1 2050 3657 3872
8569 2 2 5 1 3700 2361 4097
8570 2 2 5 1 3713 1444 4162
8571 2 2 5 1 147 4065 4486
8572 2 2 5 1 3855 2347 4116
8573 2 2 5 1 2446 4083 4463
8574 2 2 5 1 2459 3149 4415
8575 2 2 5 1 2502 2504 4078
8576 2 2 5 1 1154 3883 4267
8577 2 2 5 1 3702 4129 4262
8578 2 2 5 1 3060 3472 4156
8579 2 2 5 1 3087 3876 4155
8580 2 2 5 1 1081 3854 3855
8581 2 2 5 1 3396 611 4419
8582 2 2 5 1 2940 2933 4104
8583 2 2 5 1 2076 2310 3971
8584 2 2 5 1 2148 3805 4175
8585 2 2 5 1 3551 2712 4066
8586 2 2 5 1 3880 2078 4070
8587 2 2 5 1 3736 2456 4081
8588 2 2 5 1 3915 3038 4473
8589 2 2 5 1 2628 3880 4070
8590 2 2 5 1 2775 3907 4260
8591 2 2 5 1 940 3702 4262
8592 2 2 5 1 3972 1947 4498
8593 2 2 5 1 3900 1455 4020
8594 2 2 5 1 2442 3674 4075
8595 2 2 5 1 1517 1692 4164
8596 2 2 5 1 1499 1505 4007
8597 2 2 5 1 4074 2606 4208
8598 2 2 5 1 921 3399 4362
8599 2 2 5 1 3775 2544 4131
8600 2 2 5 1 3781 351 4482
8601 2 2 5 1 2919 2920 3982
8602 2 2 5 1 2165 3100 4009
8603 2 2 5 1 1505 1501 4005
8604 2 2 5 1 3518 2109 4249
8605 2 2 5 1 2802 3775 4131
8606 2 2 5 1 2528 3463 3549
8607 2 2 5 1 13 2569 3764
8608 2 2 5 1 4201 2863 4358
8609 2 2 5 1 3733 2419 3734
8610 2 2 5 1 2932 2940 4104
8611 2 2 5 1 4065 1488 4066
8612 2 2 5 1 2655 2053 4241
8613 2 2 5 1 2289 3669 4250
8614 2 2 5 1 3933 2566 3978
8615 2 2 5 1 2855 4276 4428
8616 2 2 5 1 4393 2951 4412
8617 2 2 5 1 4052 106 4396
8618 2 2 5 1 1824 4286 4359
8619 2 2 5 1 1745 4156 4159
8620 2 2 5 1 1692 1520 4107
8621 2 2 5 1 2234 3065 4346
8622 2 2 5 1 3495 3496 3498
8623 2 2 5 1 1555 1497 4007
8624 2 2 5 1 2517 4258 4469
8625 2 2 5 1 22 1889 3767
8626 2 2 5 1 2078 3880 4302
8627 2 2 5 1 2937 3829 4494
8628 2 2 5 1 2547 4047 4120
8629 2 2 5 1 189 2050 3769
8630 2 2 5 1 2570 1173 4466
8631 2 2 5 1 3883 3388 4267
8632 2 2 5 1 1520 1530 4107
8633 2 2 5 1 2169 3935 4084
8634 2 2 5 1 2081 2073 4413
8635 2 2 5 1 4203 2763 4426
8636 2 2 5 1 2043 3834 4082
8637 2 2 5 1 2233 4059 4191
8638 2 2 5 1 2379 4062 4063
8639 2 2 5 1 3670 2443 3868
8640 2 2 5 1 1492 1555 4038
8641 2 2 5 1 392 4298 4517
8642 2 2 5 1 2335 4129 4403
8643 2 2 5 1 4116 2279 4222
8644 2 2 5 1 3761 2535 4090
8645 2 2 5 1 3726 2379 4063
8646 2 2 5 1 2366 2076 3971
8647 2 2 5 1 2273 3899 4126
8648 2 2 5 1 1719 1698 4139
8649 2 2 5 1 3507 895 4357
8650 2 2 5 1 357 4004 4130
8651 2 2 5 1 834 3792 4290
8652 2 2 5 1 4089 2445 4090
8653 2 2 5 1 1528 1485 4038
8654 2 2 5 1 3665 2221 4340
8655 2 2 5 1 4120 495 4303
8656 2 2 5 1 1773 2166 4468
8657 2 2 5 1 1471 1474 4124
8658 2 2 5 1 1532 3777 4213
8659 2 2 5 1 2023 2020 3999
8660 2 2 5 1 2294 3819 4452
8661 2 2 5 1 206 202 4378
8662 2 2 5 1 1516 1517 4164
8663 2 2 5 1 1530 1691 4107
8664 2 2 5 1 1824 3662 4286
8665 2 2 5 1 1483 1528 4016
8666 2 2 5 1 2166 4184 4468
8667 2 2 5 1 3293 2152 3918
8668 2 2 5 1 3735 4039 4432
8669 2 2 5 1 3450 2340 4301
8670 2 2 5 1 3067 3025 4464
8671 2 2 5 1 4043 1762 4142
8672 2 2 5 1 4112 3270 4357
8673 2 2 5 1 2923 4319 4461
8674 2 2 5 1 2569 14 3808
8675 2 2 5 1 1890 21 3767
8676 2 2 5 1 3026 2366 3971
8677 2 2 5 1 1268 3425 4417
8678 2 2 5 1 4202 3483 4221
8679 2 2 5 1 3428 3257 4050
8680 2 2 5 1 1698 2203 4139
8681 2 2 5 1 1879 4054 4272
8682 2 2 5 1 2370 97 3803
8683 2 2 5 1 661 4410 4458
8684 2 2 5 1 1671 1516 4164
8685 2 2 5 1 2931 2938 3065
8686 2 2 5 1 1893 4254 4255
8687 2 2 5 1 4071 2465 4422
8688 2 2 5 1 2792 3727 4369
8689 2 2 5 1 3993 2250 4496
8690 2 2 5 1 2414 3889 4476
8691 2 2 5 1 3586 2370 3991
8692 2 2 5 1 687 690 4484
8693 2 2 5 1 2479 4110 4143
8694 2 2 5 1 3863 2275 4258
8695 2 2 5 1 191 973 3835
8696 2 2 5 1 765 3546 4313
8697 2 2 5 1 3430 4065 4066
8698 2 2 5 1 3926 1694 4212
8699 2 2 5 1 3600 3304 4507
8700 2 2 5 1 1866 3533 4399
8701 2 2 5 1 3962 2778 4127
8702 2 2 5 1 1763 2770 3391
8703 2 2 5 1 3937 2613 4332
8704 2 2 5 1 98 1763 3803
8705 2 2 5 1 3609 1495 4145
8706 2 2 5 1 4015 1268 4235
8707 2 2 5 1 3948 2285 4194
8708 2 2 5 1 3819 2141 4452
8709 2 2 5 1 4207 833 4411
8710 2 2 5 1 3930 3929 4461
8711 2 2 5 1 3777 2937 4494
8712 2 2 5 1 9 3535 3715
8713 2 2 5 1 2604 4293 4436
8714 2 2 5 1 4129 2261 4262
8715 2 2 5 1 1947 3792 4498
8716 2 2 5 1 2927 2928 2942
8717 2 2 5 1 4298 2621 4517
8718 2 2 5 1 3829 3642 4494
8719 2 2 5 1 15 3467 3808
8720 2 2 5 1 4156 2317 4159
8721 2 2 5 1 4392 2923 4461
8722 2 2 5 1 3616 3618 4228
8723 2 2 5 1 4314 1739 4423
8724 2 2 5 1 3735 2234 4039
8725 2 2 5 1 3852 744 4420
8726 2 2 5 1 973 190 3769
8727 2 2 5 1 2492 2495 4256
8728 2 2 5 1 2092 2628 4070
8729 2 2 5 1 3882 2272 4114
8730 2 2 5 1 3162 2727 4365
8731 2 2 5 1 2078 2062 4070
8732 2 2 5 1 4134 1379 4504
8733 2 2 5 1 3083 3881 4067
8734 2 2 5 1 3985 2563 4193
8735 2 2 5 1 2732 4390 4468
8736 2 2 5 1 2190 1742 4125
8737 2 2 5 1 3513 2229 4506
8738 2 2 5 1 2506 2069 4324
8739 2 2 5 1 2831 3660 4426
8740 2 2 5 1 1488 3551 4066
8741 2 2 5 1 2452 4081 4490
8742 2 2 5 1 2253 3810 4449
8743 2 2 5 1 2621 3780 4517
8744 2 2 5 1 209 211 3756
8745 2 2 5 1 3517 2503 4249
8746 2 2 5 1 3467 16 3814
8747 2 2 5 1 2963 4281 4505
8748 2 2 5 1 4043 1699 4502
8749 2 2 5 1 2310 4033 4350
8750 2 2 5 1 788 3431 4505
8751 2 2 5 1 3662 3990 4286
8752 2 2 5 1 17 1038 3814
8753 2 2 5 1 3929 3499 4461
8754 2 2 5 1 3532 1719 4139
8755 2 2 5 1 2480 3985 4334
8756 2 2 5 1 2615 3992 4275
8757 2 2 5 1 2008 2860 4497
8758 2 2 5 1 3084 4067 4101
8759 2 2 5 1 3762 3731 4355
8760 2 2 5 1 1521 4282 4408
8761 2 2 5 1 3986 2086 4462
8762 2 2 5 1 2454 3671 4287
8763 2 2 5 1 3084 3083 4067
8764 2 2 5 1 3211 3801 4501
8765 2 2 5 1 3535 1452 3640
8766 2 2 5 1 1891 3672 4293
8767 2 2 5 1 3496 3929 4377
8768 2 2 5 1 3915 1991 4441
8769 2 2 5 1 3544 3764 3765
8770 2 2 5 1 4197 867 4198
8771 2 2 5 1 1038 18 4195
8772 2 2 5 1 2307 3957 4493
8773 2 2 5 1 2706 4314 4423
8774 2 2 5 1 2070 2351 4413
8775 2 2 5 1 2504 3944 4389
8776 2 2 5 1 3707 3041 4171
8777 2 2 5 1 2637 3906 4458
8778 2 2 5 1 2433 3555 4255
8779 2 2 5 1 2948 2949 2951
8780 2 2 5 1 1697 4350 4425
8781 2 2 5 1 3807 1824 4359
8782 2 2 5 1 1532 4 3787
8783 2 2 5 1 4057 2362 4198
8784 2 2 5 1 1474 1478 4124
8785 2 2 5 1 785 4281 4400
8786 2 2 5 1 1522 4078 4389
8787 2 2 5 1 1472 3926 4344
8788 2 2 5 1 2490 3068 4464
8789 2 2 5 1 1580 3735 4432
8790 2 2 5 1 3814 1038 3815
8791 2 2 5 1 3976 643 4366
8792 2 2 5 1 4376 3496 4377
8793 2 2 5 1 1837 3913 4427
8794 2 2 5 1 2569 3808 3827
8795 2 2 5 1 2709 4018 4311
8796 2 2 5 1 1691 1689 4272
8797 2 2 5 1 3938 2318 4509
8798 2 2 5 1 2708 4206 4414
8799 2 2 5 1 1002 3456 4348
8800 2 2 5 1 2447 2446 4463
8801 2 2 5 1 4234 2637 4410
8802 2 2 5 1 2920 2929 3982
8803 2 2 5 1 3425 4270 4417
8804 2 2 5 1 4159 2364 4450
8805 2 2 5 1 2855 2854 4276
8806 2 2 5 1 2362 4197 4198
8807 2 2 5 1 2281 3878 4391
8808 2 2 5 1 3882 3623 4306
8809 2 2 5 1 1481 3882 4296
8810 2 2 5 1 4033 3923 4425
8811 2 2 5 1 1333 4202 4221
8812 2 2 5 1 3897 4309 4416
8813 2 2 5 1 3437 679 4460
8814 2 2 5 1 1885 4187 4274
8815 2 2 5 1 2084 4309 4310
8816 2 2 5 1 2495 2498 4256
8817 2 2 5 1 4392 2951 4393
8818 2 2 5 1 3558 3437 4259
8819 2 2 5 1 1888 4014 4220
8820 2 2 5 1 3810 2253 4443
8821 2 2 5 1 1332 4092 4363
8822 2 2 5 1 3881 3667 4067
8823 2 2 5 1 1845 4083 4502
8824 2 2 5 1 3724 1846 4300
8825 2 2 5 1 3969 3968 3970
8826 2 2 5 1 4032 2471 4359
8827 2 2 5 1 2456 4171 4490
8828 2 2 5 1 3209 3211 4501
8829 2 2 5 1 2936 8 3715
8830 2 2 5 1 4408 1580 4432
8831 2 2 5 1 2477 2274 4509
8832 2 2 5 1 2444 4025 4278
8833 2 2 5 1 3907 2608 4260
8834 2 2 5 1 892 3985 4193
8835 2 2 5 1 1689 1879 4272
8836 2 2 5 1 2014 2901 4406
8837 2 2 5 1 4171 2455 4490
8838 2 2 5 1 4184 2732 4468
8839 2 2 5 1 2051 2591 4241
8840 2 2 5 1 2449 2431 4254
8841 2 2 5 1 3616 4228 4229
8842 2 2 5 1 3981 379 4477
8843 2 2 5 1 4129 1669 4403
8844 2 2 5 1 3926 2172 4344
8845 2 2 5 1 4089 3209 4501
8846 2 2 5 1 4206 3036 4414
8847 2 2 5 1 204 198 2922
8848 2 2 5 1 3607 2272 4306
8849 2 2 5 1 3902 2447 4181
8850 2 2 5 1 3652 1481 4296
8851 2 2 5 1 3792 834 4516
8852 2 2 5 1 2311 3762 4355
8853 2 2 5 1 3293 2374 4244
8854 2 2 5 1 3559 3558 4259
8855 2 2 5 1 4232 3161 4331
8856 2 2 5 1 3664 3418 4273
8857 2 2 5 1 694 4044 4395
8858 2 2 5 1 4078 2504 4389
8859 2 2 5 1 2053 2051 4241
8860 2 2 5 1 3623 3606 4306
8861 2 2 5 1 3345 4201 4358
8862 2 2 5 1 4313 3546 4314
8863 2 2 5 1 3990 2597 4286
8864 2 2 5 1 4086 2226 4409
8865 2 2 5 1 2083 3597 4330
8866 2 2 5 1 2948 2940 3862
8867 2 2 5 1 1494 3608 4323
8868 2 2 5 1 2475 4149 4390
8869 2 2 5 1 837 3481 4515
8870 2 2 5 1 1696 4142 4279
8871 2 2 5 1 3756 3058 3798
8872 2 2 5 1 5 2937 3787
8873 2 2 5 1 4309 3135 4416
8874 2 2 5 1 4290 2277 4434
8875 2 2 5 1 4316 786 4317
8876 2 2 5 1 3606 3607 4306
8877 2 2 5 1 3573 2085 4416
8878 2 2 5 1 2085 3897 4416
8879 2 2 5 1 3613 1494 4323
8880 2 2 5 1 2854 2365 4318
8881 2 2 5 1 7 2936 3829
8882 2 2 5 1 4211 1211 4519
8883 2 2 5 1 1198 3636 4336
8884 2 2 5 1 1697 4212 4280
8885 2 2 5 1 3796 2083 4330
8886 2 2 5 1 4105 2037 4421
8887 2 2 5 1 4149 1775 4390
8888 2 2 5 1 3991 2541 4289
8889 2 2 5 1 3629 2313 4342
8890 2 2 5 1 2427 4269 4478
8891 2 2 5 1 3418 3419 4273
8892 2 2 5 1 4217 2963 4505
8893 2 2 5 1 394 4232 4331
8894 2 2 5 1 2833 4387 4388
8895 2 2 5 1 4090 2445 4470
8896 2 2 5 1 3650 3632 4487
8897 2 2 5 1 3692 1198 4336
8898 2 2 5 1 2937 6 3829
8899 2 2 5 1 2313 3627 4342
8900 2 2 5 1 2037 3624 4421
8901 2 2 5 1 4282 1521 4354
8902 2 2 5 1 2109 4282 4354
8903 2 2 5 1 2295 3634 4355
8904 2 2 5 1 3632 3692 4487
8905 2 2 5 1 4315 2571 4371
8906 2 2 5 1 2888 4316 4317
8907 2 2 5 1 2431 2433 4254
8908 2 2 5 1 3640 3465 4341
8909 2 2 5 1 2374 3137 4244
8910 2 2 5 1 4279 1697 4280
8911 2 2 5 1 2152 3293 4244
8912 2 2 5 1 4350 4033 4425
8913 2 2 5 1 3731 2295 4355
8914 2 2 5 1 1793 4109 4503
8915 2 2 5 1 2932 2947 3862
8916 2 2 5 1 2342 4315 4371
8917 2 2 5 1 3928 2570 4466
8918 2 2 5 1 4259 2775 4260
8919 2 2 5 1 4228 2713 4229
8920 2 2 5 1 1692 4107 4440
8921 2 2 5 1 4150 2728 4440
8922 2 2 5 1 3657 2049 4387
8923 2 2 5 1 2924 213 3509
8924 2 2 5 1 1632 4203 4426
8925 2 2 5 1 3329 4134 4504
8926 2 2 5 1 996 4116 4222
8927 2 2 5 1 3531 1035 4437
8928 2 2 5 1 2519 4056 4449
8929 2 2 5 1 3985 892 4334
8930 2 2 5 1 1696 4279 4280
8931 2 2 5 1 4014 1893 4220
8932 2 2 5 1 3872 3657 4387
8933 2 2 5 1 3641 3640 4341
8934 2 2 5 1 2923 218 4319
8935 2 2 5 1 4254 2433 4255
8936 2 2 5 1 4216 2736 4435
8937 2 2 5 1 2049 3656 4388
8938 2 2 5 1 4065 3430 4486
8939 2 2 5 1 3495 3498 3967
8940 2 2 5 1 4187 1888 4274
8941 2 2 5 1 3067 4012 4271
8942 2 2 5 1 2706 4313 4314
8943 2 2 5 1 2924 3058 3756
8944 2 2 5 1 1035 3719 4437
8945 2 2 5 1 2458 3890 4508
8946 2 2 5 1 3058 2924 3509
8947 2 2 5 1 4319 216 4320
8948 2 2 5 1 2928 2931 4308
8949 2 2 5 1 3672 3531 4436
8950 2 2 5 1 2775 4259 4460
8951 2 2 5 1 4320 3497 4321
8952 2 2 5 1 4452 2141 4453
8953 2 2 5 1 4259 3437 4460
8954 2 2 5 1 4346 1884 4347
8955 2 2 5 1 215 2950 3509
8956 2 2 5 1 3559 4259 4260
8957 2 2 5 1 3733 3734 4483
8958 2 2 5 1 2700 4290 4434
8959 2 2 5 1 1699 4043 4142
8960 2 2 5 1 2929 2925 4457
8961 2 2 5 1 4309 2134 4310
8962 2 2 5 1 4281 2963 4400
8963 2 2 5 1 2457 4325 4485
8964 2 2 5 1 2445 3801 4471
8965 2 2 5 1 211 2924 3756
8966 2 2 5 1 2925 2927 4457
8967 2 2 5 1 1846 3733 4483
8968 2 2 5 1 2344 4093 4382
8969 2 2 5 1 4319 3930 4461
8970 2 2 5 1 2931 3065 4308
8971 2 2 5 1 3798 2949 3799
8972 2 2 5 1 3801 2445 4501
8973 2 2 5 1 1745 4159 4450
8974 2 2 5 1 2465 4071 4292
8975 2 2 5 1 2367 2854 4318
8976 2 2 5 1 4025 2422 4278
8977 2 2 5 1 2420 4077 4451
8978 2 2 5 1 4293 3672 4436
8979 2 2 5 1 3411 4052 4396
8980 2 2 5 1 4077 2382 4451
8981 2 2 5 1 4056 2253 4449
8982 2 2 5 1 2942 2928 4308
8983 2 2 5 1 2272 3882 4306
8984 2 2 5 1 4300 1846 4483
8985 2 2 5 1 2342 4371 4516
8986 2 2 5 1 2387 4470 4471
8987 2 2 5 1 4387 2049 4388
8988 2 2 5 1 3058 2949 3798
8989 2 2 5 1 2373 2855 4428
8990 2 2 5 1 2854 3688 4276
8991 2 2 5 1 1041 3928 4466
8992 2 2 5 1 2061 4452 4453
8993 2 2 5 1 2604 4436 4437
8994 2 2 5 1 4436 3531 4437
8995 2 2 5 1 4470 2445 4471
8996 2 2 5 1 2392 4090 4470
8997 2 2 5 1 2445 4089 4501
8998 2 2 5 1 1531 4408 4432
8999 2 2 5 1 3929 3930 4321
9000 2 2 5 1 4212 1694 4280
9001 2 2 5 1 3461 3777 4494
9002 2 2 5 1 4325 2428 4485
9003 2 2 5 1 3930 4320 4321
9004 2 2 5 1 3499 4392 4461
9005 2 2 5 1 3930 4319 4320
9006 2 2 5 1 200 205 2912
9007 2 2 5 1 201 209 3756
9008 2 2 5 1 219 1 4393
9009 2 2 5 1 198 2 2922
9010 2 2 5 1 199 206 2934
9011 2 2 5 1 202 204 4378
9012 2 2 5 1 203 207 2946
9013 2 2 5 1 2912 203 2946
9014 2 2 5 1 204 2922 4378
9015 2 2 5 1 2934 206 4378
9016 2 2 5 1 210 208 2934
9017 2 2 5 1 212 210 3497
9018 2 2 5 1 225 220 2072
9019 2 2 5 1 220 225 3688
9020 2 2 5 1 4276 225 4428
9021 2 2 5 1 3419 852 3420
9022 2 2 5 1 3582 1183 4021
9023 2 2 5 1 3706 1891 4293
9024 2 2 5 1 3769 2050 3872
9025 2 2 5 1 2371 2368 3026
9026 2 2 5 1 3687 2389 3931
9027 2 2 5 1 3649 2396 3654
9028 2 2 5 1 3420 2404 3525
9029 2 2 5 1 2416 3664 4273
9030 2 2 5 1 3673 2442 4075
9031 2 2 5 1 2451 2449 4254
9032 2 2 5 1 3718 2454 4287
9033 2 2 5 1 2464 3734 4245
9034 2 2 5 1 3391 2770 3688
9035 2 2 5 1 3598 2919 3982
9036 2 2 5 1 2933 3495 3967
9037 2 2 5 1 3497 2934 4321
9038 2 2 5 1 3968 3498 3970
9039 2 2 5 1 3548 3736 4081
$EndElements
